ticker,spread,setup_type,setup_family,setup_score,setup_tier,Setup,RejectClass,Reason,failed_conditions,spot,exp_date,dte,long_strike,short_strike,width,spread_mid,natural_price,estimated_slippage,fill_quality_score,liquidity_quality,spread_mid_width_pct,bs_spread,edge,pop,reward_risk,risk_adjusted_score,short_bid_ask_pct,long_bid_ask_pct,short_vol,short_oi,long_vol,long_oi,Setup_distance_to_ema8_pct,Setup_distance_to_ema21_pct,Setup_distance_to_ema8_atr,Setup_distance_to_ema21_atr,Setup_rs_5d,Setup_rs_20d,Setup_volume_ratio,Setup_atr_percent,regime_bullish,regime_bearish,regime_note,tp_spread_px,sl_spread_px,signal_reason,entry_rule,exit_rule,reject_class,setup_ok,status,exp_str,T,r,long_symbol,short_symbol,long_bid,long_ask,long_last,long_mid,long_mid_note,long_good_quote,long_iv,long_sigma_used,short_bid,short_ask,short_last,short_mid,short_mid_note,short_good_quote,short_iv,short_sigma_used,hist_vol,sigma_avg,bs_long,bs_short,long_d1,long_d2,long_delta,long_gamma,long_vega,long_theta,short_d1,short_d2,short_delta,short_gamma,short_vega,short_theta,spread_delta,spread_gamma,spread_vega,spread_theta,breakeven,max_profit,max_loss,take_profit_frac,debit_stop_loss_frac,credit_stop_loss_mult,time_stop_days,ema21_invalidation,Setup_setup_type,Setup_setup_family,Setup_setup_score,Setup_setup_tier,Setup_setup_points,Setup_failed_conditions,Setup_open,Setup_high,Setup_low,Setup_close,Setup_prev_close,Setup_ema8,Setup_ema21,Setup_ema50,Setup_ema200,Setup_ema8_slope,Setup_ema21_slope,Setup_ema50_slope,Setup_atr14,Setup_range_position,Setup_extension_from_ema8_pct,Setup_rs_60d,Setup_benchmark_symbol,regime_symbols,regime_ema_span,regime_SPY_close,regime_SPY_ema50,regime_SPY_above_ema50,regime_QQQ_close,regime_QQQ_ema50,regime_QQQ_above_ema50
000660.KS,debit,pullback,bull_ema8_reclaim,12,strong_setup,NO,OPTION_CHAIN_REJECT,no options expirations found,close_above_ema21;ema8_above_ema21;ema21_above_ema50;ema21_slope_positive;close_upper_half_range;volume_above_20d_average,1647000.0,,-1,,,,,,,,,,,,,,,,,0,0,0,0,0.0006489311449023888,0.006946361843665353,0.23108653447539193,0.3425647430879922,-0.0071612037352826174,0.10730133940066422,0.7302088573921358,0.0681325353456501,True,False,"SPY: close=770.19, ema50=757.75, above=true; QQQ: close=718.96, ema50=710.45, above=true",,,no options expirations found,,,OPTION_CHAIN_REJECT,False,no options expirations found,,,0.045,,,,,,,,False,,,,,,,,False,,,,,,,,,,,,,,,,,,,,,,,,,,0.5,0.5,2.0,21,1658440.6579565168,pullback,bull_ema8_reclaim,12.0,strong_setup,ema50_above_ema200;ema8_slope_positive;low_near_ema8;low_near_ema21;recent_2_5_day_pullback;reclaimed_ema8;relative_strength_positive;atr_pullback_controlled,close_above_ema21;ema8_above_ema21;ema21_above_ema50;ema21_slope_positive;close_upper_half_range;volume_above_20d_average,1620000.0,1683000.0,1620000.0,1647000.0,1596000.0,1645931.2104043458,1658440.6579565168,1746298.824946626,1481638.7156020447,305.3684559012763,-1144.065795651637,-4053.0132631275337,112214.28571428571,0.42857142857142855,0.0006489311449023888,-0.23222918506483592,QQQ,"SPY,QQQ",50.0,770.1900024414062,757.749642905043,True,718.9600219726562,710.4548482967451,True
000660.KS,credit,pullup,bear_ema8_rejection,16,strong_setup,NO,OPTION_CHAIN_REJECT,no options expirations found,ema50_below_ema200;ema8_slope_negative;failed_ema8_reclaim;volume_above_20d_average,1647000.0,,-1,,,,,,,,,,,,,,,,,0,0,0,0,0.0006489311449023888,0.006946361843665353,0.3303393089364477,0.21886110032384742,-0.0071612037352826174,0.10730133940066422,0.7302088573921358,0.0681325353456501,True,False,"SPY: close=770.19, ema50=757.75, above=true; QQQ: close=718.96, ema50=710.45, above=true",,,no options expirations found,,,OPTION_CHAIN_REJECT,False,no options expirations found,,,0.045,,,,,,,,False,,,,,,,,False,,,,,,,,,,,,,,,,,,,,,,,,,,0.5,0.5,2.0,21,1658440.6579565168,pullup,bear_ema8_rejection,16.0,strong_setup,close_below_ema21;ema8_below_ema21;ema21_below_ema50;ema21_slope_negative;high_near_ema8;high_near_ema21;recent_2_5_day_bounce;close_lower_half_range;relative_weakness_negative;atr_bounce_controlled,ema50_below_ema200;ema8_slope_negative;failed_ema8_reclaim;volume_above_20d_average,1620000.0,1683000.0,1620000.0,1647000.0,1596000.0,1645931.2104043458,1658440.6579565168,1746298.824946626,1481638.7156020447,305.3684559012763,-1144.065795651637,-4053.0132631275337,112214.28571428571,0.42857142857142855,-0.0006489311449023888,-0.23222918506483592,QQQ,"SPY,QQQ",50.0,770.1900024414062,757.749642905043,True,718.9600219726562,710.4548482967451,True
005930.KS,debit,pullback,bull_continuation,9,valid_setup,NO,OPTION_CHAIN_REJECT,no options expirations found,close_above_ema21;ema8_above_ema21;ema21_above_ema50;ema8_slope_positive;ema21_slope_positive;reclaimed_ema8;close_upper_half_range;volume_above_20d_average,255500.0,,-1,,,,,,,,,,,,,,,,,0,0,0,0,0.003408910666249894,0.007258008149819409,0.25265115828986423,0.3168386720368486,-0.009368015545433206,0.11408896844614491,0.6561904785932715,0.0599664523343584,True,False,"SPY: close=770.19, ema50=757.75, above=true; QQQ: close=718.96, ema50=710.45, above=true",,,no options expirations found,,,OPTION_CHAIN_REJECT,False,no options expirations found,,,0.045,,,,,,,,False,,,,,,,,False,,,,,,,,,,,,,,,,,,,,,,,,,,0.5,0.5,2.0,21,257354.42108227886,pullback,bull_continuation,9.0,valid_setup,ema50_above_ema200;low_near_ema8;low_near_ema21;recent_2_5_day_pullback;relative_strength_positive;atr_pullback_controlled,close_above_ema21;ema8_above_ema21;ema21_above_ema50;ema8_slope_positive;ema21_slope_positive;reclaimed_ema8;close_upper_half_range;volume_above_20d_average,254000.0,259000.0,252500.0,255500.0,250000.0,256370.97667522685,257354.42108227886,262997.5414818984,237375.61419379374,-248.8504786362173,-185.44210822790046,-306.0221013019909,15321.42857142857,0.46153846153846156,-0.003408910666249894,-0.19180030464128217,QQQ,"SPY,QQQ",50.0,770.1900024414062,757.749642905043,True,718.9600219726562,710.4548482967451,True
005930.KS,credit,pullup,bear_ema8_rejection,19,strong_setup,NO,OPTION_CHAIN_REJECT,no options expirations found,ema50_below_ema200;volume_above_20d_average,255500.0,,-1,,,,,,,,,,,,,,,,,0,0,0,0,0.003408910666249894,0.007258008149819409,0.17159126595256005,0.10740375220557563,-0.009368015545433206,0.11408896844614491,0.6561904785932715,0.0599664523343584,True,False,"SPY: close=770.19, ema50=757.75, above=true; QQQ: close=718.96, ema50=710.45, above=true",,,no options expirations found,,,OPTION_CHAIN_REJECT,False,no options expirations found,,,0.045,,,,,,,,False,,,,,,,,False,,,,,,,,,,,,,,,,,,,,,,,,,,0.5,0.5,2.0,21,257354.42108227886,pullup,bear_ema8_rejection,19.0,strong_setup,close_below_ema21;ema8_below_ema21;ema21_below_ema50;ema8_slope_negative;ema21_slope_negative;high_near_ema8;high_near_ema21;recent_2_5_day_bounce;failed_ema8_reclaim;close_lower_half_range;relative_weakness_negative;atr_bounce_controlled,ema50_below_ema200;volume_above_20d_average,254000.0,259000.0,252500.0,255500.0,250000.0,256370.97667522685,257354.42108227886,262997.5414818984,237375.61419379374,-248.8504786362173,-185.44210822790046,-306.0221013019909,15321.42857142857,0.46153846153846156,0.003408910666249894,-0.19180030464128217,QQQ,"SPY,QQQ",50.0,770.1900024414062,757.749642905043,True,718.9600219726562,710.4548482967451,True
6273.T,debit,pullback,bull_ema8_reclaim,3,reject,NO,SETUP_REJECT,setup_score_below_near_miss_threshold,close_above_ema21;ema8_above_ema21;ema21_above_ema50;ema8_slope_positive;ema21_slope_positive;low_near_ema8;low_near_ema21;reclaimed_ema8;close_upper_half_range;relative_strength_positive;volume_above_20d_average,67140.0,,-1,,,,,,,,,,,,,,,,,0,0,0,0,0.026469808597718802,0.05499142394690221,0.8977004189244141,1.6836628218449192,-0.04848165304121288,-0.10332909649159328,0.5851549363439827,0.03628877824588281,True,False,"SPY: close=770.19, ema50=757.75, above=true; QQQ: close=718.96, ema50=710.45, above=true",,,setup_score_below_near_miss_threshold,,,SETUP_REJECT,False,setup_score_below_near_miss_threshold,,,0.045,,,,,,,,False,,,,,,,,False,,,,,,,,,,,,,,,,,,,,,,,,,,0.5,0.5,2.0,21,70832.12420379501,pullback,bull_ema8_reclaim,3.0,reject,ema50_above_ema200;recent_2_5_day_pullback;atr_pullback_controlled,close_above_ema21;ema8_above_ema21;ema21_above_ema50;ema8_slope_positive;ema21_slope_positive;low_near_ema8;low_near_ema21;reclaimed_ema8;close_upper_half_range;relative_strength_positive;volume_above_20d_average,66980.0,67770.0,66730.0,67140.0,67020.0,68917.18294925084,70832.12420379501,71311.09473041174,68816.27930938582,-507.7665569288074,-369.21242037951015,-170.2487645065994,2436.4285714285716,0.3942307692307692,-0.026469808597718802,0.04927664146330124,QQQ,"SPY,QQQ",50.0,770.1900024414062,757.749642905043,True,718.9600219726562,710.4548482967451,True
6273.T,credit,pullup,bear_ema8_rejection,13,strong_setup,NO,OPTION_CHAIN_REJECT,no options expirations found,ema50_below_ema200;high_near_ema8;high_near_ema21;failed_ema8_reclaim;volume_above_20d_average,67140.0,,-1,,,,,,,,,,,,,,,,,0,0,0,0,0.026469808597718802,0.05499142394690221,0.47084612399624054,1.2568085269167457,-0.04848165304121288,-0.10332909649159328,0.5851549363439827,0.03628877824588281,True,False,"SPY: close=770.19, ema50=757.75, above=true; QQQ: close=718.96, ema50=710.45, above=true",,,no options expirations found,,,OPTION_CHAIN_REJECT,False,no options expirations found,,,0.045,,,,,,,,False,,,,,,,,False,,,,,,,,,,,,,,,,,,,,,,,,,,0.5,0.5,2.0,21,70832.12420379501,pullup,bear_ema8_rejection,13.0,strong_setup,close_below_ema21;ema8_below_ema21;ema21_below_ema50;ema8_slope_negative;ema21_slope_negative;recent_2_5_day_bounce;close_lower_half_range;relative_weakness_negative;atr_bounce_controlled,ema50_below_ema200;high_near_ema8;high_near_ema21;failed_ema8_reclaim;volume_above_20d_average,66980.0,67770.0,66730.0,67140.0,67020.0,68917.18294925084,70832.12420379501,71311.09473041174,68816.27930938582,-507.7665569288074,-369.21242037951015,-170.2487645065994,2436.4285714285716,0.3942307692307692,0.026469808597718802,0.04927664146330124,QQQ,"SPY,QQQ",50.0,770.1900024414062,757.749642905043,True,718.9600219726562,710.4548482967451,True
6383.T,debit,pullback,bull_ema8_reclaim,4,near_miss,NO,SETUP_REJECT,near_miss setup; below option evaluation threshold,close_above_ema21;ema8_above_ema21;ema21_above_ema50;ema8_slope_positive;ema21_slope_positive;low_near_ema8;low_near_ema21;reclaimed_ema8;relative_strength_positive;volume_above_20d_average,5661.0,,-1,,,,,,,,,,,,,,,,,0,0,0,0,0.010648400556720878,0.04175811568028944,0.9554444958692594,2.0532046750336863,-0.018152849591617892,-0.07790659834227365,0.7676729758564824,0.028339263633381278,True,False,"SPY: close=770.19, ema50=757.75, above=true; QQQ: close=718.96, ema50=710.45, above=true",,,near_miss setup; below option evaluation threshold,,,SETUP_REJECT,False,near_miss setup; below option evaluation threshold,,,0.045,,,,,,,,False,,,,,,,,False,,,,,,,,,,,,,,,,,,,,,,,,,,0.5,0.5,2.0,21,5897.3926928661185,pullback,bull_ema8_reclaim,4.0,near_miss,ema50_above_ema200;recent_2_5_day_pullback;close_upper_half_range;atr_pullback_controlled,close_above_ema21;ema8_above_ema21;ema21_above_ema50;ema8_slope_positive;ema21_slope_positive;low_near_ema8;low_near_ema21;reclaimed_ema8;relative_strength_positive;volume_above_20d_average,5667.0,5676.0,5568.0,5661.0,5610.0,5721.280595551597,5897.3926928661185,6173.598770659426,6113.179200033763,-17.223027300456124,-23.639269286612034,-20.92239880242505,160.42857142857142,0.8611111111111112,-0.010648400556720878,-0.1474522731615696,QQQ,"SPY,QQQ",50.0,770.1900024414062,757.749642905043,True,718.9600219726562,710.4548482967451,True
6383.T,credit,pullup,bear_ema8_rejection,14,strong_setup,NO,OPTION_CHAIN_REJECT,no options expirations found,ema50_below_ema200;high_near_ema21;failed_ema8_reclaim;close_lower_half_range;volume_above_20d_average,5661.0,,-1,,,,,,,,,,,,,,,,,0,0,0,0,0.010648400556720878,0.04175811568028944,0.28224770156827983,1.3800078807327067,-0.018152849591617892,-0.07790659834227365,0.7676729758564824,0.028339263633381278,True,False,"SPY: close=770.19, ema50=757.75, above=true; QQQ: close=718.96, ema50=710.45, above=true",,,no options expirations found,,,OPTION_CHAIN_REJECT,False,no options expirations found,,,0.045,,,,,,,,False,,,,,,,,False,,,,,,,,,,,,,,,,,,,,,,,,,,0.5,0.5,2.0,21,5897.3926928661185,pullup,bear_ema8_rejection,14.0,strong_setup,close_below_ema21;ema8_below_ema21;ema21_below_ema50;ema8_slope_negative;ema21_slope_negative;high_near_ema8;recent_2_5_day_bounce;relative_weakness_negative;atr_bounce_controlled,ema50_below_ema200;high_near_ema21;failed_ema8_reclaim;close_lower_half_range;volume_above_20d_average,5667.0,5676.0,5568.0,5661.0,5610.0,5721.280595551597,5897.3926928661185,6173.598770659426,6113.179200033763,-17.223027300456124,-23.639269286612034,-20.92239880242505,160.42857142857142,0.8611111111111112,0.010648400556720878,-0.1474522731615696,QQQ,"SPY,QQQ",50.0,770.1900024414062,757.749642905043,True,718.9600219726562,710.4548482967451,True
6506.T,debit,pullback,bull_ema8_reclaim,4,near_miss,NO,SETUP_REJECT,near_miss setup; below option evaluation threshold,close_above_ema21;ema8_above_ema21;ema21_above_ema50;ema8_slope_positive;ema21_slope_positive;low_near_ema8;low_near_ema21;reclaimed_ema8;relative_strength_positive;volume_above_20d_average,4570.0,,-1,,,,,,,,,,,,,,,,,0,0,0,0,0.025773494446404994,0.08083510375516306,1.267630686054293,2.773762265179706,-0.053624975317421386,-0.12472294707280107,0.7626551017300236,0.03655829946858394,True,False,"SPY: close=770.19, ema50=757.75, above=true; QQQ: close=718.96, ema50=710.45, above=true",,,near_miss setup; below option evaluation threshold,,,SETUP_REJECT,False,near_miss setup; below option evaluation threshold,,,0.045,,,,,,,,False,,,,,,,,False,,,,,,,,,,,,,,,,,,,,,,,,,,0.5,0.5,2.0,21,4939.416424161095,pullback,bull_ema8_reclaim,4.0,near_miss,ema50_above_ema200;recent_2_5_day_pullback;close_upper_half_range;atr_pullback_controlled,close_above_ema21;ema8_above_ema21;ema21_above_ema50;ema8_slope_positive;ema21_slope_positive;low_near_ema8;low_near_ema21;reclaimed_ema8;relative_strength_positive;volume_above_20d_average,4504.0,4593.0,4476.0,4570.0,4500.0,4687.784869620071,4939.416424161095,5350.038474189073,5281.576241444058,-33.652819891449326,-36.94164241610997,-31.838305068941736,167.07142857142858,0.8034188034188035,-0.025773494446404994,-0.27323535104262486,QQQ,"SPY,QQQ",50.0,770.1900024414062,757.749642905043,True,718.9600219726562,710.4548482967451,True
6506.T,credit,pullup,bear_ema8_rejection,12,strong_setup,NO,OPTION_CHAIN_REJECT,no options expirations found,ema50_below_ema200;high_near_ema8;high_near_ema21;failed_ema8_reclaim;close_lower_half_range;volume_above_20d_average,4570.0,,-1,,,,,,,,,,,,,,,,,0,0,0,0,0.025773494446404994,0.08083510375516306,0.5673314128606205,2.0734629919860335,-0.053624975317421386,-0.12472294707280107,0.7626551017300236,0.03655829946858394,True,False,"SPY: close=770.19, ema50=757.75, above=true; QQQ: close=718.96, ema50=710.45, above=true",,,no options expirations found,,,OPTION_CHAIN_REJECT,False,no options expirations found,,,0.045,,,,,,,,False,,,,,,,,False,,,,,,,,,,,,,,,,,,,,,,,,,,0.5,0.5,2.0,21,4939.416424161095,pullup,bear_ema8_rejection,12.0,strong_setup,close_below_ema21;ema8_below_ema21;ema21_below_ema50;ema8_slope_negative;ema21_slope_negative;recent_2_5_day_bounce;relative_weakness_negative;atr_bounce_controlled,ema50_below_ema200;high_near_ema8;high_near_ema21;failed_ema8_reclaim;close_lower_half_range;volume_above_20d_average,4504.0,4593.0,4476.0,4570.0,4500.0,4687.784869620071,4939.416424161095,5350.038474189073,5281.576241444058,-33.652819891449326,-36.94164241610997,-31.838305068941736,167.07142857142858,0.8034188034188035,0.025773494446404994,-0.27323535104262486,QQQ,"SPY,QQQ",50.0,770.1900024414062,757.749642905043,True,718.9600219726562,710.4548482967451,True
6861.T,debit,pullback,bull_continuation,5,near_miss,NO,SETUP_REJECT,near_miss setup; below option evaluation threshold,close_above_ema21;ema8_above_ema21;ema8_slope_positive;ema21_slope_positive;low_near_ema8;low_near_ema21;recent_2_5_day_pullback;reclaimed_ema8;close_upper_half_range;relative_strength_positive,77720.0,,-1,,,,,,,,,,,,,,,,,0,0,0,0,0.030057632954006912,0.041872335659758626,1.4701968314639975,1.8912692756197238,-0.06669440977602203,-0.08568389099630569,1.2421801835549728,0.028058598632453496,True,False,"SPY: close=770.19, ema50=757.75, above=true; QQQ: close=718.96, ema50=710.45, above=true",,,near_miss setup; below option evaluation threshold,,,SETUP_REJECT,False,near_miss setup; below option evaluation threshold,,,0.045,,,,,,,,False,,,,,,,,False,,,,,,,,,,,,,,,,,,,,,,,,,,0.5,0.5,2.0,21,80974.31792747644,pullback,bull_continuation,5.0,near_miss,ema21_above_ema50;ema50_above_ema200;volume_above_20d_average;atr_pullback_controlled,close_above_ema21;ema8_above_ema21;ema8_slope_positive;ema21_slope_positive;low_near_ema8;low_near_ema21;recent_2_5_day_pullback;reclaimed_ema8;close_upper_half_range;relative_strength_positive,78750.0,79000.0,76850.0,77720.0,77980.0,80056.07923318542,80974.31792747644,79514.93880019846,70491.08031940776,-667.4512094815436,-325.43179274765134,-73.2628081713774,2180.714285714286,0.4046511627906977,-0.030057632954006912,0.029835829962088223,QQQ,"SPY,QQQ",50.0,770.1900024414062,757.749642905043,True,718.9600219726562,710.4548482967451,True
6861.T,credit,pullup,bear_ema8_rejection,13,strong_setup,NO,OPTION_CHAIN_REJECT,no options expirations found,ema21_below_ema50;ema50_below_ema200;high_near_ema21;recent_2_5_day_bounce;failed_ema8_reclaim,77720.0,,-1,,,,,,,,,,,,,,,,,0,0,0,0,0.030057632954006912,0.041872335659758626,0.48428133850625094,0.9053537826619773,-0.06669440977602203,-0.08568389099630569,1.2421801835549728,0.028058598632453496,True,False,"SPY: close=770.19, ema50=757.75, above=true; QQQ: close=718.96, ema50=710.45, above=true",,,no options expirations found,,,OPTION_CHAIN_REJECT,False,no options expirations found,,,0.045,,,,,,,,False,,,,,,,,False,,,,,,,,,,,,,,,,,,,,,,,,,,0.5,0.5,2.0,21,80974.31792747644,pullup,bear_ema8_rejection,13.0,strong_setup,close_below_ema21;ema8_below_ema21;ema8_slope_negative;ema21_slope_negative;high_near_ema8;close_lower_half_range;relative_weakness_negative;volume_above_20d_average;atr_bounce_controlled,ema21_below_ema50;ema50_below_ema200;high_near_ema21;recent_2_5_day_bounce;failed_ema8_reclaim,78750.0,79000.0,76850.0,77720.0,77980.0,80056.07923318542,80974.31792747644,79514.93880019846,70491.08031940776,-667.4512094815436,-325.43179274765134,-73.2628081713774,2180.714285714286,0.4046511627906977,0.030057632954006912,0.029835829962088223,QQQ,"SPY,QQQ",50.0,770.1900024414062,757.749642905043,True,718.9600219726562,710.4548482967451,True
6954.T,debit,pullback,bull_continuation,3,reject,NO,SETUP_REJECT,setup_score_below_near_miss_threshold,close_above_ema21;ema8_above_ema21;ema21_above_ema50;ema50_above_ema200;ema8_slope_positive;ema21_slope_positive;low_near_ema8;low_near_ema21;reclaimed_ema8;relative_strength_positive;volume_above_20d_average,5931.0,,-1,,,,,,,,,,,,,,,,,0,0,0,0,0.0012380590572974542,0.036212635043969606,0.8719939450216452,2.043938635286914,-0.023524830284619713,-0.07197587807386208,0.9789378918089356,0.029843196762771876,True,False,"SPY: close=770.19, ema50=757.75, above=true; QQQ: close=718.96, ema50=710.45, above=true",,,setup_score_below_near_miss_threshold,,,SETUP_REJECT,False,setup_score_below_near_miss_threshold,,,0.045,,,,,,,,False,,,,,,,,False,,,,,,,,,,,,,,,,,,,,,,,,,,0.5,0.5,2.0,21,6145.777138445784,pullback,bull_continuation,3.0,reject,recent_2_5_day_pullback;close_upper_half_range;atr_pullback_controlled,close_above_ema21;ema8_above_ema21;ema21_above_ema50;ema50_above_ema200;ema8_slope_positive;ema21_slope_positive;low_near_ema8;low_near_ema21;reclaimed_ema8;relative_strength_positive;volume_above_20d_average,5796.0,5958.0,5784.0,5931.0,5761.0,5938.342928268831,6145.777138445784,6473.865267673595,6497.64420398357,-2.0979795053799535,-21.47771384457883,-22.15776602749338,177.0,0.8448275862068966,-0.0012380590572974542,-0.1594507311843465,QQQ,"SPY,QQQ",50.0,770.1900024414062,757.749642905043,True,718.9600219726562,710.4548482967451,True
6954.T,credit,pullup,bear_ema8_rejection,17,strong_setup,NO,OPTION_CHAIN_REJECT,no options expirations found,high_near_ema21;close_lower_half_range;volume_above_20d_average,5931.0,,-1,,,,,,,,,,,,,,,,,0,0,0,0,0.0012380590572974542,0.036212635043969606,0.11105690243598192,1.0608877878292866,-0.023524830284619713,-0.07197587807386208,0.9789378918089356,0.029843196762771876,True,False,"SPY: close=770.19, ema50=757.75, above=true; QQQ: close=718.96, ema50=710.45, above=true",,,no options expirations found,,,OPTION_CHAIN_REJECT,False,no options expirations found,,,0.045,,,,,,,,False,,,,,,,,False,,,,,,,,,,,,,,,,,,,,,,,,,,0.5,0.5,2.0,21,6145.777138445784,pullup,bear_ema8_rejection,17.0,strong_setup,close_below_ema21;ema8_below_ema21;ema21_below_ema50;ema50_below_ema200;ema8_slope_negative;ema21_slope_negative;high_near_ema8;recent_2_5_day_bounce;failed_ema8_reclaim;relative_weakness_negative;atr_bounce_controlled,high_near_ema21;close_lower_half_range;volume_above_20d_average,5796.0,5958.0,5784.0,5931.0,5761.0,5938.342928268831,6145.777138445784,6473.865267673595,6497.64420398357,-2.0979795053799535,-21.47771384457883,-22.15776602749338,177.0,0.8448275862068966,0.0012380590572974542,-0.1594507311843465,QQQ,"SPY,QQQ",50.0,770.1900024414062,757.749642905043,True,718.9600219726562,710.4548482967451,True
AAPL,debit,pullback,bull_ema8_pullback,16,strong_setup,NO,PRICING_REJECT,spread mid/width too high (37.4%>20.0%),ema8_slope_positive;reclaimed_ema8;close_upper_half_range;volume_above_20d_average,319.9700012207031,2026-12-18,102,325.0,350.0,25.0,9.35,9.649999999999999,0.29999999999999893,94.35365013402505,excellent,0.374,,,,,,0.025316455696202552,0.023188405797101366,1285,22702,386,6009,0.0016525282734880789,0.010013706994958363,0.3550832622230333,0.14722205707900016,-0.0026869323087865826,0.026820861062466617,0.9974457220667698,0.023225386672506246,True,False,"SPY: close=770.19, ema50=757.75, above=true; QQQ: close=718.96, ema50=710.45, above=true",,,spread mid/width too high (37.4%>20.0%),,,PRICING_REJECT,False,spread mid/width too high (37.4%>20.0%),2026-12-18,0.27945205479452057,0.045,AAPL261218C00325000,AAPL261218C00350000,17.05,17.45,17.15,17.25,"mid=avg(bid,ask)",True,0.29090064575195307,,7.8,8.0,7.9,7.9,"mid=avg(bid,ask)",True,0.2741466629028321,,0.32414179856669634,,,,,,,,,,,,,,,,,,,,,,,0.5,0.5,2.0,21,316.76591538130253,pullback,bull_ema8_pullback,16.0,strong_setup,close_above_ema21;ema8_above_ema21;ema21_above_ema50;ema50_above_ema200;ema21_slope_positive;low_near_ema8;low_near_ema21;recent_2_5_day_pullback;relative_strength_positive;atr_pullback_controlled,ema8_slope_positive;reclaimed_ema8;close_upper_half_range;volume_above_20d_average,328.30999755859375,328.92999267578125,317.8599853515625,319.9700012207031,328.2099914550781,320.49876069438835,316.76591538130253,312.48773011459514,289.19926086717396,-0.1510741353386038,0.32040858394003635,0.3053988206574445,7.431427001953125,0.19060654680185918,-0.0016525282734880789,0.060937725397881115,QQQ,"SPY,QQQ",50.0,770.1900024414062,757.749642905043,True,718.9600219726562,710.4548482967451,True
AAPL,credit,pullup,bear_continuation,6,watchlist,NO,SETUP_REJECT,watchlist setup; below option evaluation threshold,close_below_ema21;ema8_below_ema21;ema21_below_ema50;ema50_below_ema200;ema21_slope_negative;high_near_ema8;high_near_ema21;failed_ema8_reclaim;volume_above_20d_average,319.9700012207031,,-1,,,,,,,,,,,,,,,,,0,0,0,0,0.0016525282734880789,0.010013706994958363,1.1345374151124683,1.6368427344145018,-0.0026869323087865826,0.026820861062466617,0.9974457220667698,0.023225386672506246,True,False,"SPY: close=770.19, ema50=757.75, above=true; QQQ: close=718.96, ema50=710.45, above=true",,,watchlist setup; below option evaluation threshold,,,SETUP_REJECT,False,watchlist setup; below option evaluation threshold,,,0.045,,,,,,,,False,,,,,,,,False,,,,,,,,,,,,,,,,,,,,,,,,,,0.5,0.5,2.0,21,316.76591538130253,pullup,bear_continuation,6.0,watchlist,ema8_slope_negative;recent_2_5_day_bounce;close_lower_half_range;relative_weakness_negative;atr_bounce_controlled,close_below_ema21;ema8_below_ema21;ema21_below_ema50;ema50_below_ema200;ema21_slope_negative;high_near_ema8;high_near_ema21;failed_ema8_reclaim;volume_above_20d_average,328.30999755859375,328.92999267578125,317.8599853515625,319.9700012207031,328.2099914550781,320.49876069438835,316.76591538130253,312.48773011459514,289.19926086717396,-0.1510741353386038,0.32040858394003635,0.3053988206574445,7.431427001953125,0.19060654680185918,0.0016525282734880789,0.060937725397881115,QQQ,"SPY,QQQ",50.0,770.1900024414062,757.749642905043,True,718.9600219726562,710.4548482967451,True
ABB,debit,,,0,reject,NO,DATA_REJECT,no/insufficient daily data,,,,-1,,,,,,,,,,,,,,,,,0,0,0,0,,,,,,,,,,,,,,no/insufficient daily data,,,DATA_REJECT,False,no/insufficient daily data,,,0.045,,,,,,,,False,,,,,,,,False,,,,,,,,,,,,,,,,,,,,,,,,,,0.5,0.5,2.0,21,,,,,,,,,,,,,,,,,,,,,,,,,,,,,,,,
ABB,credit,,,0,reject,NO,DATA_REJECT,no/insufficient daily data,,,,-1,,,,,,,,,,,,,,,,,0,0,0,0,,,,,,,,,,,,,,no/insufficient daily data,,,DATA_REJECT,False,no/insufficient daily data,,,0.045,,,,,,,,False,,,,,,,,False,,,,,,,,,,,,,,,,,,,,,,,,,,0.5,0.5,2.0,21,,,,,,,,,,,,,,,,,,,,,,,,,,,,,,,,
ABSI,debit,pullback,bull_ema21_pullback,7,watchlist,NO,SETUP_REJECT,watchlist setup; below option evaluation threshold,close_above_ema21;ema8_above_ema21;ema8_slope_positive;ema21_slope_positive;low_near_ema8;low_near_ema21;reclaimed_ema8;close_upper_half_range;volume_above_20d_average,8.819999694824219,,-1,,,,,,,,,,,,,,,,,0,0,0,0,0.013194475863104007,0.017982167542165688,0.4194659400048291,0.4813182345359997,0.009097682740556445,-0.006688998444830729,0.7320924889189907,0.0774052396172451,True,False,"SPY: close=770.19, ema50=757.75, above=true; QQQ: close=718.96, ema50=710.45, above=true",,,watchlist setup; below option evaluation threshold,,,SETUP_REJECT,False,watchlist setup; below option evaluation threshold,,,0.045,,,,,,,,False,,,,,,,,False,,,,,,,,,,,,,,,,,,,,,,,,,,0.5,0.5,2.0,21,8.978602407058398,pullback,bull_ema21_pullback,7.0,watchlist,ema21_above_ema50;ema50_above_ema200;recent_2_5_day_pullback;relative_strength_positive;atr_pullback_controlled,close_above_ema21;ema8_above_ema21;ema8_slope_positive;ema21_slope_positive;low_near_ema8;low_near_ema21;reclaimed_ema8;close_upper_half_range;volume_above_20d_average,8.6899995803833,9.029999732971191,8.649999618530273,8.819999694824219,8.800000190734863,8.936374967910162,8.978602407058398,8.630090132237228,6.005951957248666,-0.0332500780245546,-0.015860271223417044,0.007751410717837359,0.6827141898018974,0.4473684870965394,-0.013194475863104007,0.3460166646202638,QQQ,"SPY,QQQ",50.0,770.1900024414062,757.749642905043,True,718.9600219726562,710.4548482967451,True
ABSI,credit,pullup,bear_ema8_rejection,17,strong_setup,NO,LIQUIDITY_REJECT,short leg bid<0.05 (bid=0.00),ema21_below_ema50;ema50_below_ema200;volume_above_20d_average,8.819999694824219,2026-11-20,74,,14.0,,,,,,,,,,,,,,,280,697,0,0,0.013194475863104007,0.017982167542165688,0.1371361053564696,0.07528381082529903,0.009097682740556445,-0.006688998444830729,0.7320924889189907,0.0774052396172451,True,False,"SPY: close=770.19, ema50=757.75, above=true; QQQ: close=718.96, ema50=710.45, above=true",,,short leg bid<0.05 (bid=0.00),,,,False,short leg bid<0.05 (bid=0.00),2026-11-20,0.20273972602739726,0.045,,ABSI261120C00014000,,,,,,False,,,0.0,1.1,0.7,0.7,mid=last (no valid bid/ask),False,1.123051259765625,,1.0528878530718404,,,,,,,,,,,,,,,,,,,,,,,0.5,0.5,2.0,21,8.978602407058398,pullup,bear_ema8_rejection,17.0,strong_setup,close_below_ema21;ema8_below_ema21;ema8_slope_negative;ema21_slope_negative;high_near_ema8;high_near_ema21;recent_2_5_day_bounce;failed_ema8_reclaim;close_lower_half_range;relative_weakness_negative;atr_bounce_controlled,ema21_below_ema50;ema50_below_ema200;volume_above_20d_average,8.6899995803833,9.029999732971191,8.649999618530273,8.819999694824219,8.800000190734863,8.936374967910162,8.978602407058398,8.630090132237228,6.005951957248666,-0.0332500780245546,-0.015860271223417044,0.007751410717837359,0.6827141898018974,0.4473684870965394,0.013194475863104007,0.3460166646202638,QQQ,"SPY,QQQ",50.0,770.1900024414062,757.749642905043,True,718.9600219726562,710.4548482967451,True
ACHR,debit,pullback,bull_ema21_pullback,7,watchlist,NO,SETUP_REJECT,watchlist setup; below option evaluation threshold,close_above_ema21;ema8_above_ema21;ema50_above_ema200;ema8_slope_positive;ema21_slope_positive;low_near_ema8;low_near_ema21;reclaimed_ema8;volume_above_20d_average,5.710000038146973,,-1,,,,,,,,,,,,,,,,,0,0,0,0,0.012623784743288916,0.018853576089472183,0.6421026103376558,0.7675458218892908,-0.010487954774821118,0.027095982727415424,0.41406127263651843,0.04966224372866088,True,False,"SPY: close=770.19, ema50=757.75, above=true; QQQ: close=718.96, ema50=710.45, above=true",,,watchlist setup; below option evaluation threshold,,,SETUP_REJECT,False,watchlist setup; below option evaluation threshold,,,0.045,,,,,,,,False,,,,,,,,False,,,,,,,,,,,,,,,,,,,,,,,,,,0.5,0.5,2.0,21,5.817653958337066,pullback,bull_ema21_pullback,7.0,watchlist,ema21_above_ema50;recent_2_5_day_pullback;close_upper_half_range;relative_strength_positive;atr_pullback_controlled,close_above_ema21;ema8_above_ema21;ema50_above_ema200;ema8_slope_positive;ema21_slope_positive;low_near_ema8;low_near_ema21;reclaimed_ema8;volume_above_20d_average,5.730000019073486,5.789999961853027,5.599999904632568,5.710000038146973,5.760000228881836,5.7820818495127115,5.817653958337066,5.672061884758926,5.872492520009118,-0.020594803247354854,-0.01076539201900939,0.0015484960566549688,0.2835714135851179,0.5789478967723154,-0.012623784743288916,0.09426463034048904,QQQ,"SPY,QQQ",50.0,770.1900024414062,757.749642905043,True,718.9600219726562,710.4548482967451,True
ACHR,credit,pullup,bear_ema8_rejection,17,strong_setup,NO,LIQUIDITY_REJECT,short leg bid/ask too wide (15.4%>15.0%),ema21_below_ema50;close_lower_half_range;volume_above_20d_average,5.710000038146973,2027-01-15,130,,9.0,,,,,,,,,,,,,0.15384615384615383,,122,28235,0,0,0.012623784743288916,0.018853576089472183,0.027922815774020456,0.09752039577761457,-0.010487954774821118,0.027095982727415424,0.41406127263651843,0.04966224372866088,True,False,"SPY: close=770.19, ema50=757.75, above=true; QQQ: close=718.96, ema50=710.45, above=true",,,short leg bid/ask too wide (15.4%>15.0%),,,,False,short leg bid/ask too wide (15.4%>15.0%),2027-01-15,0.3561643835616438,0.045,,ACHR270115C00009000,,,,,,False,,,0.3,0.35,0.33,0.32499999999999996,"mid=avg(bid,ask)",True,0.81445498046875,,0.8321667982943214,,,,,,,,,,,,,,,,,,,,,,,0.5,0.5,2.0,21,5.817653958337066,pullup,bear_ema8_rejection,17.0,strong_setup,close_below_ema21;ema8_below_ema21;ema50_below_ema200;ema8_slope_negative;ema21_slope_negative;high_near_ema8;high_near_ema21;recent_2_5_day_bounce;failed_ema8_reclaim;relative_weakness_negative;atr_bounce_controlled,ema21_below_ema50;close_lower_half_range;volume_above_20d_average,5.730000019073486,5.789999961853027,5.599999904632568,5.710000038146973,5.760000228881836,5.7820818495127115,5.817653958337066,5.672061884758926,5.872492520009118,-0.020594803247354854,-0.01076539201900939,0.0015484960566549688,0.2835714135851179,0.5789478967723154,0.012623784743288916,0.09426463034048904,QQQ,"SPY,QQQ",50.0,770.1900024414062,757.749642905043,True,718.9600219726562,710.4548482967451,True
ADBE,debit,pullback,bull_continuation,9,valid_setup,NO,PRICING_REJECT,spread mid/width too high (30.9%>20.0%),close_above_ema21;ema8_slope_positive;ema21_slope_positive;low_near_ema8;low_near_ema21;recent_2_5_day_pullback;reclaimed_ema8;close_upper_half_range,266.510009765625,2026-12-18,102,280.0,320.0,40.0,12.349999999999998,14.399999999999999,2.0500000000000007,73.07552335492592,marginal,0.30874999999999997,,,,,,0.09691629955947133,0.12658227848101267,72,518,114,779,0.04804907489212252,0.021979266353706353,1.4680898073318718,0.8051253953016281,-0.08932308412172385,0.010530943748747634,1.5367445909697646,0.03932308894014494,True,False,"SPY: close=770.19, ema50=757.75, above=true; QQQ: close=718.96, ema50=710.45, above=true",,,spread mid/width too high (30.9%>20.0%),,,PRICING_REJECT,False,spread mid/width too high (30.9%>20.0%),2026-12-18,0.27945205479452057,0.045,ADBE261218C00280000,ADBE261218C00320000,22.2,25.2,23.67,23.7,"mid=avg(bid,ask)",True,0.5191088128662109,,10.8,11.9,11.2,11.350000000000001,"mid=avg(bid,ask)",True,0.5022022436523439,,0.5106677778261479,,,,,,,,,,,,,,,,,,,,,,,0.5,0.5,2.0,21,272.36770425619255,pullback,bull_continuation,9.0,valid_setup,ema8_above_ema21;ema21_above_ema50;ema50_above_ema200;relative_strength_positive;volume_above_20d_average;atr_pullback_controlled,close_above_ema21;ema8_slope_positive;ema21_slope_positive;low_near_ema8;low_near_ema21;recent_2_5_day_pullback;reclaimed_ema8;close_upper_half_range,274.4700012207031,275.9100036621094,263.92999267578125,266.510009765625,285.75,279.3155691843538,272.36770425619255,258.0516803707624,256.44075282887474,-3.6587312624939727,-0.5857694490567269,0.3452379344842029,10.479996817452568,0.2153601605865076,-0.04804907489212252,0.10552893695841559,QQQ,"SPY,QQQ",50.0,770.1900024414062,757.749642905043,True,718.9600219726562,710.4548482967451,True
ADBE,credit,pullup,bear_ema8_rejection,13,strong_setup,NO,LIQUIDITY_REJECT,short leg bid/ask too wide (24.8%>15.0%),ema8_below_ema21;ema21_below_ema50;ema50_below_ema200;recent_2_5_day_bounce;failed_ema8_reclaim,266.510009765625,2026-12-18,102,,330.0,,,,,,,,,,,,,0.24752475247524752,,69,581,0,0,0.04804907489212252,0.021979266353706353,0.3249586408817493,0.33800577114849434,-0.08932308412172385,0.010530943748747634,1.5367445909697646,0.03932308894014494,True,False,"SPY: close=770.19, ema50=757.75, above=true; QQQ: close=718.96, ema50=710.45, above=true",,,short leg bid/ask too wide (24.8%>15.0%),,,,False,short leg bid/ask too wide (24.8%>15.0%),2026-12-18,0.27945205479452057,0.045,,ADBE261218C00330000,,,,,,False,,,8.85,11.35,9.88,10.1,"mid=avg(bid,ask)",True,0.5165453619384766,,0.5106677778261479,,,,,,,,,,,,,,,,,,,,,,,0.5,0.5,2.0,21,272.36770425619255,pullup,bear_ema8_rejection,13.0,strong_setup,close_below_ema21;ema8_slope_negative;ema21_slope_negative;high_near_ema8;high_near_ema21;close_lower_half_range;relative_weakness_negative;volume_above_20d_average;atr_bounce_controlled,ema8_below_ema21;ema21_below_ema50;ema50_below_ema200;recent_2_5_day_bounce;failed_ema8_reclaim,274.4700012207031,275.9100036621094,263.92999267578125,266.510009765625,285.75,279.3155691843538,272.36770425619255,258.0516803707624,256.44075282887474,-3.6587312624939727,-0.5857694490567269,0.3452379344842029,10.479996817452568,0.2153601605865076,0.04804907489212252,0.10552893695841559,QQQ,"SPY,QQQ",50.0,770.1900024414062,757.749642905043,True,718.9600219726562,710.4548482967451,True
AG,debit,pullback,bull_ema8_pullback,15,strong_setup,NO,LIQUIDITY_REJECT,short leg bid/ask too wide (34.6%>15.0%),ema50_above_ema200;low_near_ema21;reclaimed_ema8;volume_above_20d_average,20.969999313354492,2026-12-18,102,,27.0,,,,,,,,,,,,,0.3458646616541353,,331,3907,0,0,0.0046786637817441586,0.04394299573430213,0.3300265439814004,0.381530180705902,0.006584123054397484,0.14530299795155288,0.7646859708570107,0.05518088803083535,True,False,"SPY: close=770.19, ema50=757.75, above=true; QQQ: close=718.96, ema50=710.45, above=true",,,short leg bid/ask too wide (34.6%>15.0%),,,,False,short leg bid/ask too wide (34.6%>15.0%),2026-12-18,0.27945205479452057,0.045,,AG261218C00027000,,,,,,False,,,1.1,1.56,1.4,1.33,"mid=avg(bid,ask)",True,0.7084990087890625,,0.6424551495725344,,,,,,,,,,,,,,,,,,,,,,,0.5,0.5,2.0,21,20.048514722979437,pullback,bull_ema8_pullback,15.0,strong_setup,close_above_ema21;ema8_above_ema21;ema21_above_ema50;ema8_slope_positive;ema21_slope_positive;low_near_ema8;recent_2_5_day_pullback;close_upper_half_range;relative_strength_positive;atr_pullback_controlled,ema50_above_ema200;low_near_ema21;reclaimed_ema8;volume_above_20d_average,20.709999084472656,21.229999542236328,20.489999771118164,20.969999313354492,21.389999389648438,20.8718877370639,20.048514722979437,19.100311828605328,21.1223611819673,0.02803187894016901,0.09214845903750302,0.07631377488771918,1.1571431841169084,0.648648230675846,0.0046786637817441586,0.2983901361237513,QQQ,"SPY,QQQ",50.0,770.1900024414062,757.749642905043,True,718.9600219726562,710.4548482967451,True
AG,credit,pullup,bear_breakdown_retest,5,near_miss,NO,SETUP_REJECT,near_miss setup; below option evaluation threshold,close_below_ema21;ema8_below_ema21;ema21_below_ema50;ema8_slope_negative;ema21_slope_negative;high_near_ema21;failed_ema8_reclaim;close_lower_half_range;relative_weakness_negative;volume_above_20d_average,20.969999313354492,,-1,,,,,,,,,,,,,,,,,0,0,0,0,0.0046786637817441586,0.04394299573430213,0.3094792503537287,1.0210359750410312,0.006584123054397484,0.14530299795155288,0.7646859708570107,0.05518088803083535,True,False,"SPY: close=770.19, ema50=757.75, above=true; QQQ: close=718.96, ema50=710.45, above=true",,,near_miss setup; below option evaluation threshold,,,SETUP_REJECT,False,near_miss setup; below option evaluation threshold,,,0.045,,,,,,,,False,,,,,,,,False,,,,,,,,,,,,,,,,,,,,,,,,,,0.5,0.5,2.0,21,20.048514722979437,pullup,bear_breakdown_retest,5.0,near_miss,ema50_below_ema200;high_near_ema8;recent_2_5_day_bounce;atr_bounce_controlled,close_below_ema21;ema8_below_ema21;ema21_below_ema50;ema8_slope_negative;ema21_slope_negative;high_near_ema21;failed_ema8_reclaim;close_lower_half_range;relative_weakness_negative;volume_above_20d_average,20.709999084472656,21.229999542236328,20.489999771118164,20.969999313354492,21.389999389648438,20.8718877370639,20.048514722979437,19.100311828605328,21.1223611819673,0.02803187894016901,0.09214845903750302,0.07631377488771918,1.1571431841169084,0.648648230675846,-0.0046786637817441586,0.2983901361237513,QQQ,"SPY,QQQ",50.0,770.1900024414062,757.749642905043,True,718.9600219726562,710.4548482967451,True
AI,debit,pullback,bull_ema8_pullback,15,strong_setup,NO,LIQUIDITY_REJECT,"short leg illiquid (vol=22, oi=1450)",ema8_slope_positive;low_near_ema21;reclaimed_ema8;close_upper_half_range,10.460000038146973,2026-12-18,102,,10.0,,,,,,,,,,,,,0.2678062678062678,,22,1450,0,0,0.0015307576141086463,0.02502972678609709,0.17684406509807474,0.36299179762741657,-0.010179084171307862,0.029112441538050704,1.318867305880859,0.049201037267344074,True,False,"SPY: close=770.19, ema50=757.75, above=true; QQQ: close=718.96, ema50=710.45, above=true",,,"short leg illiquid (vol=22, oi=1450)",,,,False,"short leg illiquid (vol=22, oi=1450)",2026-12-18,0.27945205479452057,0.045,,AI261218C00010000,,,,,,False,,,1.52,1.99,1.72,1.755,"mid=avg(bid,ask)",True,0.702151416015625,,0.4918334106770216,,,,,,,,,,,,,,,,,,,,,,,0.5,0.5,2.0,21,10.198189095009589,pullback,bull_ema8_pullback,15.0,strong_setup,close_above_ema21;ema8_above_ema21;ema21_above_ema50;ema50_above_ema200;ema21_slope_positive;low_near_ema8;recent_2_5_day_pullback;relative_strength_positive;volume_above_20d_average;atr_pullback_controlled,ema8_slope_positive;low_near_ema21;reclaimed_ema8;close_upper_half_range,10.90999984741211,10.90999984741211,10.385000228881836,10.460000038146973,10.899999618530273,10.476011762848943,10.198189095009589,9.865448996185462,9.504103203852555,-0.004574778486277964,0.026181094313738384,0.02426738946781626,0.5146428516932896,0.14285688335373894,-0.0015307576141086463,-0.06790989886884258,QQQ,"SPY,QQQ",50.0,770.1900024414062,757.749642905043,True,718.9600219726562,710.4548482967451,True
AI,credit,pullup,bear_continuation,7,watchlist,NO,SETUP_REJECT,watchlist setup; below option evaluation threshold,close_below_ema21;ema8_below_ema21;ema21_below_ema50;ema50_below_ema200;ema21_slope_negative;high_near_ema8;high_near_ema21;failed_ema8_reclaim,10.460000038146973,,-1,,,,,,,,,,,,,,,,,0,0,0,0,0.0015307576141086463,0.02502972678609709,0.8432801177267868,1.3831159804522781,-0.010179084171307862,0.029112441538050704,1.318867305880859,0.049201037267344074,True,False,"SPY: close=770.19, ema50=757.75, above=true; QQQ: close=718.96, ema50=710.45, above=true",,,watchlist setup; below option evaluation threshold,,,SETUP_REJECT,False,watchlist setup; below option evaluation threshold,,,0.045,,,,,,,,False,,,,,,,,False,,,,,,,,,,,,,,,,,,,,,,,,,,0.5,0.5,2.0,21,10.198189095009589,pullup,bear_continuation,7.0,watchlist,ema8_slope_negative;recent_2_5_day_bounce;close_lower_half_range;relative_weakness_negative;volume_above_20d_average;atr_bounce_controlled,close_below_ema21;ema8_below_ema21;ema21_below_ema50;ema50_below_ema200;ema21_slope_negative;high_near_ema8;high_near_ema21;failed_ema8_reclaim,10.90999984741211,10.90999984741211,10.385000228881836,10.460000038146973,10.899999618530273,10.476011762848943,10.198189095009589,9.865448996185462,9.504103203852555,-0.004574778486277964,0.026181094313738384,0.02426738946781626,0.5146428516932896,0.14285688335373894,0.0015307576141086463,-0.06790989886884258,QQQ,"SPY,QQQ",50.0,770.1900024414062,757.749642905043,True,718.9600219726562,710.4548482967451,True
AISP,debit,pullback,bull_ema8_pullback,3,reject,NO,SETUP_REJECT,setup_score_below_near_miss_threshold,close_above_ema21;ema21_above_ema50;ema50_above_ema200;ema8_slope_positive;ema21_slope_positive;low_near_ema8;low_near_ema21;recent_2_5_day_pullback;reclaimed_ema8;close_upper_half_range;relative_strength_positive;volume_above_20d_average,2.049999952316284,,-1,,,,,,,,,,,,,,,,,0,0,0,0,0.022334928030781253,0.015816174660764067,0.7117746717717971,0.5940351105401099,-0.022670178184644674,-0.004032728248151485,0.7970732741861369,0.05536587109569422,True,False,"SPY: close=770.19, ema50=757.75, above=true; QQQ: close=718.96, ema50=710.45, above=true",,,setup_score_below_near_miss_threshold,,,SETUP_REJECT,False,setup_score_below_near_miss_threshold,,,0.045,,,,,,,,False,,,,,,,,False,,,,,,,,,,,,,,,,,,,,,,,,,,0.5,0.5,2.0,21,2.0824231096166765,pullback,bull_ema8_pullback,3.0,reject,ema8_above_ema21;atr_pullback_controlled,close_above_ema21;ema21_above_ema50;ema50_above_ema200;ema8_slope_positive;ema21_slope_positive;low_near_ema8;low_near_ema21;recent_2_5_day_pullback;reclaimed_ema8;close_upper_half_range;relative_strength_positive;volume_above_20d_average,2.0999999046325684,2.125,2.015000104904175,2.049999952316284,2.0999999046325684,2.0957865537143734,2.0824231096166765,2.1461451704643175,2.423335035231209,-0.013081886113739838,-0.0032423157300391914,-0.0039242946182871385,0.1135000331061227,0.3181807344599706,-0.022334928030781253,-0.3295318917798775,QQQ,"SPY,QQQ",50.0,770.1900024414062,757.749642905043,True,718.9600219726562,710.4548482967451,True
AISP,credit,pullup,bear_failed_reclaim,15,strong_setup,NO,LIQUIDITY_REJECT,"short leg illiquid (vol=10, oi=236)",ema8_below_ema21;high_near_ema21;recent_2_5_day_bounce;volume_above_20d_average,2.049999952316284,2027-01-15,130,,4.0,,,,,,,,,,,,,,,10,236,0,0,0.022334928030781253,0.015816174660764067,0.2573871168681686,0.3751266780998558,-0.022670178184644674,-0.004032728248151485,0.7970732741861369,0.05536587109569422,True,False,"SPY: close=770.19, ema50=757.75, above=true; QQQ: close=718.96, ema50=710.45, above=true",,,"short leg illiquid (vol=10, oi=236)",,,,False,"short leg illiquid (vol=10, oi=236)",2027-01-15,0.3561643835616438,0.045,,AISP270115C00004000,,,,,,False,,,0.0,0.4,0.15,0.15,mid=last (no valid bid/ask),False,1.2265663671875,,0.6180167651832577,,,,,,,,,,,,,,,,,,,,,,,0.5,0.5,2.0,21,2.0824231096166765,pullup,bear_failed_reclaim,15.0,strong_setup,close_below_ema21;ema21_below_ema50;ema50_below_ema200;ema8_slope_negative;ema21_slope_negative;high_near_ema8;failed_ema8_reclaim;close_lower_half_range;relative_weakness_negative;atr_bounce_controlled,ema8_below_ema21;high_near_ema21;recent_2_5_day_bounce;volume_above_20d_average,2.0999999046325684,2.125,2.015000104904175,2.049999952316284,2.0999999046325684,2.0957865537143734,2.0824231096166765,2.1461451704643175,2.423335035231209,-0.013081886113739838,-0.0032423157300391914,-0.0039242946182871385,0.1135000331061227,0.3181807344599706,0.022334928030781253,-0.3295318917798775,QQQ,"SPY,QQQ",50.0,770.1900024414062,757.749642905043,True,718.9600219726562,710.4548482967451,True
ALAB,debit,pullback,bull_ema8_reclaim,14,strong_setup,NO,LIQUIDITY_REJECT,"short leg illiquid (vol=21, oi=74)",ema8_above_ema21;ema21_above_ema50;low_near_ema21;recent_2_5_day_pullback,310.3999938964844,2026-12-18,102,,430.0,,,,,,,,,,,,,0.242622950819672,,21,74,0,0,0.06006475241647234,0.03700283412733322,0.3093556841389491,0.6836855675434896,0.06877309132642195,-0.06550241702613946,1.9190552561263317,0.06160854185455444,True,False,"SPY: close=770.19, ema50=757.75, above=true; QQQ: close=718.96, ema50=710.45, above=true",,,"short leg illiquid (vol=21, oi=74)",,,,False,"short leg illiquid (vol=21, oi=74)",2026-12-18,0.27945205479452057,0.045,,ALAB261218C00430000,,,,,,False,,,20.1,25.65,24.3,22.875,"mid=avg(bid,ask)",True,0.858399853515625,,1.0545340367313094,,,,,,,,,,,,,,,,,,,,,,,0.5,0.5,2.0,21,298.9143144092075,pullback,bull_ema8_reclaim,14.0,strong_setup,close_above_ema21;ema50_above_ema200;ema8_slope_positive;ema21_slope_positive;low_near_ema8;reclaimed_ema8;close_upper_half_range;relative_strength_positive;volume_above_20d_average;atr_pullback_controlled,ema8_above_ema21;ema21_above_ema50;low_near_ema21;recent_2_5_day_pullback,286.0,321.6499938964844,285.8399963378906,310.3999938964844,282.82000732421875,291.7558951130175,298.9143144092075,309.20968861161884,241.53966980750755,5.326885366704801,1.1485679487276457,0.04858388917824641,19.123291015625,0.6858419221729267,0.06006475241647234,-0.09826722495042262,QQQ,"SPY,QQQ",50.0,770.1900024414062,757.749642905043,True,718.9600219726562,710.4548482967451,True
ALAB,credit,pullup,bear_continuation,8,valid_setup,NO,LIQUIDITY_REJECT,"short leg illiquid (vol=2, oi=22)",close_below_ema21;ema50_below_ema200;ema8_slope_negative;ema21_slope_negative;high_near_ema8;high_near_ema21;recent_2_5_day_bounce;failed_ema8_reclaim;close_lower_half_range,310.3999938964844,2026-12-18,102,,460.0,,,,,,,,,,,,,0.40717029449423814,,2,22,0,0,0.06006475241647234,0.03700283412733322,1.5632298205910997,1.1888999371865592,0.06877309132642195,-0.06550241702613946,1.9190552561263317,0.06160854185455444,True,False,"SPY: close=770.19, ema50=757.75, above=true; QQQ: close=718.96, ema50=710.45, above=true",,,"short leg illiquid (vol=2, oi=22)",,,,False,"short leg illiquid (vol=2, oi=22)",2026-12-18,0.27945205479452057,0.045,,ALAB261218C00460000,,,,,,False,,,15.55,23.5,24.15,19.525,"mid=avg(bid,ask)",True,0.8821422918701172,,1.0545340367313094,,,,,,,,,,,,,,,,,,,,,,,0.5,0.5,2.0,21,298.9143144092075,pullup,bear_continuation,8.0,valid_setup,ema8_below_ema21;ema21_below_ema50;relative_weakness_negative;volume_above_20d_average;atr_bounce_controlled,close_below_ema21;ema50_below_ema200;ema8_slope_negative;ema21_slope_negative;high_near_ema8;high_near_ema21;recent_2_5_day_bounce;failed_ema8_reclaim;close_lower_half_range,286.0,321.6499938964844,285.8399963378906,310.3999938964844,282.82000732421875,291.7558951130175,298.9143144092075,309.20968861161884,241.53966980750755,5.326885366704801,1.1485679487276457,0.04858388917824641,19.123291015625,0.6858419221729267,-0.06006475241647234,-0.09826722495042262,QQQ,"SPY,QQQ",50.0,770.1900024414062,757.749642905043,True,718.9600219726562,710.4548482967451,True
AMAT,debit,pullback,bull_continuation,4,near_miss,NO,SETUP_REJECT,near_miss setup; below option evaluation threshold,close_above_ema21;ema8_above_ema21;ema21_above_ema50;ema8_slope_positive;ema21_slope_positive;low_near_ema8;low_near_ema21;reclaimed_ema8;relative_strength_positive;volume_above_20d_average,454.7099914550781,,-1,,,,,,,,,,,,,,,,,0,0,0,0,0.00463683589944579,0.06103066984024708,0.7435004894511483,2.1601200832826546,-0.01860719024984825,-0.15097219401505269,0.8076113885919214,0.03980873495351979,True,False,"SPY: close=770.19, ema50=757.75, above=true; QQQ: close=718.96, ema50=710.45, above=true",,,near_miss setup; below option evaluation threshold,,,SETUP_REJECT,False,near_miss setup; below option evaluation threshold,,,0.045,,,,,,,,False,,,,,,,,False,,,,,,,,,,,,,,,,,,,,,,,,,,0.5,0.5,2.0,21,482.46124681663457,pullback,bull_continuation,4.0,near_miss,ema50_above_ema200;recent_2_5_day_pullback;close_upper_half_range;atr_pullback_controlled,close_above_ema21;ema8_above_ema21;ema21_above_ema50;ema8_slope_positive;ema21_slope_positive;low_near_ema8;low_near_ema21;reclaimed_ema8;relative_strength_positive;volume_above_20d_average,452.5,460.20001220703125,443.3599853515625,454.7099914550781,435.9100036621094,456.8184070672937,482.46124681663457,503.41076019734845,448.5500696426436,-0.6024044606329539,-2.775125536155656,-1.9877864792763376,18.101429530552455,0.6739897864135379,-0.00463683589944579,-0.12153739051410639,QQQ,"SPY,QQQ",50.0,770.1900024414062,757.749642905043,True,718.9600219726562,710.4548482967451,True
AMAT,credit,pullup,bear_ema8_rejection,16,strong_setup,NO,LIQUIDITY_REJECT,"short leg illiquid (vol=4, oi=228)",ema50_below_ema200;high_near_ema21;close_lower_half_range;volume_above_20d_average,454.7099914550781,2026-12-18,102,,580.0,,,,,,,,,,,,,0.17676767676767677,,4,228,0,0,0.00463683589944579,0.06103066984024708,0.1868142587318806,1.2298053350996256,-0.01860719024984825,-0.15097219401505269,0.8076113885919214,0.03980873495351979,True,False,"SPY: close=770.19, ema50=757.75, above=true; QQQ: close=718.96, ema50=710.45, above=true",,,"short leg illiquid (vol=4, oi=228)",,,,False,"short leg illiquid (vol=4, oi=228)",2026-12-18,0.27945205479452057,0.045,,AMAT261218C00580000,,,,,,False,,,18.05,21.55,19.0,19.8,"mid=avg(bid,ask)",True,0.5872233660888673,,0.8152734237650691,,,,,,,,,,,,,,,,,,,,,,,0.5,0.5,2.0,21,482.46124681663457,pullup,bear_ema8_rejection,16.0,strong_setup,close_below_ema21;ema8_below_ema21;ema21_below_ema50;ema8_slope_negative;ema21_slope_negative;high_near_ema8;recent_2_5_day_bounce;failed_ema8_reclaim;relative_weakness_negative;atr_bounce_controlled,ema50_below_ema200;high_near_ema21;close_lower_half_range;volume_above_20d_average,452.5,460.20001220703125,443.3599853515625,454.7099914550781,435.9100036621094,456.8184070672937,482.46124681663457,503.41076019734845,448.5500696426436,-0.6024044606329539,-2.775125536155656,-1.9877864792763376,18.101429530552455,0.6739897864135379,0.00463683589944579,-0.12153739051410639,QQQ,"SPY,QQQ",50.0,770.1900024414062,757.749642905043,True,718.9600219726562,710.4548482967451,True
AMD,debit,pullback,bull_ema8_reclaim,12,strong_setup,NO,PRICING_REJECT,spread mid/width too high (28.8%>20.0%),ema8_above_ema21;ema21_above_ema50;low_near_ema8;low_near_ema21;recent_2_5_day_pullback,477.57000732421875,2026-12-18,102,500.0,580.0,80.0,23.075,24.599999999999998,1.5249999999999986,88.19356351791356,good,0.2884375,,,,,,0.08016032064128256,0.021863612701717796,76,754,162,3515,0.020501170265468546,0.004330509578296522,0.5292217997879678,0.9471449172898706,0.02222143007908839,-0.006349505760691376,1.1226933809484498,0.038692907881790965,True,False,"SPY: close=770.19, ema50=757.75, above=true; QQQ: close=718.96, ema50=710.45, above=true",,,spread mid/width too high (28.8%>20.0%),,,PRICING_REJECT,False,spread mid/width too high (28.8%>20.0%),2026-12-18,0.27945205479452057,0.045,AMD261218C00500000,AMD261218C00580000,47.5,48.55,47.5,48.025,"mid=avg(bid,ask)",True,0.5674939491271973,,23.95,25.95,24.24,24.95,"mid=avg(bid,ask)",True,0.570042141418457,,0.7204098400255802,,,,,,,,,,,,,,,,,,,,,,,0.5,0.5,2.0,21,475.5018858331941,pullback,bull_ema8_reclaim,12.0,strong_setup,close_above_ema21;ema50_above_ema200;ema8_slope_positive;ema21_slope_positive;reclaimed_ema8;close_upper_half_range;relative_strength_positive;volume_above_20d_average;atr_pullback_controlled,ema8_above_ema21;ema21_above_ema50;low_near_ema8;low_near_ema21;recent_2_5_day_pullback,462.0,478.8299865722656,458.0,477.57000732421875,456.1600036621094,467.7792632903839,475.5018858331941,479.57204085890453,375.7745593064064,2.797355438238526,0.20681214910246126,-0.08171565447696594,18.478572300502233,0.9395112789115049,0.020501170265468546,0.019208231391427244,QQQ,"SPY,QQQ",50.0,770.1900024414062,757.749642905043,True,718.9600219726562,710.4548482967451,True
AMD,credit,pullup,bear_ema21_rejection,10,valid_setup,NO,RISK_REJECT,credit/width<20.0% (credit_width=19.3%),close_below_ema21;ema50_below_ema200;ema8_slope_negative;ema21_slope_negative;high_near_ema8;recent_2_5_day_bounce;failed_ema8_reclaim;close_lower_half_range,477.57000732421875,2026-12-18,102,620.0,610.0,10.0,1.9250000000000007,0.14999999999999858,1.7750000000000021,38.00376255975854,reject,0.19250000000000006,2.005470517732917,-0.08047051773291614,0.824016286965381,0.23839009287925708,,0.10796915167095124,0.08273894436519255,59,1360,53,286,0.020501170265468546,0.004330509578296522,0.5980290631858715,0.18010594568396873,0.02222143007908839,-0.006349505760691376,1.1226933809484498,0.038692907881790965,True,False,"SPY: close=770.19, ema50=757.75, above=true; QQQ: close=718.96, ema50=710.45, above=true",0.9625000000000004,3.8500000000000014,credit/width<20.0% (credit_width=19.3%),SELL credit call spread near mid on pullup day (trend down).,TP: buy back at 50% max profit (spread≈0.96); SL: buy back if spread≥3.85 OR close>EMA21 (≈475.50); Time-stop: exit by 21 days.,,False,credit/width<20.0% (credit_width=19.3%),2026-12-18,0.27945205479452057,0.045,AMD261218C00620000,AMD261218C00610000,16.8,18.25,16.12,17.525,"mid=avg(bid,ask)",True,0.5688824850463867,0.5688824850463867,18.4,20.5,17.6,19.45,"mid=avg(bid,ask)",True,0.57266662689209,0.57266662689209,0.7204098400255802,0.5707745559692383,18.538864679673168,20.544335197406085,-0.6757372774249331,-0.976466904971828,0.24960373191784008,0.0022107663400076916,80.15798693757162,-86.11898243634016,-0.6155653016063428,-0.9182953485680667,0.2690907290097605,0.0022831577637130824,83.33341737944325,-90.24386844930727,0.01948699709192042,7.239142370539086e-05,3.175430441871626,-4.12488601296711,611.925,1.9250000000000007,8.075,0.5,0.5,2.0,21,475.5018858331941,pullup,bear_ema21_rejection,10.0,valid_setup,ema8_below_ema21;ema21_below_ema50;high_near_ema21;relative_weakness_negative;volume_above_20d_average;atr_bounce_controlled,close_below_ema21;ema50_below_ema200;ema8_slope_negative;ema21_slope_negative;high_near_ema8;recent_2_5_day_bounce;failed_ema8_reclaim;close_lower_half_range,462.0,478.8299865722656,458.0,477.57000732421875,456.1600036621094,467.7792632903839,475.5018858331941,479.57204085890453,375.7745593064064,2.797355438238526,0.20681214910246126,-0.08171565447696594,18.478572300502233,0.9395112789115049,-0.020501170265468546,0.019208231391427244,QQQ,"SPY,QQQ",50.0,770.1900024414062,757.749642905043,True,718.9600219726562,710.4548482967451,True
AMZN,debit,pullback,bull_ema21_pullback,8,valid_setup,NO,PRICING_REJECT,spread mid/width too high (34.4%>20.0%),close_above_ema21;ema8_above_ema21;ema8_slope_positive;ema21_slope_positive;low_near_ema21;reclaimed_ema8;relative_strength_positive;volume_above_20d_average,258.510009765625,2026-12-18,102,265.0,290.0,25.0,8.6,8.9,0.3000000000000007,94.36117940171975,excellent,0.344,,,,,,0.02710027100271003,0.019635343618513403,386,4903,197,5051,0.0010102114491053525,0.00397053505630028,0.5936215950022976,0.72411888098541,-0.03325775850745882,-0.05255364907575211,0.9388707890469152,0.02268494386602049,True,False,"SPY: close=770.19, ema50=757.75, above=true; QQQ: close=718.96, ema50=710.45, above=true",,,spread mid/width too high (34.4%>20.0%),,,PRICING_REJECT,False,spread mid/width too high (34.4%>20.0%),2026-12-18,0.27945205479452057,0.045,AMZN261218C00265000,AMZN261218C00290000,17.65,18.0,17.7,17.825,"mid=avg(bid,ask)",True,0.3807434973144531,,9.1,9.35,9.3,9.225,"mid=avg(bid,ask)",True,0.37140521179199215,,0.42429589961819014,,,,,,,,,,,,,,,,,,,,,,,0.5,0.5,2.0,21,259.53643282180394,pullback,bull_ema21_pullback,8.0,valid_setup,ema21_above_ema50;ema50_above_ema200;low_near_ema8;recent_2_5_day_pullback;close_upper_half_range;atr_pullback_controlled,close_above_ema21;ema8_above_ema21;ema8_slope_positive;ema21_slope_positive;low_near_ema21;reclaimed_ema8;relative_strength_positive;volume_above_20d_average,259.07000732421875,261.1199951171875,255.2899932861328,258.510009765625,258.8999938964844,258.77115953719857,259.53643282180394,256.2430336690012,241.5141686323567,-0.07461422044957544,-0.10264230561790555,0.0925296365969075,5.864285060337612,0.5523182621213113,-0.0010102114491053525,0.04974810780543715,QQQ,"SPY,QQQ",50.0,770.1900024414062,757.749642905043,True,718.9600219726562,710.4548482967451,True
AMZN,credit,pullup,bear_ema8_rejection,16,strong_setup,NO,RISK_REJECT,credit/width<20.0% (credit_width=18.5%),ema21_below_ema50;ema50_below_ema200;close_lower_half_range;volume_above_20d_average,258.510009765625,2026-12-18,102,305.0,300.0,5.0,0.9249999999999989,0.75,0.17499999999999893,85.99360490856097,good,0.18499999999999978,0.9695424885686492,-0.044542488568650285,0.7912028118571441,0.22699386503067454,,0.021505376344085947,0.03305785123966945,562,22829,121,4647,0.0010102114491053525,0.00397053505630028,0.40053229947415014,0.27003501349103776,-0.03325775850745882,-0.05255364907575211,0.9388707890469152,0.02268494386602049,True,False,"SPY: close=770.19, ema50=757.75, above=true; QQQ: close=718.96, ema50=710.45, above=true",0.46249999999999947,1.8499999999999979,credit/width<20.0% (credit_width=18.5%),SELL credit call spread near mid on pullup day (trend down).,TP: buy back at 50% max profit (spread≈0.46); SL: buy back if spread≥1.85 OR close>EMA21 (≈259.54); Time-stop: exit by 21 days.,,False,credit/width<20.0% (credit_width=18.5%),2026-12-18,0.27945205479452057,0.045,AMZN261218C00305000,AMZN261218C00300000,5.95,6.15,5.85,6.050000000000001,"mid=avg(bid,ask)",True,0.3700624517822265,0.3700624517822265,6.9,7.05,6.95,6.975,"mid=avg(bid,ask)",True,0.3695131408691406,0.3695131408691406,0.42429589961819014,0.3697877963256836,6.764287117172493,7.733829605741143,-0.6832753360730057,-0.8789022822682031,0.2472164380368707,0.006246338841654784,43.16806647334935,-31.15397046008326,-0.5999620781957081,-0.7952986409274627,0.2742657543720072,0.006599120139167174,45.53841997478261,-32.949709738783945,0.027049316335136464,0.0003527812975123905,2.3703535014332644,-1.7957392787006832,300.925,0.9249999999999989,4.075000000000001,0.5,0.5,2.0,21,259.53643282180394,pullup,bear_ema8_rejection,16.0,strong_setup,close_below_ema21;ema8_below_ema21;ema8_slope_negative;ema21_slope_negative;high_near_ema8;high_near_ema21;recent_2_5_day_bounce;failed_ema8_reclaim;relative_weakness_negative;atr_bounce_controlled,ema21_below_ema50;ema50_below_ema200;close_lower_half_range;volume_above_20d_average,259.07000732421875,261.1199951171875,255.2899932861328,258.510009765625,258.8999938964844,258.77115953719857,259.53643282180394,256.2430336690012,241.5141686323567,-0.07461422044957544,-0.10264230561790555,0.0925296365969075,5.864285060337612,0.5523182621213113,0.0010102114491053525,0.04974810780543715,QQQ,"SPY,QQQ",50.0,770.1900024414062,757.749642905043,True,718.9600219726562,710.4548482967451,True
ANET,debit,pullback,bull_ema8_pullback,19,strong_setup,NO,LIQUIDITY_REJECT,"short leg illiquid (vol=7, oi=479)",close_upper_half_range;volume_above_20d_average,193.77999877929688,2026-12-18,102,,230.0,,,,,,,,,,,,,0.13265306122448967,,7,479,0,0,0.007121684194985471,0.013205891266231893,0.24600756680214436,0.08837254168431918,-0.011720640527400517,0.03271342922789511,0.7365502621401322,0.03859679704240061,True,False,"SPY: close=770.19, ema50=757.75, above=true; QQQ: close=718.96, ema50=710.45, above=true",,,"short leg illiquid (vol=7, oi=479)",,,,False,"short leg illiquid (vol=7, oi=479)",2026-12-18,0.27945205479452057,0.045,,ANET261218C00230000,,,,,,False,,,9.15,10.45,9.43,9.8,"mid=avg(bid,ask)",True,0.5290574438476563,,0.560876711975795,,,,,,,,,,,,,,,,,,,,,,,0.5,0.5,2.0,21,191.22096118584693,pullback,bull_ema8_pullback,19.0,strong_setup,close_above_ema21;ema8_above_ema21;ema21_above_ema50;ema50_above_ema200;ema8_slope_positive;ema21_slope_positive;low_near_ema8;low_near_ema21;recent_2_5_day_pullback;reclaimed_ema8;relative_strength_positive;atr_pullback_controlled,close_upper_half_range;volume_above_20d_average,192.82000732421875,197.10000610351562,190.55999755859375,193.77999877929688,191.44000244140625,192.39995882468605,191.22096118584693,183.72252607029256,161.5148726894311,0.3942971298887983,0.25590375934498866,0.41050909016342985,7.479287283761161,0.49235428342113735,0.007121684194985471,0.24045618891996523,QQQ,"SPY,QQQ",50.0,770.1900024414062,757.749642905043,True,718.9600219726562,710.4548482967451,True
ANET,credit,pullup,bear_continuation,5,near_miss,NO,SETUP_REJECT,near_miss setup; below option evaluation threshold,close_below_ema21;ema8_below_ema21;ema21_below_ema50;ema50_below_ema200;ema8_slope_negative;ema21_slope_negative;high_near_ema8;high_near_ema21;failed_ema8_reclaim;volume_above_20d_average,193.77999877929688,,-1,,,,,,,,,,,,,,,,,0,0,0,0,0.007121684194985471,0.013205891266231893,0.628408443279642,0.7860434683974671,-0.011720640527400517,0.03271342922789511,0.7365502621401322,0.03859679704240061,True,False,"SPY: close=770.19, ema50=757.75, above=true; QQQ: close=718.96, ema50=710.45, above=true",,,near_miss setup; below option evaluation threshold,,,SETUP_REJECT,False,near_miss setup; below option evaluation threshold,,,0.045,,,,,,,,False,,,,,,,,False,,,,,,,,,,,,,,,,,,,,,,,,,,0.5,0.5,2.0,21,191.22096118584693,pullup,bear_continuation,5.0,near_miss,recent_2_5_day_bounce;close_lower_half_range;relative_weakness_negative;atr_bounce_controlled,close_below_ema21;ema8_below_ema21;ema21_below_ema50;ema50_below_ema200;ema8_slope_negative;ema21_slope_negative;high_near_ema8;high_near_ema21;failed_ema8_reclaim;volume_above_20d_average,192.82000732421875,197.10000610351562,190.55999755859375,193.77999877929688,191.44000244140625,192.39995882468605,191.22096118584693,183.72252607029256,161.5148726894311,0.3942971298887983,0.25590375934498866,0.41050909016342985,7.479287283761161,0.49235428342113735,-0.007121684194985471,0.24045618891996523,QQQ,"SPY,QQQ",50.0,770.1900024414062,757.749642905043,True,718.9600219726562,710.4548482967451,True
APP,debit,pullback,bull_ema8_reclaim,7,watchlist,NO,SETUP_REJECT,watchlist setup; below option evaluation threshold,close_above_ema21;ema8_above_ema21;ema21_above_ema50;ema50_above_ema200;ema21_slope_positive;low_near_ema8;low_near_ema21;recent_2_5_day_pullback;volume_above_20d_average,320.55999755859375,,-1,,,,,,,,,,,,,,,,,0,0,0,0,0.016346159528016494,0.02451594364469413,0.37597730140842905,1.3872244561976899,0.0052802034157706235,-0.07003408236509612,0.7185354950488502,0.04040763227781452,True,False,"SPY: close=770.19, ema50=757.75, above=true; QQQ: close=718.96, ema50=710.45, above=true",,,watchlist setup; below option evaluation threshold,,,SETUP_REJECT,False,watchlist setup; below option evaluation threshold,,,0.045,,,,,,,,False,,,,,,,,False,,,,,,,,,,,,,,,,,,,,,,,,,,0.5,0.5,2.0,21,328.4188283934835,pullback,bull_ema8_reclaim,7.0,watchlist,ema8_slope_positive;reclaimed_ema8;close_upper_half_range;relative_strength_positive;atr_pullback_controlled,close_above_ema21;ema8_above_ema21;ema21_above_ema50;ema50_above_ema200;ema21_slope_positive;low_near_ema8;low_near_ema21;recent_2_5_day_pullback;volume_above_20d_average,310.4599914550781,323.79998779296875,310.45001220703125,320.55999755859375,313.5799865722656,315.3200727002004,328.4188283934835,374.38578033894817,449.68230055142925,1.4971213881123617,-0.7858830834889545,-2.196970725728761,12.953070504324776,0.757303658458528,0.016346159528016494,-0.3861789202359086,QQQ,"SPY,QQQ",50.0,770.1900024414062,757.749642905043,True,718.9600219726562,710.4548482967451,True
APP,credit,pullup,bear_ema21_rejection,13,strong_setup,NO,LIQUIDITY_REJECT,short leg bid/ask too wide (31.9%>15.0%),ema8_slope_negative;high_near_ema8;recent_2_5_day_bounce;failed_ema8_reclaim;close_lower_half_range;volume_above_20d_average,320.55999755859375,2026-12-18,102,,430.0,,,,,,,,,,,,,0.31901840490797545,,83,417,0,0,0.016346159528016494,0.02451594364469413,0.6546644743373453,0.35658268045191543,0.0052802034157706235,-0.07003408236509612,0.7185354950488502,0.04040763227781452,True,False,"SPY: close=770.19, ema50=757.75, above=true; QQQ: close=718.96, ema50=710.45, above=true",,,short leg bid/ask too wide (31.9%>15.0%),,,,False,short leg bid/ask too wide (31.9%>15.0%),2026-12-18,0.27945205479452057,0.045,,APP261218C00430000,,,,,,False,,,13.7,18.9,15.1,16.299999999999997,"mid=avg(bid,ask)",True,0.6924774404907227,,0.7334877897340752,,,,,,,,,,,,,,,,,,,,,,,0.5,0.5,2.0,21,328.4188283934835,pullup,bear_ema21_rejection,13.0,strong_setup,close_below_ema21;ema8_below_ema21;ema21_below_ema50;ema50_below_ema200;ema21_slope_negative;high_near_ema21;relative_weakness_negative;atr_bounce_controlled,ema8_slope_negative;high_near_ema8;recent_2_5_day_bounce;failed_ema8_reclaim;close_lower_half_range;volume_above_20d_average,310.4599914550781,323.79998779296875,310.45001220703125,320.55999755859375,313.5799865722656,315.3200727002004,328.4188283934835,374.38578033894817,449.68230055142925,1.4971213881123617,-0.7858830834889545,-2.196970725728761,12.953070504324776,0.757303658458528,-0.016346159528016494,-0.3861789202359086,QQQ,"SPY,QQQ",50.0,770.1900024414062,757.749642905043,True,718.9600219726562,710.4548482967451,True
ARKK,debit,pullback,bull_ema8_pullback,16,strong_setup,NO,LIQUIDITY_REJECT,short leg bid/ask too wide (45.4%>15.0%),low_near_ema21;reclaimed_ema8;volume_above_20d_average,86.22000122070312,2026-12-18,102,,100.0,,,,,,,,,,,,,0.45378151260504196,,853,1411,0,0,0.011896668644776297,0.034858156964006404,0.24156837082768362,1.0310957055665875,0.015738036076352158,0.09111318382321432,0.7364391958008005,0.02908257549667163,True,False,"SPY: close=770.19, ema50=757.75, above=true; QQQ: close=718.96, ema50=710.45, above=true",,,short leg bid/ask too wide (45.4%>15.0%),,,,False,short leg bid/ask too wide (45.4%>15.0%),2026-12-18,0.27945205479452057,0.045,,ARKK261218C00100000,,,,,,False,,,1.84,2.92,2.35,2.38,"mid=avg(bid,ask)",True,0.4063780065917969,,0.3802116548968974,,,,,,,,,,,,,,,,,,,,,,,0.5,0.5,2.0,21,83.21453088471503,pullback,bull_ema8_pullback,16.0,strong_setup,close_above_ema21;ema8_above_ema21;ema21_above_ema50;ema50_above_ema200;ema8_slope_positive;ema21_slope_positive;low_near_ema8;recent_2_5_day_pullback;close_upper_half_range;relative_strength_positive;atr_pullback_controlled,low_near_ema21;reclaimed_ema8;volume_above_20d_average,85.9000015258789,86.53500366210938,85.80000305175781,86.22000122070312,87.13999938964844,85.19427043562821,83.21453088471503,80.62789737828486,76.86641744551457,0.29306593859283225,0.30054703359880364,0.2282491364252337,2.5074996948242188,0.5714256056800017,0.011896668644776297,0.1445056969652725,QQQ,"SPY,QQQ",50.0,770.1900024414062,757.749642905043,True,718.9600219726562,710.4548482967451,True
ARKK,credit,pullup,bear_breakdown_retest,2,reject,NO,SETUP_REJECT,setup_score_below_near_miss_threshold,close_below_ema21;ema8_below_ema21;ema21_below_ema50;ema50_below_ema200;ema8_slope_negative;ema21_slope_negative;high_near_ema8;high_near_ema21;failed_ema8_reclaim;close_lower_half_range;relative_weakness_negative;volume_above_20d_average,86.22000122070312,,-1,,,,,,,,,,,,,,,,,0,0,0,0,0.011896668644776297,0.034858156964006404,0.5346892879981592,1.324216622737063,0.015738036076352158,0.09111318382321432,0.7364391958008005,0.02908257549667163,True,False,"SPY: close=770.19, ema50=757.75, above=true; QQQ: close=718.96, ema50=710.45, above=true",,,setup_score_below_near_miss_threshold,,,SETUP_REJECT,False,setup_score_below_near_miss_threshold,,,0.045,,,,,,,,False,,,,,,,,False,,,,,,,,,,,,,,,,,,,,,,,,,,0.5,0.5,2.0,21,83.21453088471503,pullup,bear_breakdown_retest,2.0,reject,recent_2_5_day_bounce;atr_bounce_controlled,close_below_ema21;ema8_below_ema21;ema21_below_ema50;ema50_below_ema200;ema8_slope_negative;ema21_slope_negative;high_near_ema8;high_near_ema21;failed_ema8_reclaim;close_lower_half_range;relative_weakness_negative;volume_above_20d_average,85.9000015258789,86.53500366210938,85.80000305175781,86.22000122070312,87.13999938964844,85.19427043562821,83.21453088471503,80.62789737828486,76.86641744551457,0.29306593859283225,0.30054703359880364,0.2282491364252337,2.5074996948242188,0.5714256056800017,-0.011896668644776297,0.1445056969652725,QQQ,"SPY,QQQ",50.0,770.1900024414062,757.749642905043,True,718.9600219726562,710.4548482967451,True
ARM,debit,pullback,bull_continuation,13,strong_setup,NO,LIQUIDITY_REJECT,short leg bid/ask too wide (19.8%>15.0%),close_above_ema21;ema8_above_ema21;ema21_above_ema50;ema21_slope_positive;recent_2_5_day_pullback,252.08999633789062,2026-12-18,102,,330.0,,,,,,,,,,,,,0.19808306709265175,,159,244,0,0,0.02975080150599899,0.0008239354822028163,0.2062476490681898,0.33818316853798913,0.05101778902556364,-0.10223801467053173,1.1330956984050267,0.05615908578180164,True,False,"SPY: close=770.19, ema50=757.75, above=true; QQQ: close=718.96, ema50=710.45, above=true",,,short leg bid/ask too wide (19.8%>15.0%),,,,False,short leg bid/ask too wide (19.8%>15.0%),2026-12-18,0.27945205479452057,0.045,,ARM261218C00330000,,,,,,False,,,14.1,17.2,15.44,15.649999999999999,"mid=avg(bid,ask)",True,0.7233304034423829,,0.8541399142217135,,,,,,,,,,,,,,,,,,,,,,,0.5,0.5,2.0,21,252.2977022305818,pullback,bull_continuation,13.0,strong_setup,ema50_above_ema200;ema8_slope_positive;low_near_ema8;low_near_ema21;reclaimed_ema8;close_upper_half_range;relative_strength_positive;volume_above_20d_average;atr_pullback_controlled,close_above_ema21;ema8_above_ema21;ema21_above_ema50;ema21_slope_positive;recent_2_5_day_pullback,248.58999633789062,255.69000244140625,247.50999450683594,252.08999633789062,242.58999633789062,244.59011689519403,252.2977022305818,266.05956111458994,222.1258936541951,2.142822697913317,-0.020770589269119455,-0.5701863174163009,14.157143729073661,0.5599018812315211,0.02975080150599899,-0.21643685340112184,QQQ,"SPY,QQQ",50.0,770.1900024414062,757.749642905043,True,718.9600219726562,710.4548482967451,True
ARM,credit,pullup,bear_ema21_rejection,13,strong_setup,NO,LIQUIDITY_REJECT,short leg bid/ask too wide (29.2%>15.0%),ema50_below_ema200;ema8_slope_negative;high_near_ema8;recent_2_5_day_bounce;failed_ema8_reclaim;close_lower_half_range,252.08999633789062,2026-12-18,102,,350.0,,,,,,,,,,,,,0.2923076923076924,,65,692,0,0,0.02975080150599899,0.0008239354822028163,0.7840483757622001,0.2396175581560212,0.05101778902556364,-0.10223801467053173,1.1330956984050267,0.05615908578180164,True,False,"SPY: close=770.19, ema50=757.75, above=true; QQQ: close=718.96, ema50=710.45, above=true",,,short leg bid/ask too wide (29.2%>15.0%),,,,False,short leg bid/ask too wide (29.2%>15.0%),2026-12-18,0.27945205479452057,0.045,,ARM261218C00350000,,,,,,False,,,11.1,14.9,12.15,13.0,"mid=avg(bid,ask)",True,0.7389552471923828,,0.8541399142217135,,,,,,,,,,,,,,,,,,,,,,,0.5,0.5,2.0,21,252.2977022305818,pullup,bear_ema21_rejection,13.0,strong_setup,close_below_ema21;ema8_below_ema21;ema21_below_ema50;ema21_slope_negative;high_near_ema21;relative_weakness_negative;volume_above_20d_average;atr_bounce_controlled,ema50_below_ema200;ema8_slope_negative;high_near_ema8;recent_2_5_day_bounce;failed_ema8_reclaim;close_lower_half_range,248.58999633789062,255.69000244140625,247.50999450683594,252.08999633789062,242.58999633789062,244.59011689519403,252.2977022305818,266.05956111458994,222.1258936541951,2.142822697913317,-0.020770589269119455,-0.5701863174163009,14.157143729073661,0.5599018812315211,-0.02975080150599899,-0.21643685340112184,QQQ,"SPY,QQQ",50.0,770.1900024414062,757.749642905043,True,718.9600219726562,710.4548482967451,True
ASHR,debit,pullback,bull_continuation,9,valid_setup,NO,LIQUIDITY_REJECT,short leg bid/ask too wide (142.2%>15.0%),close_above_ema21;ema8_above_ema21;ema21_above_ema50;ema8_slope_positive;ema21_slope_positive;reclaimed_ema8;relative_strength_positive,34.20000076293945,2026-12-18,102,,37.0,,,,,,,,,,,,,1.4216867469879517,,112,1091,0,0,0.0002084383416773712,0.005112813341965684,0.5932597146083428,1.15503303711735,-0.006156115965803566,-0.020566749833830777,1.0221551861914655,0.008730167139984965,True,False,"SPY: close=770.19, ema50=757.75, above=true; QQQ: close=718.96, ema50=710.45, above=true",,,short leg bid/ask too wide (142.2%>15.0%),,,,False,short leg bid/ask too wide (142.2%>15.0%),2026-12-18,0.27945205479452057,0.045,,ASHR261218C00037000,,,,,,False,,,0.12,0.71,0.45,0.415,"mid=avg(bid,ask)",True,0.23462679443359374,,0.23498225686057767,,,,,,,,,,,,,,,,,,,,,,,0.5,0.5,2.0,21,34.37485898313545,pullback,bull_continuation,9.0,valid_setup,ema50_above_ema200;low_near_ema8;low_near_ema21;recent_2_5_day_pullback;close_upper_half_range;volume_above_20d_average;atr_pullback_controlled,close_above_ema21;ema8_above_ema21;ema21_above_ema50;ema8_slope_positive;ema21_slope_positive;reclaimed_ema8;relative_strength_positive,34.029998779296875,34.22999954223633,34.029998779296875,34.20000076293945,34.06999969482422,34.207129354383845,34.37485898313545,34.63569906358933,34.32451191341936,-0.0020367404126844235,-0.01748582201960147,-0.017783604108153384,0.29857172284807476,0.8500066756947491,-0.0002084383416773712,-0.04970016049394055,QQQ,"SPY,QQQ",50.0,770.1900024414062,757.749642905043,True,718.9600219726562,710.4548482967451,True
ASHR,credit,pullup,bear_ema8_rejection,19,strong_setup,NO,LIQUIDITY_REJECT,short leg bid/ask too wide (142.2%>15.0%),ema50_below_ema200;close_lower_half_range,34.20000076293945,2026-12-18,102,,37.0,,,,,,,,,,,,,1.4216867469879517,,112,1091,0,0,0.0002084383416773712,0.005112813341965684,0.07659863979858647,0.4851746827104209,-0.006156115965803566,-0.020566749833830777,1.0221551861914655,0.008730167139984965,True,False,"SPY: close=770.19, ema50=757.75, above=true; QQQ: close=718.96, ema50=710.45, above=true",,,short leg bid/ask too wide (142.2%>15.0%),,,,False,short leg bid/ask too wide (142.2%>15.0%),2026-12-18,0.27945205479452057,0.045,,ASHR261218C00037000,,,,,,False,,,0.12,0.71,0.45,0.415,"mid=avg(bid,ask)",True,0.23462679443359374,,0.23498225686057767,,,,,,,,,,,,,,,,,,,,,,,0.5,0.5,2.0,21,34.37485898313545,pullup,bear_ema8_rejection,19.0,strong_setup,close_below_ema21;ema8_below_ema21;ema21_below_ema50;ema8_slope_negative;ema21_slope_negative;high_near_ema8;high_near_ema21;recent_2_5_day_bounce;failed_ema8_reclaim;relative_weakness_negative;volume_above_20d_average;atr_bounce_controlled,ema50_below_ema200;close_lower_half_range,34.029998779296875,34.22999954223633,34.029998779296875,34.20000076293945,34.06999969482422,34.207129354383845,34.37485898313545,34.63569906358933,34.32451191341936,-0.0020367404126844235,-0.01748582201960147,-0.017783604108153384,0.29857172284807476,0.8500066756947491,0.0002084383416773712,-0.04970016049394055,QQQ,"SPY,QQQ",50.0,770.1900024414062,757.749642905043,True,718.9600219726562,710.4548482967451,True
ASML,debit,pullback,bull_continuation,11,strong_setup,NO,LIQUIDITY_REJECT,"short leg illiquid (vol=38, oi=541)",close_above_ema21;ema8_above_ema21;ema21_above_ema50;ema21_slope_positive;low_near_ema21;recent_2_5_day_pullback,1714.8800048828125,2026-12-18,102,,2000.0,,,,,,,,,,,,,0.15384615384615374,,38,541,0,0,0.008941939017491355,0.005591639325288712,0.49614799976799484,1.0197708331392157,0.0075052374866273475,-0.009368107300965156,1.1117293615773152,0.027755814713443815,True,False,"SPY: close=770.19, ema50=757.75, above=true; QQQ: close=718.96, ema50=710.45, above=true",,,"short leg illiquid (vol=38, oi=541)",,,,False,"short leg illiquid (vol=38, oi=541)",2026-12-18,0.27945205479452057,0.045,,ASML261218C02000000,,,,,,False,,,65.4,76.3,70.25,70.85,"mid=avg(bid,ask)",True,0.47195199684143063,,0.536679564682687,,,,,,,,,,,,,,,,,,,,,,,0.5,0.5,2.0,21,1724.4689953562665,pullback,bull_continuation,11.0,strong_setup,ema50_above_ema200;ema8_slope_positive;low_near_ema8;reclaimed_ema8;close_upper_half_range;relative_strength_positive;volume_above_20d_average;atr_pullback_controlled,close_above_ema21;ema8_above_ema21;ema21_above_ema50;ema21_slope_positive;low_near_ema21;recent_2_5_day_pullback,1678.739990234375,1721.6600341796875,1675.9300537109375,1714.8800048828125,1646.18994140625,1699.5456524568351,1724.4689953562665,1725.259815416634,1579.8390003948195,4.3812435502793505,-0.9588990473453123,-0.42366573607432656,47.597891671316965,0.8517377609310768,0.008941939017491355,-0.0475632490024277,QQQ,"SPY,QQQ",50.0,770.1900024414062,757.749642905043,True,718.9600219726562,710.4548482967451,True
ASML,credit,pullup,bear_ema8_rejection,15,strong_setup,NO,LIQUIDITY_REJECT,"short leg illiquid (vol=2, oi=56)",ema50_below_ema200;ema8_slope_negative;recent_2_5_day_bounce;failed_ema8_reclaim;close_lower_half_range,1714.8800048828125,2026-12-18,102,,2080.0,,,,,,,,,,,,,0.22342342342342353,,2,56,0,0,0.008941939017491355,0.005591639325288712,0.4646084300447863,0.05901440332643441,0.0075052374866273475,-0.009368107300965156,1.1117293615773152,0.027755814713443815,True,False,"SPY: close=770.19, ema50=757.75, above=true; QQQ: close=718.96, ema50=710.45, above=true",,,"short leg illiquid (vol=2, oi=56)",,,,False,"short leg illiquid (vol=2, oi=56)",2026-12-18,0.27945205479452057,0.045,,ASML261218C02080000,,,,,,False,,,49.3,61.7,54.2,55.5,"mid=avg(bid,ask)",True,0.4785818743896484,,0.536679564682687,,,,,,,,,,,,,,,,,,,,,,,0.5,0.5,2.0,21,1724.4689953562665,pullup,bear_ema8_rejection,15.0,strong_setup,close_below_ema21;ema8_below_ema21;ema21_below_ema50;ema21_slope_negative;high_near_ema8;high_near_ema21;relative_weakness_negative;volume_above_20d_average;atr_bounce_controlled,ema50_below_ema200;ema8_slope_negative;recent_2_5_day_bounce;failed_ema8_reclaim;close_lower_half_range,1678.739990234375,1721.6600341796875,1675.9300537109375,1714.8800048828125,1646.18994140625,1699.5456524568351,1724.4689953562665,1725.259815416634,1579.8390003948195,4.3812435502793505,-0.9588990473453123,-0.42366573607432656,47.597891671316965,0.8517377609310768,-0.008941939017491355,-0.0475632490024277,QQQ,"SPY,QQQ",50.0,770.1900024414062,757.749642905043,True,718.9600219726562,710.4548482967451,True
AUR,debit,pullback,bull_ema21_pullback,11,strong_setup,NO,LIQUIDITY_REJECT,"short leg illiquid (vol=31, oi=686)",ema8_above_ema21;ema21_above_ema50;low_near_ema8;recent_2_5_day_pullback;reclaimed_ema8;volume_above_20d_average,6.340000152587891,2026-12-18,102,,8.0,,,,,,,,,,,,,0.3529411764705883,,31,686,0,0,0.05194136501687375,0.032951980252988046,0.3874534235465062,0.07503494547526109,0.08394715991082902,-0.09635387534353579,0.7188909604959338,0.06078188742586246,True,False,"SPY: close=770.19, ema50=757.75, above=true; QQQ: close=718.96, ema50=710.45, above=true",,,"short leg illiquid (vol=31, oi=686)",,,,False,"short leg illiquid (vol=31, oi=686)",2026-12-18,0.27945205479452057,0.045,,AUR261218C00008000,,,,,,False,,,0.35,0.5,0.45,0.425,"mid=avg(bid,ask)",True,0.70117486328125,,0.6446238826033129,,,,,,,,,,,,,,,,,,,,,,,0.5,0.5,2.0,21,6.131084592755873,pullback,bull_ema21_pullback,11.0,strong_setup,close_above_ema21;ema50_above_ema200;ema8_slope_positive;ema21_slope_positive;low_near_ema21;close_upper_half_range;relative_strength_positive;atr_pullback_controlled,ema8_above_ema21;ema21_above_ema50;low_near_ema8;recent_2_5_day_pullback;reclaimed_ema8;volume_above_20d_average,6.264999866485596,6.380000114440918,6.159999847412109,6.340000152587891,6.320000171661377,6.010691890455288,6.131084592755873,6.249307248716633,5.654049901866437,0.0940880748950299,0.02089155598320147,0.003701751178418533,0.385357175554548,0.8181822122616359,0.05194136501687375,0.011505472666216265,QQQ,"SPY,QQQ",50.0,770.1900024414062,757.749642905043,True,718.9600219726562,710.4548482967451,True
AUR,credit,pullup,bear_continuation,7,watchlist,NO,SETUP_REJECT,watchlist setup; below option evaluation threshold,close_below_ema21;ema50_below_ema200;ema8_slope_negative;ema21_slope_negative;high_near_ema8;high_near_ema21;recent_2_5_day_bounce;failed_ema8_reclaim;close_lower_half_range;volume_above_20d_average,6.340000152587891,,-1,,,,,,,,,,,,,,,,,0,0,0,0,0.05194136501687375,0.032951980252988046,0.9583530485819486,0.6459345705107035,0.08394715991082902,-0.09635387534353579,0.7188909604959338,0.06078188742586246,True,False,"SPY: close=770.19, ema50=757.75, above=true; QQQ: close=718.96, ema50=710.45, above=true",,,watchlist setup; below option evaluation threshold,,,SETUP_REJECT,False,watchlist setup; below option evaluation threshold,,,0.045,,,,,,,,False,,,,,,,,False,,,,,,,,,,,,,,,,,,,,,,,,,,0.5,0.5,2.0,21,6.131084592755873,pullup,bear_continuation,7.0,watchlist,ema8_below_ema21;ema21_below_ema50;relative_weakness_negative;atr_bounce_controlled,close_below_ema21;ema50_below_ema200;ema8_slope_negative;ema21_slope_negative;high_near_ema8;high_near_ema21;recent_2_5_day_bounce;failed_ema8_reclaim;close_lower_half_range;volume_above_20d_average,6.264999866485596,6.380000114440918,6.159999847412109,6.340000152587891,6.320000171661377,6.010691890455288,6.131084592755873,6.249307248716633,5.654049901866437,0.0940880748950299,0.02089155598320147,0.003701751178418533,0.385357175554548,0.8181822122616359,-0.05194136501687375,0.011505472666216265,QQQ,"SPY,QQQ",50.0,770.1900024414062,757.749642905043,True,718.9600219726562,710.4548482967451,True
AVAV,debit,pullback,bull_continuation,3,reject,NO,SETUP_REJECT,setup_score_below_near_miss_threshold,close_above_ema21;ema8_above_ema21;ema21_above_ema50;ema50_above_ema200;ema8_slope_positive;ema21_slope_positive;low_near_ema8;low_near_ema21;reclaimed_ema8;close_upper_half_range;relative_strength_positive,144.64999389648438,,-1,,,,,,,,,,,,,,,,,0,0,0,0,0.026577309186953352,0.07896303943153071,0.688130146950315,1.691975344828985,-0.02577024249966109,-0.21972302904011365,1.228661816897111,0.052185068330534545,True,False,"SPY: close=770.19, ema50=757.75, above=true; QQQ: close=718.96, ema50=710.45, above=true",,,setup_score_below_near_miss_threshold,,,SETUP_REJECT,False,setup_score_below_near_miss_threshold,,,0.045,,,,,,,,False,,,,,,,,False,,,,,,,,,,,,,,,,,,,,,,,,,,0.5,0.5,2.0,21,156.07199706830315,pullback,bull_continuation,3.0,reject,recent_2_5_day_pullback;volume_above_20d_average;atr_pullback_controlled,close_above_ema21;ema8_above_ema21;ema21_above_ema50;ema50_above_ema200;ema8_slope_positive;ema21_slope_positive;low_near_ema8;low_near_ema21;reclaimed_ema8;close_upper_half_range;relative_strength_positive,145.6300048828125,148.02000427246094,143.3000030517578,144.64999389648438,147.2100067138672,148.49440150816216,156.07199706830315,161.47937546530977,184.34846279987408,-1.0984021747650843,-1.1422003171819028,-0.686913533421432,7.548569815499442,0.28601493550577056,-0.026577309186953352,-0.19996278175422433,QQQ,"SPY,QQQ",50.0,770.1900024414062,757.749642905043,True,718.9600219726562,710.4548482967451,True
AVAV,credit,pullup,bear_ema8_rejection,17,strong_setup,NO,LIQUIDITY_REJECT,"short leg illiquid (vol=1, oi=257)",high_near_ema21;failed_ema8_reclaim,144.64999389648438,2026-12-18,102,,210.0,,,,,,,,,,,,,0.3105590062111802,,1,257,0,0,0.026577309186953352,0.07896303943153071,0.06284597576711032,1.0666911736457803,-0.02577024249966109,-0.21972302904011365,1.228661816897111,0.052185068330534545,True,False,"SPY: close=770.19, ema50=757.75, above=true; QQQ: close=718.96, ema50=710.45, above=true",,,"short leg illiquid (vol=1, oi=257)",,,,False,"short leg illiquid (vol=1, oi=257)",2026-12-18,0.27945205479452057,0.045,,AVAV261218C00210000,,,,,,False,,,6.8,9.3,7.8,8.05,"mid=avg(bid,ask)",True,0.8161639477539062,,0.792781778584053,,,,,,,,,,,,,,,,,,,,,,,0.5,0.5,2.0,21,156.07199706830315,pullup,bear_ema8_rejection,17.0,strong_setup,close_below_ema21;ema8_below_ema21;ema21_below_ema50;ema50_below_ema200;ema8_slope_negative;ema21_slope_negative;high_near_ema8;recent_2_5_day_bounce;close_lower_half_range;relative_weakness_negative;volume_above_20d_average;atr_bounce_controlled,high_near_ema21;failed_ema8_reclaim,145.6300048828125,148.02000427246094,143.3000030517578,144.64999389648438,147.2100067138672,148.49440150816216,156.07199706830315,161.47937546530977,184.34846279987408,-1.0984021747650843,-1.1422003171819028,-0.686913533421432,7.548569815499442,0.28601493550577056,0.026577309186953352,-0.19996278175422433,QQQ,"SPY,QQQ",50.0,770.1900024414062,757.749642905043,True,718.9600219726562,710.4548482967451,True
AVGO,debit,pullback,bull_continuation,5,near_miss,NO,SETUP_REJECT,near_miss setup; below option evaluation threshold,close_above_ema21;ema8_above_ema21;ema21_above_ema50;ema8_slope_positive;ema21_slope_positive;low_near_ema8;low_near_ema21;reclaimed_ema8;relative_strength_positive,357.8999938964844,,-1,,,,,,,,,,,,,,,,,0,0,0,0,0.01833815655271775,0.04533456903089479,0.9322252886214197,1.7690739015749395,-0.033060478950063366,-0.15768681283426,1.3974417302666615,0.03225961310122465,True,False,"SPY: close=770.19, ema50=757.75, above=true; QQQ: close=718.96, ema50=710.45, above=true",,,near_miss setup; below option evaluation threshold,,,SETUP_REJECT,False,near_miss setup; below option evaluation threshold,,,0.045,,,,,,,,False,,,,,,,,False,,,,,,,,,,,,,,,,,,,,,,,,,,0.5,0.5,2.0,21,374.12523587594137,pullback,bull_continuation,5.0,near_miss,ema50_above_ema200;recent_2_5_day_pullback;close_upper_half_range;volume_above_20d_average;atr_pullback_controlled,close_above_ema21;ema8_above_ema21;ema21_above_ema50;ema8_slope_positive;ema21_slope_positive;low_near_ema8;low_near_ema21;reclaimed_ema8;relative_strength_positive,359.70001220703125,360.1600036621094,353.70001220703125,357.8999938964844,357.1600036621094,364.46322001477483,374.12523587594137,382.8259369917508,371.1957446761253,-1.875207462368735,-1.6225241979457223,-1.0173854324598892,11.54571533203125,0.6501528242969373,-0.01833815655271775,-0.07459022046119446,QQQ,"SPY,QQQ",50.0,770.1900024414062,757.749642905043,True,718.9600219726562,710.4548482967451,True
AVGO,credit,pullup,bear_ema8_rejection,15,strong_setup,NO,RISK_REJECT,credit/width<20.0% (credit_width=19.5%),ema50_below_ema200;high_near_ema21;failed_ema8_reclaim;close_lower_half_range,357.8999938964844,2026-12-18,102,440.0,430.0,10.0,1.9499999999999993,1.1499999999999986,0.8000000000000007,67.12729370957216,marginal,0.19499999999999992,2.059862260991281,-0.1098622609912816,0.8024865847492852,0.2422360248447204,,0.06751054852320681,0.08080808080808087,158,2847,264,2510,0.01833815655271775,0.04533456903089479,0.3727111078797392,1.209559720833259,-0.033060478950063366,-0.15768681283426,1.3974417302666615,0.03225961310122465,True,False,"SPY: close=770.19, ema50=757.75, above=true; QQQ: close=718.96, ema50=710.45, above=true",0.9749999999999996,3.8999999999999986,credit/width<20.0% (credit_width=19.5%),SELL credit call spread near mid on pullup day (trend down).,TP: buy back at 50% max profit (spread≈0.97); SL: buy back if spread≥3.90 OR close>EMA21 (≈374.13); Time-stop: exit by 21 days.,,False,credit/width<20.0% (credit_width=19.5%),2026-12-18,0.27945205479452057,0.045,AVGO261218C00440000,AVGO261218C00430000,9.5,10.3,10.1,9.9,"mid=avg(bid,ask)",True,0.4529473651123047,0.4529473651123047,11.45,12.25,11.4,11.85,"mid=avg(bid,ask)",True,0.4559990924072266,0.4559990924072266,0.44448898988885766,0.45447322875976565,11.104651280954243,13.164513541945524,-0.6902673915783761,-0.9297099759241815,0.24501302505382389,0.0036684536750362343,59.4786997715585,-51.64910733520944,-0.5886699043625613,-0.8297257301719383,0.2780413652298954,0.0038885010409868627,63.47122599169711,-55.6705421585178,0.033028340176071536,0.00022004736595062843,3.9925262201386076,-4.021434823308354,431.95,1.9499999999999993,8.05,0.5,0.5,2.0,21,374.12523587594137,pullup,bear_ema8_rejection,15.0,strong_setup,close_below_ema21;ema8_below_ema21;ema21_below_ema50;ema8_slope_negative;ema21_slope_negative;high_near_ema8;recent_2_5_day_bounce;relative_weakness_negative;volume_above_20d_average;atr_bounce_controlled,ema50_below_ema200;high_near_ema21;failed_ema8_reclaim;close_lower_half_range,359.70001220703125,360.1600036621094,353.70001220703125,357.8999938964844,357.1600036621094,364.46322001477483,374.12523587594137,382.8259369917508,371.1957446761253,-1.875207462368735,-1.6225241979457223,-1.0173854324598892,11.54571533203125,0.6501528242969373,0.01833815655271775,-0.07459022046119446,QQQ,"SPY,QQQ",50.0,770.1900024414062,757.749642905043,True,718.9600219726562,710.4548482967451,True
BABA,debit,pullback,bull_ema8_reclaim,3,reject,NO,SETUP_REJECT,setup_score_below_near_miss_threshold,close_above_ema21;ema8_above_ema21;ema21_above_ema50;ema50_above_ema200;ema8_slope_positive;ema21_slope_positive;low_near_ema8;low_near_ema21;reclaimed_ema8;relative_strength_positive;volume_above_20d_average,113.23999786376953,,-1,,,,,,,,,,,,,,,,,0,0,0,0,0.014552904727198166,0.043976442259915455,0.7424312736444562,1.5901866232332595,-0.05113449761336886,-0.1125081599154315,0.5560226605637361,0.03470758108101462,True,False,"SPY: close=770.19, ema50=757.75, above=true; QQQ: close=718.96, ema50=710.45, above=true",,,setup_score_below_near_miss_threshold,,,SETUP_REJECT,False,setup_score_below_near_miss_threshold,,,0.045,,,,,,,,False,,,,,,,,False,,,,,,,,,,,,,,,,,,,,,,,,,,0.5,0.5,2.0,21,118.21989009133854,pullback,bull_ema8_reclaim,3.0,reject,recent_2_5_day_pullback;close_upper_half_range;atr_pullback_controlled,close_above_ema21;ema8_above_ema21;ema21_above_ema50;ema50_above_ema200;ema8_slope_positive;ema21_slope_positive;low_near_ema8;low_near_ema21;reclaimed_ema8;relative_strength_positive;volume_above_20d_average,112.37000274658203,113.41000366210938,111.97000122070312,113.23999786376953,111.80999755859375,114.8879687639891,118.21989009133854,118.86300412769012,123.735937088339,-0.47084882863416055,-0.4979892227568996,-0.22951045975186446,3.930286407470703,0.8819406179799093,-0.014552904727198166,-0.05497580752943465,QQQ,"SPY,QQQ",50.0,770.1900024414062,757.749642905043,True,718.9600219726562,710.4548482967451,True
BABA,credit,pullup,bear_ema8_rejection,15,strong_setup,NO,RISK_REJECT,credit/width<20.0% (credit_width=12.6%),high_near_ema21;failed_ema8_reclaim;close_lower_half_range;volume_above_20d_average,113.23999786376953,2026-12-18,102,145.0,140.0,5.0,0.6299999999999999,0.34999999999999964,0.28000000000000025,63.624990225975424,marginal,0.12599999999999997,0.638929567077767,-0.008929567077767153,0.8190470892335059,0.14416475972540044,,0.06802721088435375,0.10180623973727423,239,11572,39,9845,0.014552904727198166,0.043976442259915455,0.37604513988354554,1.223800489472349,-0.05113449761336886,-0.1125081599154315,0.5560226605637361,0.03470758108101462,True,False,"SPY: close=770.19, ema50=757.75, above=true; QQQ: close=718.96, ema50=710.45, above=true",0.31499999999999995,1.2599999999999998,credit/width<20.0% (credit_width=12.6%),SELL credit call spread near mid on pullup day (trend down).,TP: buy back at 50% max profit (spread≈0.31); SL: buy back if spread≥1.26 OR close>EMA21 (≈118.22); Time-stop: exit by 21 days.,,False,credit/width<20.0% (credit_width=12.6%),2026-12-18,0.27945205479452057,0.045,BABA261218C00145000,BABA261218C00140000,2.89,3.2,3.0,3.045,"mid=avg(bid,ask)",True,0.49927258544921876,0.49927258544921876,3.55,3.8,3.69,3.675,"mid=avg(bid,ask)",True,0.48901878173828134,0.48901878173828134,0.4384165703369232,0.49414568359375005,3.425309085033472,4.064238652111239,-0.7570863977212698,-1.021017987484094,0.2244990513555209,0.010022000602879123,17.93077896068555,-17.00754189112348,-0.6426944365408245,-0.9012055349860475,0.2602111958584176,0.01108503374147305,19.425382139960043,-18.139527264861798,0.035712144502896725,0.0010630331385939277,1.4946031792744918,-1.131985373738317,140.63,0.6299999999999999,4.37,0.5,0.5,2.0,21,118.21989009133854,pullup,bear_ema8_rejection,15.0,strong_setup,close_below_ema21;ema8_below_ema21;ema21_below_ema50;ema50_below_ema200;ema8_slope_negative;ema21_slope_negative;high_near_ema8;recent_2_5_day_bounce;relative_weakness_negative;atr_bounce_controlled,high_near_ema21;failed_ema8_reclaim;close_lower_half_range;volume_above_20d_average,112.37000274658203,113.41000366210938,111.97000122070312,113.23999786376953,111.80999755859375,114.8879687639891,118.21989009133854,118.86300412769012,123.735937088339,-0.47084882863416055,-0.4979892227568996,-0.22951045975186446,3.930286407470703,0.8819406179799093,0.014552904727198166,-0.05497580752943465,QQQ,"SPY,QQQ",50.0,770.1900024414062,757.749642905043,True,718.9600219726562,710.4548482967451,True
BAC,debit,pullback,bull_ema8_pullback,18,strong_setup,NO,PRICING_REJECT,spread mid/width too high (42.1%>20.0%),reclaimed_ema8;volume_above_20d_average,62.68000030517578,2026-12-18,102,62.5,67.5,5.0,2.1050000000000004,2.21,0.10499999999999954,90.6080742015591,excellent,0.4210000000000001,,,,,,0.04081632653061228,0.04195804195804193,197,4578,61,12326,0.0029821642293620006,0.0035284050461808873,0.4868298669155271,0.45556197201514764,0.0022452068659077895,-0.0021277144140847692,0.914973995861707,0.01746970234354529,True,False,"SPY: close=770.19, ema50=757.75, above=true; QQQ: close=718.96, ema50=710.45, above=true",,,spread mid/width too high (42.1%>20.0%),,,PRICING_REJECT,False,spread mid/width too high (42.1%>20.0%),2026-12-18,0.27945205479452057,0.045,BAC261218C00062500,BAC261218C00067500,3.5,3.65,3.5,3.575,"mid=avg(bid,ask)",True,0.26856200195312496,,1.44,1.5,1.44,1.47,"mid=avg(bid,ask)",True,0.245124736328125,,0.17966502620671787,,,,,,,,,,,,,,,,,,,,,,,0.5,0.5,2.0,21,62.45883987580438,pullback,bull_ema8_pullback,18.0,strong_setup,close_above_ema21;ema8_above_ema21;ema21_above_ema50;ema50_above_ema200;ema8_slope_positive;ema21_slope_positive;low_near_ema8;low_near_ema21;recent_2_5_day_pullback;close_upper_half_range;relative_strength_positive;atr_pullback_controlled,reclaimed_ema8;volume_above_20d_average,62.560001373291016,62.91999816894531,61.959999084472656,62.68000030517578,63.040000915527344,62.49307825036929,62.45883987580438,61.052031266336726,55.32636192686654,0.053406301373279064,0.022116042937135205,0.06644771587098575,1.095000948224749,0.7500019868233873,0.0029821642293620006,0.11281984064808293,QQQ,"SPY,QQQ",50.0,770.1900024414062,757.749642905043,True,718.9600219726562,710.4548482967451,True
BAC,credit,pullup,bear_continuation,8,valid_setup,NO,LIQUIDITY_REJECT,"short leg illiquid (vol=14, oi=58669)",close_below_ema21;ema8_below_ema21;ema21_below_ema50;ema50_below_ema200;ema8_slope_negative;ema21_slope_negative;failed_ema8_reclaim;close_lower_half_range;volume_above_20d_average,62.68000030517578,2026-12-18,102,,70.0,,,,,,,,,,,,,0.08092485549132955,,14,58669,0,0,0.0029821642293620006,0.0035284050461808873,0.3898808665583004,0.42114876145867985,0.0022452068659077895,-0.0021277144140847692,0.914973995861707,0.01746970234354529,True,False,"SPY: close=770.19, ema50=757.75, above=true; QQQ: close=718.96, ema50=710.45, above=true",,,"short leg illiquid (vol=14, oi=58669)",,,,False,"short leg illiquid (vol=14, oi=58669)",2026-12-18,0.27945205479452057,0.045,,BAC261218C00070000,,,,,,False,,,0.83,0.9,0.87,0.865,"mid=avg(bid,ask)",True,0.2399978344726562,,0.17966502620671787,,,,,,,,,,,,,,,,,,,,,,,0.5,0.5,2.0,21,62.45883987580438,pullup,bear_continuation,8.0,valid_setup,high_near_ema8;high_near_ema21;recent_2_5_day_bounce;relative_weakness_negative;atr_bounce_controlled,close_below_ema21;ema8_below_ema21;ema21_below_ema50;ema50_below_ema200;ema8_slope_negative;ema21_slope_negative;failed_ema8_reclaim;close_lower_half_range;volume_above_20d_average,62.560001373291016,62.91999816894531,61.959999084472656,62.68000030517578,63.040000915527344,62.49307825036929,62.45883987580438,61.052031266336726,55.32636192686654,0.053406301373279064,0.022116042937135205,0.06644771587098575,1.095000948224749,0.7500019868233873,-0.0029821642293620006,0.11281984064808293,QQQ,"SPY,QQQ",50.0,770.1900024414062,757.749642905043,True,718.9600219726562,710.4548482967451,True
BBAI,debit,pullback,bull_ema8_reclaim,1,reject,NO,SETUP_REJECT,setup_score_below_near_miss_threshold,close_above_ema21;ema8_above_ema21;ema21_above_ema50;ema50_above_ema200;ema8_slope_positive;ema21_slope_positive;low_near_ema8;low_near_ema21;recent_2_5_day_pullback;reclaimed_ema8;close_upper_half_range;relative_strength_positive;volume_above_20d_average,2.9200000762939453,,-1,,,,,,,,,,,,,,,,,0,0,0,0,0.030880029408752147,0.05136308051897186,0.6612291290682109,1.07678585881564,-0.04615435050757233,-0.10140451200570322,0.6029391905428287,0.04929062542837192,True,False,"SPY: close=770.19, ema50=757.75, above=true; QQQ: close=718.96, ema50=710.45, above=true",,,setup_score_below_near_miss_threshold,,,SETUP_REJECT,False,setup_score_below_near_miss_threshold,,,0.045,,,,,,,,False,,,,,,,,False,,,,,,,,,,,,,,,,,,,,,,,,,,0.5,0.5,2.0,21,3.069980275328035,pullback,bull_ema8_reclaim,1.0,reject,atr_pullback_controlled,close_above_ema21;ema8_above_ema21;ema21_above_ema50;ema50_above_ema200;ema8_slope_positive;ema21_slope_positive;low_near_ema8;low_near_ema21;recent_2_5_day_pullback;reclaimed_ema8;close_upper_half_range;relative_strength_positive;volume_above_20d_average,2.9600000381469727,3.0,2.9149999618530273,2.9200000762939453,2.9800000190734863,3.010169764523461,3.069980275328035,3.215575574636375,3.6579645448135416,-0.02576276806557587,-0.014998019903408988,-0.012064306054793139,0.14392863001142228,0.05882484937562409,-0.030880029408752147,-0.3100602221859009,QQQ,"SPY,QQQ",50.0,770.1900024414062,757.749642905043,True,718.9600219726562,710.4548482967451,True
BBAI,credit,pullup,bear_ema8_rejection,15,strong_setup,NO,LIQUIDITY_REJECT,long leg bid<0.05 (bid=0.04),high_near_ema21;recent_2_5_day_bounce;failed_ema8_reclaim;volume_above_20d_average,2.9200000762939453,2026-12-18,102,8.0,4.0,4.0,,,,,,,,,,,,0.046511627906976785,0.5454545454545455,159,9728,50,3958,0.030880029408752147,0.05136308051897186,0.07065838480261902,0.48621511455004823,-0.04615435050757233,-0.10140451200570322,0.6029391905428287,0.04929062542837192,True,False,"SPY: close=770.19, ema50=757.75, above=true; QQQ: close=718.96, ema50=710.45, above=true",,,long leg bid<0.05 (bid=0.04),,,,False,long leg bid<0.05 (bid=0.04),2026-12-18,0.27945205479452057,0.045,BBAI261218C00008000,BBAI261218C00004000,0.04,0.07,0.05,0.05500000000000001,"mid=avg(bid,ask)",True,1.1328168359375002,,0.21,0.22,0.21,0.215,"mid=avg(bid,ask)",True,0.8437515624999999,,0.5820536711102043,,,,,,,,,,,,,,,,,,,,,,,0.5,0.5,2.0,21,3.069980275328035,pullup,bear_ema8_rejection,15.0,strong_setup,close_below_ema21;ema8_below_ema21;ema21_below_ema50;ema50_below_ema200;ema8_slope_negative;ema21_slope_negative;high_near_ema8;close_lower_half_range;relative_weakness_negative;atr_bounce_controlled,high_near_ema21;recent_2_5_day_bounce;failed_ema8_reclaim;volume_above_20d_average,2.9600000381469727,3.0,2.9149999618530273,2.9200000762939453,2.9800000190734863,3.010169764523461,3.069980275328035,3.215575574636375,3.6579645448135416,-0.02576276806557587,-0.014998019903408988,-0.012064306054793139,0.14392863001142228,0.05882484937562409,0.030880029408752147,-0.3100602221859009,QQQ,"SPY,QQQ",50.0,770.1900024414062,757.749642905043,True,718.9600219726562,710.4548482967451,True
BIDU,debit,pullback,bull_ema8_reclaim,14,strong_setup,NO,LIQUIDITY_REJECT,short leg bid/ask too wide (15.7%>15.0%),ema8_above_ema21;ema21_above_ema50;ema50_above_ema200;recent_2_5_day_pullback;volume_above_20d_average,99.47000122070312,2026-12-18,102,,115.0,,,,,,,,,,,,,0.15730337078651693,,413,2726,0,0,0.0323125631990428,0.009902023779562766,0.2823368919232788,0.39142097580172375,0.020665413786215225,-0.08770786201838243,0.788358808137443,0.03326200775235623,True,False,"SPY: close=770.19, ema50=757.75, above=true; QQQ: close=718.96, ema50=710.45, above=true",,,short leg bid/ask too wide (15.7%>15.0%),,,,False,short leg bid/ask too wide (15.7%>15.0%),2026-12-18,0.27945205479452057,0.045,,BIDU261218C00115000,,,,,,False,,,4.1,4.8,4.37,4.449999999999999,"mid=avg(bid,ask)",True,0.47913118530273435,,0.44696804111270394,,,,,,,,,,,,,,,,,,,,,,,0.5,0.5,2.0,21,98.48504690326259,pullback,bull_ema8_reclaim,14.0,strong_setup,close_above_ema21;ema8_slope_positive;ema21_slope_positive;low_near_ema8;low_near_ema21;reclaimed_ema8;close_upper_half_range;relative_strength_positive;atr_pullback_controlled,ema8_above_ema21;ema21_above_ema50;ema50_above_ema200;recent_2_5_day_pullback;volume_above_20d_average,98.16000366210938,99.63999938964844,97.19000244140625,99.47000122070312,95.58000183105469,96.25587051985029,98.48504690326259,104.59782884386189,114.40314017447528,0.9183230573865302,0.09849543174404118,-0.20929908665954144,3.3085719517299106,0.930612905837584,0.0323125631990428,-0.1897311074376098,QQQ,"SPY,QQQ",50.0,770.1900024414062,757.749642905043,True,718.9600219726562,710.4548482967451,True
BIDU,credit,pullup,bear_ema21_rejection,10,valid_setup,NO,LIQUIDITY_REJECT,short leg bid/ask too wide (17.0%>15.0%),close_below_ema21;ema8_slope_negative;ema21_slope_negative;high_near_ema8;recent_2_5_day_bounce;failed_ema8_reclaim;close_lower_half_range;volume_above_20d_average,99.47000122070312,2026-12-18,102,,120.0,,,,,,,,,,,,,0.1699346405228759,,104,4908,0,0,0.0323125631990428,0.009902023779562766,1.0228367160123966,0.34907884828739394,0.020665413786215225,-0.08770786201838243,0.788358808137443,0.03326200775235623,True,False,"SPY: close=770.19, ema50=757.75, above=true; QQQ: close=718.96, ema50=710.45, above=true",,,short leg bid/ask too wide (17.0%>15.0%),,,,False,short leg bid/ask too wide (17.0%>15.0%),2026-12-18,0.27945205479452057,0.045,,BIDU261218C00120000,,,,,,False,,,3.5,4.15,3.7,3.825,"mid=avg(bid,ask)",True,0.5037891418457032,,0.44696804111270394,,,,,,,,,,,,,,,,,,,,,,,0.5,0.5,2.0,21,98.48504690326259,pullup,bear_ema21_rejection,10.0,valid_setup,ema8_below_ema21;ema21_below_ema50;ema50_below_ema200;high_near_ema21;relative_weakness_negative;atr_bounce_controlled,close_below_ema21;ema8_slope_negative;ema21_slope_negative;high_near_ema8;recent_2_5_day_bounce;failed_ema8_reclaim;close_lower_half_range;volume_above_20d_average,98.16000366210938,99.63999938964844,97.19000244140625,99.47000122070312,95.58000183105469,96.25587051985029,98.48504690326259,104.59782884386189,114.40314017447528,0.9183230573865302,0.09849543174404118,-0.20929908665954144,3.3085719517299106,0.930612905837584,-0.0323125631990428,-0.1897311074376098,QQQ,"SPY,QQQ",50.0,770.1900024414062,757.749642905043,True,718.9600219726562,710.4548482967451,True
BITO,debit,pullback,bull_ema8_pullback,15,strong_setup,NO,LIQUIDITY_REJECT,short leg bid/ask too wide (41.4%>15.0%),ema50_above_ema200;low_near_ema21;reclaimed_ema8;volume_above_20d_average,10.739999771118164,2026-12-18,102,,13.0,,,,,,,,,,,,,0.4137931034482758,,80,470,0,0,0.017521307273811612,0.06991977565408489,0.046206002945273196,1.4766043993048745,0.02421975335839255,0.22747208127464102,0.7863974710121007,0.03663207992516536,True,False,"SPY: close=770.19, ema50=757.75, above=true; QQQ: close=718.96, ema50=710.45, above=true",,,short leg bid/ask too wide (41.4%>15.0%),,,,False,short leg bid/ask too wide (41.4%>15.0%),2026-12-18,0.27945205479452057,0.045,,BITO261218C00013000,,,,,,False,,,0.23,0.35,0.27,0.29,"mid=avg(bid,ask)",True,0.45606012695312503,,0.3810821935116025,,,,,,,,,,,,,,,,,,,,,,,0.5,0.5,2.0,21,9.989061396596659,pullback,bull_ema8_pullback,15.0,strong_setup,close_above_ema21;ema8_above_ema21;ema21_above_ema50;ema8_slope_positive;ema21_slope_positive;low_near_ema8;recent_2_5_day_pullback;close_upper_half_range;relative_strength_positive;atr_pullback_controlled,ema50_above_ema200;low_near_ema21;reclaimed_ema8;volume_above_20d_average,10.663000106811523,10.75,10.569999694824219,10.739999771118164,11.010000228881836,10.551820935007736,9.989061396596659,9.499355646436538,9.550698676865975,0.05376538174583523,0.07509383745215104,0.05063853570129062,0.39342853001185824,0.9444432670707413,0.017521307273811612,0.23759287522641248,QQQ,"SPY,QQQ",50.0,770.1900024414062,757.749642905043,True,718.9600219726562,710.4548482967451,True
BITO,credit,pullup,bear_breakdown_retest,3,reject,NO,SETUP_REJECT,setup_score_below_near_miss_threshold,close_below_ema21;ema8_below_ema21;ema21_below_ema50;ema8_slope_negative;ema21_slope_negative;high_near_ema8;high_near_ema21;failed_ema8_reclaim;close_lower_half_range;relative_weakness_negative;volume_above_20d_average,10.739999771118164,,-1,,,,,,,,,,,,,,,,,0,0,0,0,0.017521307273811612,0.06991977565408489,0.5037231666607666,1.9341215630203679,0.02421975335839255,0.22747208127464102,0.7863974710121007,0.03663207992516536,True,False,"SPY: close=770.19, ema50=757.75, above=true; QQQ: close=718.96, ema50=710.45, above=true",,,setup_score_below_near_miss_threshold,,,SETUP_REJECT,False,setup_score_below_near_miss_threshold,,,0.045,,,,,,,,False,,,,,,,,False,,,,,,,,,,,,,,,,,,,,,,,,,,0.5,0.5,2.0,21,9.989061396596659,pullup,bear_breakdown_retest,3.0,reject,ema50_below_ema200;recent_2_5_day_bounce;atr_bounce_controlled,close_below_ema21;ema8_below_ema21;ema21_below_ema50;ema8_slope_negative;ema21_slope_negative;high_near_ema8;high_near_ema21;failed_ema8_reclaim;close_lower_half_range;relative_weakness_negative;volume_above_20d_average,10.663000106811523,10.75,10.569999694824219,10.739999771118164,11.010000228881836,10.551820935007736,9.989061396596659,9.499355646436538,9.550698676865975,0.05376538174583523,0.07509383745215104,0.05063853570129062,0.39342853001185824,0.9444432670707413,-0.017521307273811612,0.23759287522641248,QQQ,"SPY,QQQ",50.0,770.1900024414062,757.749642905043,True,718.9600219726562,710.4548482967451,True
BOIL,debit,pullback,bull_ema8_pullback,16,strong_setup,NO,LIQUIDITY_REJECT,"short leg illiquid (vol=2, oi=298)",ema21_above_ema50;ema50_above_ema200;close_upper_half_range;volume_above_20d_average,20.389999389648438,2026-12-18,102,,30.0,,,,,,,,,,,,,0.2756598240469208,,2,298,0,0,0.0034099568525962224,0.005303400813026489,0.09788192562407355,0.056112009591080654,0.018011662779906956,0.07205161400965421,0.8064537240238917,0.04533032718894354,True,False,"SPY: close=770.19, ema50=757.75, above=true; QQQ: close=718.96, ema50=710.45, above=true",,,"short leg illiquid (vol=2, oi=298)",,,,False,"short leg illiquid (vol=2, oi=298)",2026-12-18,0.27945205479452057,0.045,,BOIL261218C00030000,,,,,,False,,,1.47,1.94,1.84,1.705,"mid=avg(bid,ask)",True,0.9863282617187501,,0.5997593403494692,,,,,,,,,,,,,,,,,,,,,,,0.5,0.5,2.0,21,20.281863050307766,pullback,bull_ema8_pullback,16.0,strong_setup,close_above_ema21;ema8_above_ema21;ema8_slope_positive;ema21_slope_positive;low_near_ema8;low_near_ema21;recent_2_5_day_pullback;reclaimed_ema8;relative_strength_positive;atr_pullback_controlled,ema21_above_ema50;ema50_above_ema200;close_upper_half_range;volume_above_20d_average,20.56999969482422,20.889999389648438,20.229999542236328,20.389999389648438,20.1200008392334,20.320470371505273,20.281863050307766,21.724549651891216,27.790517763780464,0.019865433755192896,0.010813633934066758,-0.054471439275214806,0.9242853437151227,0.2424240672774037,0.0034099568525962224,-0.30560404293900056,QQQ,"SPY,QQQ",50.0,770.1900024414062,757.749642905043,True,718.9600219726562,710.4548482967451,True
BOIL,credit,pullup,bear_ema21_rejection,6,watchlist,NO,SETUP_REJECT,watchlist setup; below option evaluation threshold,close_below_ema21;ema8_below_ema21;ema8_slope_negative;ema21_slope_negative;high_near_ema8;high_near_ema21;failed_ema8_reclaim;relative_weakness_negative;volume_above_20d_average,20.389999389648438,,-1,,,,,,,,,,,,,,,,,0,0,0,0,0.0034099568525962224,0.005303400813026489,0.6161831105683973,0.6579530266013901,0.018011662779906956,0.07205161400965421,0.8064537240238917,0.04533032718894354,True,False,"SPY: close=770.19, ema50=757.75, above=true; QQQ: close=718.96, ema50=710.45, above=true",,,watchlist setup; below option evaluation threshold,,,SETUP_REJECT,False,watchlist setup; below option evaluation threshold,,,0.045,,,,,,,,False,,,,,,,,False,,,,,,,,,,,,,,,,,,,,,,,,,,0.5,0.5,2.0,21,20.281863050307766,pullup,bear_ema21_rejection,6.0,watchlist,ema21_below_ema50;ema50_below_ema200;recent_2_5_day_bounce;close_lower_half_range;atr_bounce_controlled,close_below_ema21;ema8_below_ema21;ema8_slope_negative;ema21_slope_negative;high_near_ema8;high_near_ema21;failed_ema8_reclaim;relative_weakness_negative;volume_above_20d_average,20.56999969482422,20.889999389648438,20.229999542236328,20.389999389648438,20.1200008392334,20.320470371505273,20.281863050307766,21.724549651891216,27.790517763780464,0.019865433755192896,0.010813633934066758,-0.054471439275214806,0.9242853437151227,0.2424240672774037,-0.0034099568525962224,-0.30560404293900056,QQQ,"SPY,QQQ",50.0,770.1900024414062,757.749642905043,True,718.9600219726562,710.4548482967451,True
CARR,debit,pullback,bull_continuation,7,watchlist,NO,SETUP_REJECT,watchlist setup; below option evaluation threshold,close_above_ema21;ema8_above_ema21;ema21_above_ema50;ema50_above_ema200;ema21_slope_positive;low_near_ema21;recent_2_5_day_pullback;reclaimed_ema8;volume_above_20d_average,59.709999084472656,,-1,,,,,,,,,,,,,,,,,0,0,0,0,0.013165256240011025,0.012813019739299412,0.518885155721907,1.5864957891661207,0.012117448825006871,-0.06154795042954064,0.8541199228204889,0.024333099695253168,True,False,"SPY: close=770.19, ema50=757.75, above=true; QQQ: close=718.96, ema50=710.45, above=true",,,watchlist setup; below option evaluation threshold,,,SETUP_REJECT,False,watchlist setup; below option evaluation threshold,,,0.045,,,,,,,,False,,,,,,,,False,,,,,,,,,,,,,,,,,,,,,,,,,,0.5,0.5,2.0,21,60.475064481375554,pullback,bull_continuation,7.0,watchlist,ema8_slope_positive;low_near_ema8;close_upper_half_range;relative_strength_positive;atr_pullback_controlled,close_above_ema21;ema8_above_ema21;ema21_above_ema50;ema50_above_ema200;ema21_slope_positive;low_near_ema21;recent_2_5_day_pullback;reclaimed_ema8;volume_above_20d_average,58.599998474121094,59.720001220703125,58.16999816894531,59.709999084472656,59.08000183105469,58.92390164643475,60.475064481375554,62.99095376424676,63.0877680333629,0.2245992680108344,-0.07650653969028554,-0.1339165175417989,1.4529293605259486,0.9935470215886829,0.013165256240011025,-0.15795263491510747,QQQ,"SPY,QQQ",50.0,770.1900024414062,757.749642905043,True,718.9600219726562,710.4548482967451,True
CARR,credit,pullup,bear_ema8_rejection,15,strong_setup,NO,LIQUIDITY_REJECT,"short leg illiquid (vol=17, oi=397)",ema8_slope_negative;recent_2_5_day_bounce;failed_ema8_reclaim;close_lower_half_range;volume_above_20d_average,59.709999084472656,2026-12-18,102,,70.0,,,,,,,,,,,,,0.5531914893617021,,17,397,0,0,0.013165256240011025,0.012813019739299412,0.5479272398901716,0.5196833935540421,0.012117448825006871,-0.06154795042954064,0.8541199228204889,0.024333099695253168,True,False,"SPY: close=770.19, ema50=757.75, above=true; QQQ: close=718.96, ema50=710.45, above=true",,,"short leg illiquid (vol=17, oi=397)",,,,False,"short leg illiquid (vol=17, oi=397)",2026-12-18,0.27945205479452057,0.045,,CARR261218C00070000,,,,,,False,,,0.85,1.5,0.95,1.175,"mid=avg(bid,ask)",True,0.370123486328125,,0.3741968879186763,,,,,,,,,,,,,,,,,,,,,,,0.5,0.5,2.0,21,60.475064481375554,pullup,bear_ema8_rejection,15.0,strong_setup,close_below_ema21;ema8_below_ema21;ema21_below_ema50;ema50_below_ema200;ema21_slope_negative;high_near_ema8;high_near_ema21;relative_weakness_negative;atr_bounce_controlled,ema8_slope_negative;recent_2_5_day_bounce;failed_ema8_reclaim;close_lower_half_range;volume_above_20d_average,58.599998474121094,59.720001220703125,58.16999816894531,59.709999084472656,59.08000183105469,58.92390164643475,60.475064481375554,62.99095376424676,63.0877680333629,0.2245992680108344,-0.07650653969028554,-0.1339165175417989,1.4529293605259486,0.9935470215886829,-0.013165256240011025,-0.15795263491510747,QQQ,"SPY,QQQ",50.0,770.1900024414062,757.749642905043,True,718.9600219726562,710.4548482967451,True
CAT,debit,pullback,bull_continuation,10,valid_setup,NO,LIQUIDITY_REJECT,"short leg illiquid (vol=12, oi=544)",close_above_ema21;ema8_above_ema21;ema21_above_ema50;ema21_slope_positive;low_near_ema21;recent_2_5_day_pullback;volume_above_20d_average,813.9400024414062,2026-12-18,102,,940.0,,,,,,,,,,,,,0.19765494137353432,,12,544,0,0,0.011048993009060459,0.01014951318432642,0.1604011378531038,0.8616329697601304,0.013575717395228004,-0.027914400990116994,0.8826681668671953,0.030230382063142706,True,False,"SPY: close=770.19, ema50=757.75, above=true; QQQ: close=718.96, ema50=710.45, above=true",,,"short leg illiquid (vol=12, oi=544)",,,,False,"short leg illiquid (vol=12, oi=544)",2026-12-18,0.27945205479452057,0.045,,CAT261218C00940000,,,,,,False,,,26.9,32.8,29.15,29.849999999999998,"mid=avg(bid,ask)",True,0.43555251953125,,0.4541383422635109,,,,,,,,,,,,,,,,,,,,,,,0.5,0.5,2.0,21,822.201097227436,pullback,bull_continuation,10.0,valid_setup,ema50_above_ema200;ema8_slope_positive;low_near_ema8;reclaimed_ema8;close_upper_half_range;relative_strength_positive;atr_pullback_controlled,close_above_ema21;ema8_above_ema21;ema21_above_ema50;ema21_slope_positive;low_near_ema21;recent_2_5_day_pullback;volume_above_20d_average,802.3800048828125,821.0,801.0,813.9400024414062,800.1400146484375,804.9467850446365,822.201097227436,850.1208023564798,815.5158727223529,2.56949068479139,-0.8261094786029162,-1.4767673434723747,24.605717250279017,0.6470001220703125,0.011048993009060459,-0.08574158362638229,QQQ,"SPY,QQQ",50.0,770.1900024414062,757.749642905043,True,718.9600219726562,710.4548482967451,True
CAT,credit,pullup,bear_ema21_rejection,12,strong_setup,NO,LIQUIDITY_REJECT,"short leg illiquid (vol=8, oi=162)",ema50_below_ema200;ema8_slope_negative;high_near_ema8;recent_2_5_day_bounce;failed_ema8_reclaim;close_lower_half_range;volume_above_20d_average,813.9400024414062,2026-12-18,102,,980.0,,,,,,,,,,,,,0.3897911832946635,,8,162,0,0,0.011048993009060459,0.01014951318432642,0.6524180860926322,0.048813745814394426,0.013575717395228004,-0.027914400990116994,0.8826681668671953,0.030230382063142706,True,False,"SPY: close=770.19, ema50=757.75, above=true; QQQ: close=718.96, ema50=710.45, above=true",,,"short leg illiquid (vol=8, oi=162)",,,,False,"short leg illiquid (vol=8, oi=162)",2026-12-18,0.27945205479452057,0.045,,CAT261218C00980000,,,,,,False,,,17.35,25.75,22.42,21.55,"mid=avg(bid,ask)",True,0.4436548554992676,,0.4541383422635109,,,,,,,,,,,,,,,,,,,,,,,0.5,0.5,2.0,21,822.201097227436,pullup,bear_ema21_rejection,12.0,strong_setup,close_below_ema21;ema8_below_ema21;ema21_below_ema50;ema21_slope_negative;high_near_ema21;relative_weakness_negative;atr_bounce_controlled,ema50_below_ema200;ema8_slope_negative;high_near_ema8;recent_2_5_day_bounce;failed_ema8_reclaim;close_lower_half_range;volume_above_20d_average,802.3800048828125,821.0,801.0,813.9400024414062,800.1400146484375,804.9467850446365,822.201097227436,850.1208023564798,815.5158727223529,2.56949068479139,-0.8261094786029162,-1.4767673434723747,24.605717250279017,0.6470001220703125,-0.011048993009060459,-0.08574158362638229,QQQ,"SPY,QQQ",50.0,770.1900024414062,757.749642905043,True,718.9600219726562,710.4548482967451,True
CEG,debit,pullback,bull_ema8_pullback,17,strong_setup,NO,LIQUIDITY_REJECT,"short leg illiquid (vol=7, oi=377)",ema50_above_ema200;low_near_ema21;recent_2_5_day_pullback,298.9599914550781,2026-12-18,102,,350.0,,,,,,,,,,,,,0.21402214022140223,,7,377,0,0,0.045982366827952426,0.06827354635388133,0.12213377465258762,0.5716893154149549,0.07672146531678536,0.11333955555767872,1.181447163657946,0.03212804509541315,True,False,"SPY: close=770.19, ema50=757.75, above=true; QQQ: close=718.96, ema50=710.45, above=true",,,"short leg illiquid (vol=7, oi=377)",,,,False,"short leg illiquid (vol=7, oi=377)",2026-12-18,0.27945205479452057,0.045,,CEG261218C00350000,,,,,,False,,,12.1,15.0,13.4,13.55,"mid=avg(bid,ask)",True,0.5073596627807617,,0.36054777883157973,,,,,,,,,,,,,,,,,,,,,,,0.5,0.5,2.0,21,278.5489326205139,pullback,bull_ema8_pullback,17.0,strong_setup,close_above_ema21;ema8_above_ema21;ema21_above_ema50;ema8_slope_positive;ema21_slope_positive;low_near_ema8;reclaimed_ema8;close_upper_half_range;relative_strength_positive;volume_above_20d_average;atr_pullback_controlled,ema50_above_ema200;low_near_ema21;recent_2_5_day_pullback,284.0400085449219,299.7300109863281,284.0400085449219,298.9599914550781,285.04998779296875,285.2131034611092,278.5489326205139,273.62413145374563,291.4720112632434,3.927682283991089,2.041105883456396,1.0341167347482383,9.60500008719308,0.9509229183280493,0.045982366827952426,0.19741388958050154,QQQ,"SPY,QQQ",50.0,770.1900024414062,757.749642905043,True,718.9600219726562,710.4548482967451,True
CEG,credit,pullup,bear_continuation,3,reject,NO,SETUP_REJECT,setup_score_below_near_miss_threshold,close_below_ema21;ema8_below_ema21;ema21_below_ema50;ema8_slope_negative;ema21_slope_negative;high_near_ema8;high_near_ema21;recent_2_5_day_bounce;failed_ema8_reclaim;close_lower_half_range;relative_weakness_negative,298.9599914550781,,-1,,,,,,,,,,,,,,,,,0,0,0,0,0.045982366827952426,0.06827354635388133,1.5113906708418656,2.205213760909408,0.07672146531678536,0.11333955555767872,1.181447163657946,0.03212804509541315,True,False,"SPY: close=770.19, ema50=757.75, above=true; QQQ: close=718.96, ema50=710.45, above=true",,,setup_score_below_near_miss_threshold,,,SETUP_REJECT,False,setup_score_below_near_miss_threshold,,,0.045,,,,,,,,False,,,,,,,,False,,,,,,,,,,,,,,,,,,,,,,,,,,0.5,0.5,2.0,21,278.5489326205139,pullup,bear_continuation,3.0,reject,ema50_below_ema200;volume_above_20d_average;atr_bounce_controlled,close_below_ema21;ema8_below_ema21;ema21_below_ema50;ema8_slope_negative;ema21_slope_negative;high_near_ema8;high_near_ema21;recent_2_5_day_bounce;failed_ema8_reclaim;close_lower_half_range;relative_weakness_negative,284.0400085449219,299.7300109863281,284.0400085449219,298.9599914550781,285.04998779296875,285.2131034611092,278.5489326205139,273.62413145374563,291.4720112632434,3.927682283991089,2.041105883456396,1.0341167347482383,9.60500008719308,0.9509229183280493,-0.045982366827952426,0.19741388958050154,QQQ,"SPY,QQQ",50.0,770.1900024414062,757.749642905043,True,718.9600219726562,710.4548482967451,True
CERT,debit,pullback,bull_ema21_pullback,6,watchlist,NO,SETUP_REJECT,watchlist setup; below option evaluation threshold,close_above_ema21;ema8_slope_positive;ema21_slope_positive;low_near_ema8;low_near_ema21;recent_2_5_day_pullback;reclaimed_ema8;close_upper_half_range;relative_strength_positive;volume_above_20d_average,7.940000057220459,,-1,,,,,,,,,,,,,,,,,0,0,0,0,0.02741461769790583,0.019050358335305925,0.7760873147879124,0.5721007274660721,-0.05263327266616302,-0.026078188974250738,0.5345976745652951,0.041003967331455844,True,False,"SPY: close=770.19, ema50=757.75, above=true; QQQ: close=718.96, ema50=710.45, above=true",,,watchlist setup; below option evaluation threshold,,,SETUP_REJECT,False,watchlist setup; below option evaluation threshold,,,0.045,,,,,,,,False,,,,,,,,False,,,,,,,,,,,,,,,,,,,,,,,,,,0.5,0.5,2.0,21,8.091259903492858,pullback,bull_ema21_pullback,6.0,watchlist,ema8_above_ema21;ema21_above_ema50;ema50_above_ema200;atr_pullback_controlled,close_above_ema21;ema8_slope_positive;ema21_slope_positive;low_near_ema8;low_near_ema21;recent_2_5_day_pullback;reclaimed_ema8;close_upper_half_range;relative_strength_positive;volume_above_20d_average,8.020000457763672,8.050000190734863,7.90500020980835,7.940000057220459,8.130000114440918,8.157672123310508,8.091259903492858,7.6004245728742115,6.895999648500667,-0.062192018882871736,-0.015125984627239575,0.013860223850866937,0.3255715029580252,0.24137828976575781,-0.02741461769790583,0.4963901908465944,QQQ,"SPY,QQQ",50.0,770.1900024414062,757.749642905043,True,718.9600219726562,710.4548482967451,True
CERT,credit,pullup,bear_ema8_rejection,12,strong_setup,NO,LIQUIDITY_REJECT,"short leg illiquid (vol=1, oi=117)",ema8_below_ema21;ema21_below_ema50;ema50_below_ema200;recent_2_5_day_bounce;failed_ema8_reclaim;volume_above_20d_average,7.940000057220459,2026-11-20,74,,10.0,,,,,,,,,,,,,1.714285714285714,,1,117,0,0,0.02741461769790583,0.019050358335305925,0.33071669847445695,0.12673011115261668,-0.05263327266616302,-0.026078188974250738,0.5345976745652951,0.041003967331455844,True,False,"SPY: close=770.19, ema50=757.75, above=true; QQQ: close=718.96, ema50=710.45, above=true",,,"short leg illiquid (vol=1, oi=117)",,,,False,"short leg illiquid (vol=1, oi=117)",2026-11-20,0.20273972602739726,0.045,,CERT261120C00010000,,,,,,False,,,0.05,0.65,0.53,0.35000000000000003,"mid=avg(bid,ask)",True,0.6718782812500002,,0.5929281975870189,,,,,,,,,,,,,,,,,,,,,,,0.5,0.5,2.0,21,8.091259903492858,pullup,bear_ema8_rejection,12.0,strong_setup,close_below_ema21;ema8_slope_negative;ema21_slope_negative;high_near_ema8;high_near_ema21;close_lower_half_range;relative_weakness_negative;atr_bounce_controlled,ema8_below_ema21;ema21_below_ema50;ema50_below_ema200;recent_2_5_day_bounce;failed_ema8_reclaim;volume_above_20d_average,8.020000457763672,8.050000190734863,7.90500020980835,7.940000057220459,8.130000114440918,8.157672123310508,8.091259903492858,7.6004245728742115,6.895999648500667,-0.062192018882871736,-0.015125984627239575,0.013860223850866937,0.3255715029580252,0.24137828976575781,0.02741461769790583,0.4963901908465944,QQQ,"SPY,QQQ",50.0,770.1900024414062,757.749642905043,True,718.9600219726562,710.4548482967451,True
CGNX,debit,pullback,bull_ema8_reclaim,13,strong_setup,NO,LIQUIDITY_REJECT,"short leg illiquid (vol=11, oi=1227)",ema8_above_ema21;ema21_above_ema50;low_near_ema21;recent_2_5_day_pullback;volume_above_20d_average,62.25,2026-11-20,74,,75.0,,,,,,,,,,,,,0.6138613861386139,,11,1227,0,0,0.01849439916788495,0.005988610984667823,0.14671143930018718,0.5166637866060739,0.026074927227717426,-0.06373851138836306,0.6146218736125499,0.0338037811471892,True,False,"SPY: close=770.19, ema50=757.75, above=true; QQQ: close=718.96, ema50=710.45, above=true",,,"short leg illiquid (vol=11, oi=1227)",,,,False,"short leg illiquid (vol=11, oi=1227)",2026-11-20,0.20273972602739726,0.045,,CGNX261120C00075000,,,,,,False,,,1.75,3.3,2.8,2.525,"mid=avg(bid,ask)",True,0.5808147387695313,,0.5271087020176685,,,,,,,,,,,,,,,,,,,,,,,0.5,0.5,2.0,21,61.87720896620443,pullback,bull_ema8_reclaim,13.0,strong_setup,close_above_ema21;ema50_above_ema200;ema8_slope_positive;ema21_slope_positive;low_near_ema8;reclaimed_ema8;close_upper_half_range;relative_strength_positive;atr_pullback_controlled,ema8_above_ema21;ema21_above_ema50;low_near_ema21;recent_2_5_day_pullback;volume_above_20d_average,60.959999084472656,62.45000076293945,60.790000915527344,62.25,60.790000915527344,61.09872365179916,61.87720896620443,62.6870051613347,58.66815957584067,0.3289360994859578,0.037279103379553646,-0.017836945360599543,2.1042853764125278,0.8795176016122842,0.01849439916788495,0.024229313966587007,QQQ,"SPY,QQQ",50.0,770.1900024414062,757.749642905043,True,718.9600219726562,710.4548482967451,True
CGNX,credit,pullup,bear_ema21_rejection,9,valid_setup,NO,LIQUIDITY_REJECT,"short leg illiquid (vol=11, oi=1227)",close_below_ema21;ema50_below_ema200;ema8_slope_negative;ema21_slope_negative;high_near_ema8;recent_2_5_day_bounce;failed_ema8_reclaim;close_lower_half_range;volume_above_20d_average,62.25,2026-11-20,74,,75.0,,,,,,,,,,,,,0.6138613861386139,,11,1227,0,0,0.01849439916788495,0.005988610984667823,0.6421548741853655,0.2722025268794787,0.026074927227717426,-0.06373851138836306,0.6146218736125499,0.0338037811471892,True,False,"SPY: close=770.19, ema50=757.75, above=true; QQQ: close=718.96, ema50=710.45, above=true",,,"short leg illiquid (vol=11, oi=1227)",,,,False,"short leg illiquid (vol=11, oi=1227)",2026-11-20,0.20273972602739726,0.045,,CGNX261120C00075000,,,,,,False,,,1.75,3.3,2.8,2.525,"mid=avg(bid,ask)",True,0.5808147387695313,,0.5271087020176685,,,,,,,,,,,,,,,,,,,,,,,0.5,0.5,2.0,21,61.87720896620443,pullup,bear_ema21_rejection,9.0,valid_setup,ema8_below_ema21;ema21_below_ema50;high_near_ema21;relative_weakness_negative;atr_bounce_controlled,close_below_ema21;ema50_below_ema200;ema8_slope_negative;ema21_slope_negative;high_near_ema8;recent_2_5_day_bounce;failed_ema8_reclaim;close_lower_half_range;volume_above_20d_average,60.959999084472656,62.45000076293945,60.790000915527344,62.25,60.790000915527344,61.09872365179916,61.87720896620443,62.6870051613347,58.66815957584067,0.3289360994859578,0.037279103379553646,-0.017836945360599543,2.1042853764125278,0.8795176016122842,-0.01849439916788495,0.024229313966587007,QQQ,"SPY,QQQ",50.0,770.1900024414062,757.749642905043,True,718.9600219726562,710.4548482967451,True
CHKP,debit,pullback,bull_ema8_pullback,17,strong_setup,NO,LIQUIDITY_REJECT,"short leg illiquid (vol=2, oi=43)",ema50_above_ema200;reclaimed_ema8;volume_above_20d_average,137.0500030517578,2026-12-18,102,,160.0,,,,,,,,,,,,,0.23255813953488372,,2,43,0,0,0.01322566433845289,0.029026287225272847,0.27932865304989857,0.2094920689488395,-0.012713077937822836,0.07784004664188349,0.8614167138381523,0.03232396290855433,True,False,"SPY: close=770.19, ema50=757.75, above=true; QQQ: close=718.96, ema50=710.45, above=true",,,"short leg illiquid (vol=2, oi=43)",,,,False,"short leg illiquid (vol=2, oi=43)",2026-12-18,0.27945205479452057,0.045,,CHKP261218C00160000,,,,,,False,,,3.8,4.8,4.4,4.3,"mid=avg(bid,ask)",True,0.42188078125,,0.3982742524348448,,,,,,,,,,,,,,,,,,,,,,,0.5,0.5,2.0,21,133.07195029895297,pullback,bull_ema8_pullback,17.0,strong_setup,close_above_ema21;ema8_above_ema21;ema21_above_ema50;ema8_slope_positive;ema21_slope_positive;low_near_ema8;low_near_ema21;recent_2_5_day_pullback;close_upper_half_range;relative_strength_positive;atr_pullback_controlled,ema50_above_ema200;reclaimed_ema8;volume_above_20d_average,135.07000732421875,139.75,134.0,137.0500030517578,137.41000366210938,135.23742571381132,133.07195029895297,132.02161536464263,141.4941422462708,0.5178792394132756,0.3978052752804899,0.20524031375981622,4.429999215262277,0.5304353133491848,0.01322566433845289,0.05395269563376437,QQQ,"SPY,QQQ",50.0,770.1900024414062,757.749642905043,True,718.9600219726562,710.4548482967451,True
CHKP,credit,pullup,bear_continuation,5,near_miss,NO,SETUP_REJECT,near_miss setup; below option evaluation threshold,close_below_ema21;ema8_below_ema21;ema21_below_ema50;ema8_slope_negative;ema21_slope_negative;high_near_ema8;high_near_ema21;failed_ema8_reclaim;close_lower_half_range;volume_above_20d_average,137.0500030517578,,-1,,,,,,,,,,,,,,,,,0,0,0,0,0.01322566433845289,0.029026287225272847,1.0186399741656647,1.5074606961644028,-0.012713077937822836,0.07784004664188349,0.8614167138381523,0.03232396290855433,True,False,"SPY: close=770.19, ema50=757.75, above=true; QQQ: close=718.96, ema50=710.45, above=true",,,near_miss setup; below option evaluation threshold,,,SETUP_REJECT,False,near_miss setup; below option evaluation threshold,,,0.045,,,,,,,,False,,,,,,,,False,,,,,,,,,,,,,,,,,,,,,,,,,,0.5,0.5,2.0,21,133.07195029895297,pullup,bear_continuation,5.0,near_miss,ema50_below_ema200;recent_2_5_day_bounce;relative_weakness_negative;atr_bounce_controlled,close_below_ema21;ema8_below_ema21;ema21_below_ema50;ema8_slope_negative;ema21_slope_negative;high_near_ema8;high_near_ema21;failed_ema8_reclaim;close_lower_half_range;volume_above_20d_average,135.07000732421875,139.75,134.0,137.0500030517578,137.41000366210938,135.23742571381132,133.07195029895297,132.02161536464263,141.4941422462708,0.5178792394132756,0.3978052752804899,0.20524031375981622,4.429999215262277,0.5304353133491848,-0.01322566433845289,0.05395269563376437,QQQ,"SPY,QQQ",50.0,770.1900024414062,757.749642905043,True,718.9600219726562,710.4548482967451,True
CIEN,debit,pullback,bull_continuation,4,near_miss,NO,SETUP_REJECT,near_miss setup; below option evaluation threshold,close_above_ema21;ema8_above_ema21;ema21_above_ema50;ema8_slope_positive;ema21_slope_positive;low_near_ema8;low_near_ema21;reclaimed_ema8;close_upper_half_range;relative_strength_positive,321.0,,-1,,,,,,,,,,,,,,,,,0,0,0,0,0.10511960106030896,0.18112733513438456,1.6104121258544852,2.617543815841186,-0.155312440808429,-0.21598154036558448,1.4063453967451947,0.0754695089329175,True,False,"SPY: close=770.19, ema50=757.75, above=true; QQQ: close=718.96, ema50=710.45, above=true",,,near_miss setup; below option evaluation threshold,,,SETUP_REJECT,False,near_miss setup; below option evaluation threshold,,,0.045,,,,,,,,False,,,,,,,,False,,,,,,,,,,,,,,,,,,,,,,,,,,0.5,0.5,2.0,21,379.14187457813745,pullback,bull_continuation,4.0,near_miss,ema50_above_ema200;recent_2_5_day_pullback;volume_above_20d_average;atr_pullback_controlled,close_above_ema21;ema8_above_ema21;ema21_above_ema50;ema8_slope_positive;ema21_slope_positive;low_near_ema8;low_near_ema21;reclaimed_ema8;close_upper_half_range;relative_strength_positive,321.6700134277344,328.8500061035156,315.7300109863281,321.0,317.4599914550781,354.7433919403592,379.14187457813745,404.9381363656001,400.7877108180073,-9.640969125816923,-5.814187457813773,-3.426046382269419,24.225712367466517,0.4016761413857591,-0.10511960106030896,-0.29790314324288036,QQQ,"SPY,QQQ",50.0,770.1900024414062,757.749642905043,True,718.9600219726562,710.4548482967451,True
CIEN,credit,pullup,bear_ema8_rejection,14,strong_setup,NO,LIQUIDITY_REJECT,"short leg illiquid (vol=9, oi=305)",ema50_below_ema200;high_near_ema8;high_near_ema21;failed_ema8_reclaim,321.0,2026-12-18,102,,440.0,,,,,,,,,,,,,0.14511041009463727,,9,305,0,0,0.10511960106030896,0.18112733513438456,1.0688389857883644,2.075970675775065,-0.155312440808429,-0.21598154036558448,1.4063453967451947,0.0754695089329175,True,False,"SPY: close=770.19, ema50=757.75, above=true; QQQ: close=718.96, ema50=710.45, above=true",,,"short leg illiquid (vol=9, oi=305)",,,,False,"short leg illiquid (vol=9, oi=305)",2026-12-18,0.27945205479452057,0.045,,CIEN261218C00440000,,,,,,False,,,14.7,17.0,15.4,15.85,"mid=avg(bid,ask)",True,0.7106352178955078,,0.7614057382761962,,,,,,,,,,,,,,,,,,,,,,,0.5,0.5,2.0,21,379.14187457813745,pullup,bear_ema8_rejection,14.0,strong_setup,close_below_ema21;ema8_below_ema21;ema21_below_ema50;ema8_slope_negative;ema21_slope_negative;recent_2_5_day_bounce;close_lower_half_range;relative_weakness_negative;volume_above_20d_average;atr_bounce_controlled,ema50_below_ema200;high_near_ema8;high_near_ema21;failed_ema8_reclaim,321.6700134277344,328.8500061035156,315.7300109863281,321.0,317.4599914550781,354.7433919403592,379.14187457813745,404.9381363656001,400.7877108180073,-9.640969125816923,-5.814187457813773,-3.426046382269419,24.225712367466517,0.4016761413857591,0.10511960106030896,-0.29790314324288036,QQQ,"SPY,QQQ",50.0,770.1900024414062,757.749642905043,True,718.9600219726562,710.4548482967451,True
COHR,debit,pullback,bull_ema8_reclaim,8,valid_setup,NO,LIQUIDITY_REJECT,"short leg illiquid (vol=19, oi=200)",close_above_ema21;ema8_above_ema21;ema21_above_ema50;ema21_slope_positive;low_near_ema8;low_near_ema21;recent_2_5_day_pullback;volume_above_20d_average,281.8599853515625,2026-11-20,74,,350.0,,,,,,,,,,,,,0.29787234042553185,,19,200,0,0,0.010941657375611646,0.03367949391075309,0.797730799360542,1.481365222663803,0.005995684356676856,-0.25093202365166223,0.7268607059604656,0.0652704863379455,True,False,"SPY: close=770.19, ema50=757.75, above=true; QQQ: close=718.96, ema50=710.45, above=true",,,"short leg illiquid (vol=19, oi=200)",,,,False,"short leg illiquid (vol=19, oi=200)",2026-11-20,0.20273972602739726,0.045,,COHR261120C00350000,,,,,,False,,,14.0,18.9,17.15,16.45,"mid=avg(bid,ask)",True,0.7418238708496092,,1.0467551121586167,,,,,,,,,,,,,,,,,,,,,,,0.5,0.5,2.0,21,291.3528870118954,pullback,bull_ema8_reclaim,8.0,valid_setup,ema50_above_ema200;ema8_slope_positive;reclaimed_ema8;close_upper_half_range;relative_strength_positive;atr_pullback_controlled,close_above_ema21;ema8_above_ema21;ema21_above_ema50;ema21_slope_positive;low_near_ema8;low_near_ema21;recent_2_5_day_pullback;volume_above_20d_average,269.69000244140625,283.8500061035156,264.1000061035156,281.8599853515625,264.4100036621094,278.7759699639508,291.3528870118954,307.2922852020162,301.8815251148747,0.8811472536033307,-0.9492901660332791,-1.0380530551205993,18.397138323102677,0.8992394555973101,0.010941657375611646,-0.2419418517386952,QQQ,"SPY,QQQ",50.0,770.1900024414062,757.749642905043,True,718.9600219726562,710.4548482967451,True
COHR,credit,pullup,bear_ema8_rejection,12,strong_setup,NO,LIQUIDITY_REJECT,"short leg illiquid (vol=38, oi=123)",ema50_below_ema200;ema8_slope_negative;high_near_ema21;recent_2_5_day_bounce;failed_ema8_reclaim;close_lower_half_range;volume_above_20d_average,281.8599853515625,2026-11-20,74,,370.0,,,,,,,,,,,,,0.11846689895470379,,38,123,0,0,0.010941657375611646,0.03367949391075309,0.2758057286112258,0.4078286946920351,0.005995684356676856,-0.25093202365166223,0.7268607059604656,0.0652704863379455,True,False,"SPY: close=770.19, ema50=757.75, above=true; QQQ: close=718.96, ema50=710.45, above=true",,,"short leg illiquid (vol=38, oi=123)",,,,False,"short leg illiquid (vol=38, oi=123)",2026-11-20,0.20273972602739726,0.045,,COHR261120C00370000,,,,,,False,,,13.5,15.2,14.13,14.35,"mid=avg(bid,ask)",True,0.7800314965820312,,1.0467551121586167,,,,,,,,,,,,,,,,,,,,,,,0.5,0.5,2.0,21,291.3528870118954,pullup,bear_ema8_rejection,12.0,strong_setup,close_below_ema21;ema8_below_ema21;ema21_below_ema50;ema21_slope_negative;high_near_ema8;relative_weakness_negative;atr_bounce_controlled,ema50_below_ema200;ema8_slope_negative;high_near_ema21;recent_2_5_day_bounce;failed_ema8_reclaim;close_lower_half_range;volume_above_20d_average,269.69000244140625,283.8500061035156,264.1000061035156,281.8599853515625,264.4100036621094,278.7759699639508,291.3528870118954,307.2922852020162,301.8815251148747,0.8811472536033307,-0.9492901660332791,-1.0380530551205993,18.397138323102677,0.8992394555973101,-0.010941657375611646,-0.2419418517386952,QQQ,"SPY,QQQ",50.0,770.1900024414062,757.749642905043,True,718.9600219726562,710.4548482967451,True
COIN,debit,pullback,bull_ema8_pullback,14,strong_setup,NO,LIQUIDITY_REJECT,"short leg illiquid (vol=8, oi=1457)",ema50_above_ema200;low_near_ema21;reclaimed_ema8;close_upper_half_range;volume_above_20d_average,184.63999938964844,2026-12-18,102,,240.0,,,,,,,,,,,,,0.16129032258064516,,8,1457,0,0,0.013080769578181672,0.05839518746771256,0.04868865553831514,0.6800472393318525,0.030055662997428456,0.207712380191181,0.8194755626327926,0.0717728705251108,True,False,"SPY: close=770.19, ema50=757.75, above=true; QQQ: close=718.96, ema50=710.45, above=true",,,"short leg illiquid (vol=8, oi=1457)",,,,False,"short leg illiquid (vol=8, oi=1457)",2026-12-18,0.27945205479452057,0.045,,COIN261218C00240000,,,,,,False,,,11.4,13.4,12.82,12.4,"mid=avg(bid,ask)",True,0.7410304217529295,,0.716765883874479,,,,,,,,,,,,,,,,,,,,,,,0.5,0.5,2.0,21,173.85791201125159,pullback,bull_ema8_pullback,14.0,strong_setup,close_above_ema21;ema8_above_ema21;ema21_above_ema50;ema8_slope_positive;ema21_slope_positive;low_near_ema8;recent_2_5_day_pullback;relative_strength_positive;atr_pullback_controlled,ema50_above_ema200;low_near_ema21;reclaimed_ema8;close_upper_half_range;volume_above_20d_average,184.97000122070312,189.0,182.8699951171875,184.63999938964844,192.6999969482422,182.22476610271684,173.85791201125159,168.78604060273895,181.64141824395904,0.6900666534090192,1.0782087378396739,0.647100358649368,13.252142769949776,0.2887443495230699,0.013080769578181672,0.16276623102174126,QQQ,"SPY,QQQ",50.0,770.1900024414062,757.749642905043,True,718.9600219726562,710.4548482967451,True
COIN,credit,pullup,bear_breakdown_retest,4,near_miss,NO,SETUP_REJECT,near_miss setup; below option evaluation threshold,close_below_ema21;ema8_below_ema21;ema21_below_ema50;ema8_slope_negative;ema21_slope_negative;high_near_ema8;high_near_ema21;failed_ema8_reclaim;relative_weakness_negative;volume_above_20d_average,184.63999938964844,,-1,,,,,,,,,,,,,,,,,0,0,0,0,0.013080769578181672,0.05839518746771256,0.5112557278394636,1.142614311633001,0.030055662997428456,0.207712380191181,0.8194755626327926,0.0717728705251108,True,False,"SPY: close=770.19, ema50=757.75, above=true; QQQ: close=718.96, ema50=710.45, above=true",,,near_miss setup; below option evaluation threshold,,,SETUP_REJECT,False,near_miss setup; below option evaluation threshold,,,0.045,,,,,,,,False,,,,,,,,False,,,,,,,,,,,,,,,,,,,,,,,,,,0.5,0.5,2.0,21,173.85791201125159,pullup,bear_breakdown_retest,4.0,near_miss,ema50_below_ema200;recent_2_5_day_bounce;close_lower_half_range;atr_bounce_controlled,close_below_ema21;ema8_below_ema21;ema21_below_ema50;ema8_slope_negative;ema21_slope_negative;high_near_ema8;high_near_ema21;failed_ema8_reclaim;relative_weakness_negative;volume_above_20d_average,184.97000122070312,189.0,182.8699951171875,184.63999938964844,192.6999969482422,182.22476610271684,173.85791201125159,168.78604060273895,181.64141824395904,0.6900666534090192,1.0782087378396739,0.647100358649368,13.252142769949776,0.2887443495230699,-0.013080769578181672,0.16276623102174126,QQQ,"SPY,QQQ",50.0,770.1900024414062,757.749642905043,True,718.9600219726562,710.4548482967451,True
CPER,debit,pullback,bull_ema8_pullback,18,strong_setup,NO,LIQUIDITY_REJECT,"short leg illiquid (vol=2, oi=2680)",reclaimed_ema8;volume_above_20d_average,39.95000076293945,2027-01-15,130,,45.0,,,,,,,,,,,,,0.23076923076923084,,2,2680,0,0,0.0038748423188619176,0.00545039053289474,0.025581226454688962,0.13437188064463862,0.0035268564459660645,0.006882212260857057,0.5174122850015794,0.014482385695391608,True,False,"SPY: close=770.19, ema50=757.75, above=true; QQQ: close=718.96, ema50=710.45, above=true",,,"short leg illiquid (vol=2, oi=2680)",,,,False,"short leg illiquid (vol=2, oi=2680)",2027-01-15,0.3561643835616438,0.045,,CPER270115C00045000,,,,,,False,,,1.15,1.45,1.25,1.2999999999999998,"mid=avg(bid,ask)",True,0.33521172607421873,,0.2293742299187661,,,,,,,,,,,,,,,,,,,,,,,0.5,0.5,2.0,21,39.73225765699199,pullback,bull_ema8_pullback,18.0,strong_setup,close_above_ema21;ema8_above_ema21;ema21_above_ema50;ema50_above_ema200;ema8_slope_positive;ema21_slope_positive;low_near_ema8;low_near_ema21;recent_2_5_day_pullback;close_upper_half_range;relative_strength_positive;atr_pullback_controlled,reclaimed_ema8;volume_above_20d_average,39.90999984741211,40.029998779296875,39.810001373291016,39.95000076293945,39.90999984741211,39.79520080934465,39.73225765699199,39.270279703725464,37.550672434685296,0.044228558169947974,0.02177431059474344,0.02774371670261644,0.5785713195800781,0.636368365382948,0.0038748423188619176,0.022691412464818983,QQQ,"SPY,QQQ",50.0,770.1900024414062,757.749642905043,True,718.9600219726562,710.4548482967451,True
CPER,credit,pullup,bear_ema8_rejection,6,watchlist,NO,SETUP_REJECT,watchlist setup; below option evaluation threshold,close_below_ema21;ema8_below_ema21;ema21_below_ema50;ema50_below_ema200;ema8_slope_negative;ema21_slope_negative;failed_ema8_reclaim;close_lower_half_range;relative_weakness_negative;volume_above_20d_average,39.95000076293945,,-1,,,,,,,,,,,,,,,,,0,0,0,0,0.0038748423188619176,0.00545039053289474,0.40582372821839807,0.5146143824083478,0.0035268564459660645,0.006882212260857057,0.5174122850015794,0.014482385695391608,True,False,"SPY: close=770.19, ema50=757.75, above=true; QQQ: close=718.96, ema50=710.45, above=true",,,watchlist setup; below option evaluation threshold,,,SETUP_REJECT,False,watchlist setup; below option evaluation threshold,,,0.045,,,,,,,,False,,,,,,,,False,,,,,,,,,,,,,,,,,,,,,,,,,,0.5,0.5,2.0,21,39.73225765699199,pullup,bear_ema8_rejection,6.0,watchlist,high_near_ema8;high_near_ema21;recent_2_5_day_bounce;atr_bounce_controlled,close_below_ema21;ema8_below_ema21;ema21_below_ema50;ema50_below_ema200;ema8_slope_negative;ema21_slope_negative;failed_ema8_reclaim;close_lower_half_range;relative_weakness_negative;volume_above_20d_average,39.90999984741211,40.029998779296875,39.810001373291016,39.95000076293945,39.90999984741211,39.79520080934465,39.73225765699199,39.270279703725464,37.550672434685296,0.044228558169947974,0.02177431059474344,0.02774371670261644,0.5785713195800781,0.636368365382948,-0.0038748423188619176,0.022691412464818983,QQQ,"SPY,QQQ",50.0,770.1900024414062,757.749642905043,True,718.9600219726562,710.4548482967451,True
CRM,debit,pullback,bull_breakout_pullback,13,strong_setup,NO,PRICING_REJECT,spread mid/width too high (31.4%>20.0%),low_near_ema8;low_near_ema21;reclaimed_ema8;close_upper_half_range;volume_above_20d_average,259.2300109863281,2026-12-18,102,270.0,300.0,30.0,9.424999999999999,11.100000000000001,1.6750000000000025,72.34308312755252,marginal,0.31416666666666665,,,,,,0.13808463251670386,0.08716707021791771,91,2833,66,1672,0.03758954170447629,0.12752899852788374,0.7271183477543004,2.761206450706951,0.009085790745397393,0.35060161908244136,0.6384147285842822,0.044216106811132104,True,False,"SPY: close=770.19, ema50=757.75, above=true; QQQ: close=718.96, ema50=710.45, above=true",,,spread mid/width too high (31.4%>20.0%),,,PRICING_REJECT,False,spread mid/width too high (31.4%>20.0%),2026-12-18,0.27945205479452057,0.045,CRM261218C00270000,CRM261218C00300000,19.75,21.55,20.5,20.65,"mid=avg(bid,ask)",True,0.4754080780029296,,10.45,12.0,11.2,11.225,"mid=avg(bid,ask)",True,0.47031169342041024,,0.5837987989645209,,,,,,,,,,,,,,,,,,,,,,,0.5,0.5,2.0,21,226.1706672968694,pullback,bull_breakout_pullback,13.0,strong_setup,close_above_ema21;ema8_above_ema21;ema21_above_ema50;ema50_above_ema200;ema8_slope_positive;ema21_slope_positive;recent_2_5_day_pullback;relative_strength_positive;atr_pullback_controlled,low_near_ema8;low_near_ema21;reclaimed_ema8;close_upper_half_range;volume_above_20d_average,263.3599853515625,263.6000061035156,257.82000732421875,259.2300109863281,264.42999267578125,249.4856736773057,226.1706672968694,203.5485277556124,191.71894589397155,2.7840963740063955,3.305934368945884,2.2727136012536846,11.462141854422432,0.243945321781002,0.03758954170447629,0.48024614429797796,QQQ,"SPY,QQQ",50.0,770.1900024414062,757.749642905043,True,718.9600219726562,710.4548482967451,True
CRM,credit,pullup,bear_breakdown_retest,3,reject,NO,SETUP_REJECT,setup_score_below_near_miss_threshold,close_below_ema21;ema8_below_ema21;ema21_below_ema50;ema50_below_ema200;ema8_slope_negative;ema21_slope_negative;high_near_ema8;high_near_ema21;failed_ema8_reclaim;relative_weakness_negative;volume_above_20d_average,259.2300109863281,,-1,,,,,,,,,,,,,,,,,0,0,0,0,0.03758954170447629,0.12752899852788374,1.2313869960320027,3.2654750989846533,0.009085790745397393,0.35060161908244136,0.6384147285842822,0.044216106811132104,True,False,"SPY: close=770.19, ema50=757.75, above=true; QQQ: close=718.96, ema50=710.45, above=true",,,setup_score_below_near_miss_threshold,,,SETUP_REJECT,False,setup_score_below_near_miss_threshold,,,0.045,,,,,,,,False,,,,,,,,False,,,,,,,,,,,,,,,,,,,,,,,,,,0.5,0.5,2.0,21,226.1706672968694,pullup,bear_breakdown_retest,3.0,reject,recent_2_5_day_bounce;close_lower_half_range;atr_bounce_controlled,close_below_ema21;ema8_below_ema21;ema21_below_ema50;ema50_below_ema200;ema8_slope_negative;ema21_slope_negative;high_near_ema8;high_near_ema21;failed_ema8_reclaim;relative_weakness_negative;volume_above_20d_average,263.3599853515625,263.6000061035156,257.82000732421875,259.2300109863281,264.42999267578125,249.4856736773057,226.1706672968694,203.5485277556124,191.71894589397155,2.7840963740063955,3.305934368945884,2.2727136012536846,11.462141854422432,0.243945321781002,-0.03758954170447629,0.48024614429797796,QQQ,"SPY,QQQ",50.0,770.1900024414062,757.749642905043,True,718.9600219726562,710.4548482967451,True
CRWD,debit,pullback,bull_ema8_pullback,15,strong_setup,NO,LIQUIDITY_REJECT,"short leg illiquid (vol=1, oi=130)",reclaimed_ema8;close_upper_half_range;relative_strength_positive;volume_above_20d_average,213.10000610351562,2026-12-18,102,,257.5,,,,,,,,,,,,,0.10383747178329575,,1,130,0,0,0.005884500020746738,0.02337400907024025,0.03761371729108333,0.2288952700134685,-0.027798783722533194,-0.0005270066006954899,0.8138179383336868,0.06562446252331243,True,False,"SPY: close=770.19, ema50=757.75, above=true; QQQ: close=718.96, ema50=710.45, above=true",,,"short leg illiquid (vol=1, oi=130)",,,,False,"short leg illiquid (vol=1, oi=130)",2026-12-18,0.27945205479452057,0.045,,CRWD261218C00257500,,,,,,False,,,10.5,11.65,11.35,11.075,"mid=avg(bid,ask)",True,0.5615888568115235,,0.6569889332808841,,,,,,,,,,,,,,,,,,,,,,,0.5,0.5,2.0,21,208.1190046279838,pullback,bull_ema8_pullback,15.0,strong_setup,close_above_ema21;ema8_above_ema21;ema21_above_ema50;ema50_above_ema200;ema8_slope_positive;ema21_slope_positive;low_near_ema8;low_near_ema21;recent_2_5_day_pullback;atr_pullback_controlled,reclaimed_ema8;close_upper_half_range;relative_strength_positive;volume_above_20d_average,212.5,218.30999755859375,211.32000732421875,213.10000610351562,214.97000122070312,211.84601911317836,208.1190046279838,197.68443125894203,154.20201236167347,0.3582819972392315,0.49810014755320253,0.6292071365132017,13.984573364257812,0.25464968041633196,0.005884500020746738,0.27953176116684797,QQQ,"SPY,QQQ",50.0,770.1900024414062,757.749642905043,True,718.9600219726562,710.4548482967451,True
CRWD,credit,pullup,bear_continuation,5,near_miss,NO,SETUP_REJECT,near_miss setup; below option evaluation threshold,close_below_ema21;ema8_below_ema21;ema21_below_ema50;ema50_below_ema200;ema8_slope_negative;ema21_slope_negative;high_near_ema8;high_near_ema21;failed_ema8_reclaim;volume_above_20d_average,213.10000610351562,,-1,,,,,,,,,,,,,,,,,0,0,0,0,0.005884500020746738,0.02337400907024025,0.46222206977984903,0.7287310570844008,-0.027798783722533194,-0.0005270066006954899,0.8138179383336868,0.06562446252331243,True,False,"SPY: close=770.19, ema50=757.75, above=true; QQQ: close=718.96, ema50=710.45, above=true",,,near_miss setup; below option evaluation threshold,,,SETUP_REJECT,False,near_miss setup; below option evaluation threshold,,,0.045,,,,,,,,False,,,,,,,,False,,,,,,,,,,,,,,,,,,,,,,,,,,0.5,0.5,2.0,21,208.1190046279838,pullup,bear_continuation,5.0,near_miss,recent_2_5_day_bounce;close_lower_half_range;relative_weakness_negative;atr_bounce_controlled,close_below_ema21;ema8_below_ema21;ema21_below_ema50;ema50_below_ema200;ema8_slope_negative;ema21_slope_negative;high_near_ema8;high_near_ema21;failed_ema8_reclaim;volume_above_20d_average,212.5,218.30999755859375,211.32000732421875,213.10000610351562,214.97000122070312,211.84601911317836,208.1190046279838,197.68443125894203,154.20201236167347,0.3582819972392315,0.49810014755320253,0.6292071365132017,13.984573364257812,0.25464968041633196,-0.005884500020746738,0.27953176116684797,QQQ,"SPY,QQQ",50.0,770.1900024414062,757.749642905043,True,718.9600219726562,710.4548482967451,True
CRWV,debit,pullback,bull_ema8_reclaim,13,strong_setup,NO,PRICING_REJECT,spread mid/width too high (23.4%>20.0%),ema8_above_ema21;ema21_above_ema50;low_near_ema21;recent_2_5_day_pullback;volume_above_20d_average,89.36000061035156,2026-12-18,102,97.5,125.0,27.5,6.424999999999999,6.9,0.4750000000000014,86.86910867067148,good,0.2336363636363636,,,,,,0.078125,0.0350877192982457,464,818,20,579,0.03823992645558785,0.022266754030130606,0.20715541017119007,0.49068383391264964,0.0573731910906512,-0.008818873002858107,0.7610640227433788,0.056337111513104124,True,False,"SPY: close=770.19, ema50=757.75, above=true; QQQ: close=718.96, ema50=710.45, above=true",,,spread mid/width too high (23.4%>20.0%),,,PRICING_REJECT,False,spread mid/width too high (23.4%>20.0%),2026-12-18,0.27945205479452057,0.045,CRWV261218C00097500,CRWV261218C00125000,12.6,13.05,12.8,12.825,"mid=avg(bid,ask)",True,0.8447891497802733,,6.15,6.65,6.38,6.4,"mid=avg(bid,ask)",True,0.8596205444335938,,1.0113820869026913,,,,,,,,,,,,,,,,,,,,,,,0.5,0.5,2.0,21,87.37024345662854,pullback,bull_ema8_reclaim,13.0,strong_setup,close_above_ema21;ema50_above_ema200;ema8_slope_positive;ema21_slope_positive;low_near_ema8;reclaimed_ema8;close_upper_half_range;relative_strength_positive;atr_pullback_controlled,ema8_above_ema21;ema21_above_ema50;low_near_ema21;recent_2_5_day_pullback;volume_above_20d_average,85.7249984741211,89.62999725341797,84.9000015258789,89.36000061035156,84.55999755859375,85.94288075894043,87.37024345662854,89.1462233707874,88.55923820942489,0.9763199575460249,0.19897571537229908,0.008725601614870016,5.034284319196429,0.9429182057196316,0.03823992645558785,-0.10179813459719633,QQQ,"SPY,QQQ",50.0,770.1900024414062,757.749642905043,True,718.9600219726562,710.4548482967451,True
CRWV,credit,pullup,bear_continuation,7,watchlist,NO,SETUP_REJECT,watchlist setup; below option evaluation threshold,close_below_ema21;ema50_below_ema200;ema8_slope_negative;ema21_slope_negative;high_near_ema8;high_near_ema21;recent_2_5_day_bounce;failed_ema8_reclaim;close_lower_half_range;volume_above_20d_average,89.36000061035156,,-1,,,,,,,,,,,,,,,,,0,0,0,0,0.03823992645558785,0.022266754030130606,0.7324013227496997,0.4488728990082401,0.0573731910906512,-0.008818873002858107,0.7610640227433788,0.056337111513104124,True,False,"SPY: close=770.19, ema50=757.75, above=true; QQQ: close=718.96, ema50=710.45, above=true",,,watchlist setup; below option evaluation threshold,,,SETUP_REJECT,False,watchlist setup; below option evaluation threshold,,,0.045,,,,,,,,False,,,,,,,,False,,,,,,,,,,,,,,,,,,,,,,,,,,0.5,0.5,2.0,21,87.37024345662854,pullup,bear_continuation,7.0,watchlist,ema8_below_ema21;ema21_below_ema50;relative_weakness_negative;atr_bounce_controlled,close_below_ema21;ema50_below_ema200;ema8_slope_negative;ema21_slope_negative;high_near_ema8;high_near_ema21;recent_2_5_day_bounce;failed_ema8_reclaim;close_lower_half_range;volume_above_20d_average,85.7249984741211,89.62999725341797,84.9000015258789,89.36000061035156,84.55999755859375,85.94288075894043,87.37024345662854,89.1462233707874,88.55923820942489,0.9763199575460249,0.19897571537229908,0.008725601614870016,5.034284319196429,0.9429182057196316,-0.03823992645558785,-0.10179813459719633,QQQ,"SPY,QQQ",50.0,770.1900024414062,757.749642905043,True,718.9600219726562,710.4548482967451,True
CSCO,debit,pullback,bull_ema8_pullback,5,near_miss,NO,SETUP_REJECT,near_miss setup; below option evaluation threshold,close_above_ema21;ema8_above_ema21;ema21_above_ema50;ema8_slope_positive;ema21_slope_positive;low_near_ema21;reclaimed_ema8;close_upper_half_range;relative_strength_positive;volume_above_20d_average,109.19999694824219,,-1,,,,,,,,,,,,,,,,,0,0,0,0,0.007106219295343472,0.02495670619583701,0.47725986666218906,1.4304499994284454,-0.010172059654546484,-0.09508739095317131,0.6330468644885894,0.018727099963455958,True,False,"SPY: close=770.19, ema50=757.75, above=true; QQQ: close=718.96, ema50=710.45, above=true",,,near_miss setup; below option evaluation threshold,,,SETUP_REJECT,False,near_miss setup; below option evaluation threshold,,,0.045,,,,,,,,False,,,,,,,,False,,,,,,,,,,,,,,,,,,,,,,,,,,0.5,0.5,2.0,21,111.92526918866577,pullback,bull_ema8_pullback,5.0,near_miss,ema50_above_ema200;low_near_ema8;recent_2_5_day_pullback;atr_pullback_controlled,close_above_ema21;ema8_above_ema21;ema21_above_ema50;ema8_slope_positive;ema21_slope_positive;low_near_ema21;reclaimed_ema8;close_upper_half_range;relative_strength_positive;volume_above_20d_average,109.63999938964844,110.36000061035156,109.0,109.19999694824219,108.61000061035156,109.97599607360723,111.92526918866577,112.8568571038033,100.52854126001517,-0.22171403581857874,-0.2725272240423635,-0.14925959818616263,2.044999258858817,0.14705651359265784,-0.007106219295343472,-0.11723653392349576,QQQ,"SPY,QQQ",50.0,770.1900024414062,757.749642905043,True,718.9600219726562,710.4548482967451,True
CSCO,credit,pullup,bear_ema8_rejection,19,strong_setup,NO,RISK_REJECT,credit/width<20.0% (credit_width=19.5%),ema50_below_ema200;volume_above_20d_average,109.19999694824219,2026-12-18,102,130.0,125.0,5.0,0.9749999999999996,0.75,0.22499999999999964,75.2747252747253,good,0.19499999999999992,1.1246236742771778,-0.14962367427717815,0.7776269224856184,0.2422360248447204,,0.09230769230769226,0.06593406593406588,52,1771,19,2080,0.007106219295343472,0.02495670619583701,0.1877773476351363,0.76541278513112,-0.010172059654546484,-0.09508739095317131,0.6330468644885894,0.018727099963455958,True,False,"SPY: close=770.19, ema50=757.75, above=true; QQQ: close=718.96, ema50=710.45, above=true",0.4874999999999998,1.9499999999999993,credit/width<20.0% (credit_width=19.5%),SELL credit call spread near mid on pullup day (trend down).,TP: buy back at 50% max profit (spread≈0.49); SL: buy back if spread≥1.95 OR close>EMA21 (≈111.93); Time-stop: exit by 21 days.,,False,credit/width<20.0% (credit_width=19.5%),2026-12-18,0.27945205479452057,0.045,CSCO261218C00130000,CSCO261218C00125000,2.2,2.35,2.25,2.2750000000000004,"mid=avg(bid,ask)",True,0.36694968994140625,0.36694968994140625,3.1,3.4,3.2,3.25,"mid=avg(bid,ask)",True,0.37293107543945314,0.37293107543945314,0.3451401337924625,0.3699403826904297,2.591984980321268,3.7166086545984456,-0.7369966589803338,-0.9309780988826881,0.23056219056187638,0.014354255773809785,17.552531672236427,-12.540495503580287,-0.5230943785538842,-0.720237771724839,0.30045428863128965,0.016161724748475208,20.08486140919669,-14.710891670896471,0.06989209806941327,0.0018074689746654226,2.532329736960264,-2.1703961673161842,125.975,0.9749999999999996,4.025,0.5,0.5,2.0,21,111.92526918866577,pullup,bear_ema8_rejection,19.0,strong_setup,close_below_ema21;ema8_below_ema21;ema21_below_ema50;ema8_slope_negative;ema21_slope_negative;high_near_ema8;high_near_ema21;recent_2_5_day_bounce;failed_ema8_reclaim;close_lower_half_range;relative_weakness_negative;atr_bounce_controlled,ema50_below_ema200;volume_above_20d_average,109.63999938964844,110.36000061035156,109.0,109.19999694824219,108.61000061035156,109.97599607360723,111.92526918866577,112.8568571038033,100.52854126001517,-0.22171403581857874,-0.2725272240423635,-0.14925959818616263,2.044999258858817,0.14705651359265784,0.007106219295343472,-0.11723653392349576,QQQ,"SPY,QQQ",50.0,770.1900024414062,757.749642905043,True,718.9600219726562,710.4548482967451,True
CVX,debit,pullback,bull_ema8_pullback,16,strong_setup,NO,LIQUIDITY_REJECT,"short leg illiquid (vol=33, oi=1928)",low_near_ema21;reclaimed_ema8;volume_above_20d_average,208.60000610351562,2026-12-18,102,,230.0,,,,,,,,,,,,,0.08695652173913032,,33,1928,0,0,0.00533670084710791,0.02855004220575965,0.10042734550978512,1.2254521260730897,0.029858065297776903,0.12376808248171034,0.7004252545239433,0.01750788201806832,True,False,"SPY: close=770.19, ema50=757.75, above=true; QQQ: close=718.96, ema50=710.45, above=true",,,"short leg illiquid (vol=33, oi=1928)",,,,False,"short leg illiquid (vol=33, oi=1928)",2026-12-18,0.27945205479452057,0.045,,CVX261218C00230000,,,,,,False,,,4.4,4.8,4.52,4.6,"mid=avg(bid,ask)",True,0.27460442199707036,,0.25357665938342383,,,,,,,,,,,,,,,,,,,,,,,0.5,0.5,2.0,21,202.64446712513853,pullback,bull_ema8_pullback,16.0,strong_setup,close_above_ema21;ema8_above_ema21;ema21_above_ema50;ema50_above_ema200;ema8_slope_positive;ema21_slope_positive;low_near_ema8;recent_2_5_day_pullback;close_upper_half_range;relative_strength_positive;atr_pullback_controlled,low_near_ema21;reclaimed_ema8;volume_above_20d_average,209.50999450683594,209.86000061035156,207.1199951171875,208.60000610351562,211.32000732421875,207.48677027423628,202.64446712513853,195.79950925299968,190.6894688661232,0.31806737979411537,0.5955538978376751,0.5224692592047404,3.652144295828683,0.5401489121173476,0.00533670084710791,0.06262324396954866,QQQ,"SPY,QQQ",50.0,770.1900024414062,757.749642905043,True,718.9600219726562,710.4548482967451,True
CVX,credit,pullup,bear_breakdown_retest,4,near_miss,NO,SETUP_REJECT,near_miss setup; below option evaluation threshold,close_below_ema21;ema8_below_ema21;ema21_below_ema50;ema50_below_ema200;ema8_slope_negative;ema21_slope_negative;high_near_ema21;failed_ema8_reclaim;close_lower_half_range;relative_weakness_negative;volume_above_20d_average,208.60000610351562,,-1,,,,,,,,,,,,,,,,,0,0,0,0,0.00533670084710791,0.02855004220575965,0.6498183379079197,1.9756978094907944,0.029858065297776903,0.12376808248171034,0.7004252545239433,0.01750788201806832,True,False,"SPY: close=770.19, ema50=757.75, above=true; QQQ: close=718.96, ema50=710.45, above=true",,,near_miss setup; below option evaluation threshold,,,SETUP_REJECT,False,near_miss setup; below option evaluation threshold,,,0.045,,,,,,,,False,,,,,,,,False,,,,,,,,,,,,,,,,,,,,,,,,,,0.5,0.5,2.0,21,202.64446712513853,pullup,bear_breakdown_retest,4.0,near_miss,high_near_ema8;recent_2_5_day_bounce;atr_bounce_controlled,close_below_ema21;ema8_below_ema21;ema21_below_ema50;ema50_below_ema200;ema8_slope_negative;ema21_slope_negative;high_near_ema21;failed_ema8_reclaim;close_lower_half_range;relative_weakness_negative;volume_above_20d_average,209.50999450683594,209.86000061035156,207.1199951171875,208.60000610351562,211.32000732421875,207.48677027423628,202.64446712513853,195.79950925299968,190.6894688661232,0.31806737979411537,0.5955538978376751,0.5224692592047404,3.652144295828683,0.5401489121173476,-0.00533670084710791,0.06262324396954866,QQQ,"SPY,QQQ",50.0,770.1900024414062,757.749642905043,True,718.9600219726562,710.4548482967451,True
CXAI,debit,pullback,bull_ema8_reclaim,1,reject,NO,SETUP_REJECT,setup_score_below_near_miss_threshold,close_above_ema21;ema8_above_ema21;ema21_above_ema50;ema50_above_ema200;ema8_slope_positive;ema21_slope_positive;low_near_ema8;low_near_ema21;recent_2_5_day_pullback;reclaimed_ema8;relative_strength_positive;volume_above_20d_average;atr_pullback_controlled,3.4100000858306885,,-1,,,,,,,,,,,,,,,,,0,0,0,0,0.08134823077434249,0.34760627386415816,1.0714860513223894,3.152894117938253,-0.05893305049459974,-0.5681208906731753,0.6512399265443548,0.12792207705945977,True,False,"SPY: close=770.19, ema50=757.75, above=true; QQQ: close=718.96, ema50=710.45, above=true",,,setup_score_below_near_miss_threshold,,,SETUP_REJECT,False,setup_score_below_near_miss_threshold,,,0.045,,,,,,,,False,,,,,,,,False,,,,,,,,,,,,,,,,,,,,,,,,,,0.5,0.5,2.0,21,4.5953375095427536,pullback,bull_ema8_reclaim,1.0,reject,close_upper_half_range,close_above_ema21;ema8_above_ema21;ema21_above_ema50;ema50_above_ema200;ema8_slope_positive;ema21_slope_positive;low_near_ema8;low_near_ema21;recent_2_5_day_pullback;reclaimed_ema8;relative_strength_positive;volume_above_20d_average;atr_pullback_controlled,3.4200000762939453,3.5299999713897705,3.2200000286102295,3.4100000858306885,3.4200000762939453,3.687397559753371,4.5953375095427536,6.037807171112588,8.683282173683642,-0.07925642112076625,-0.11853374237120651,-0.10725743205232252,0.4362142937523978,0.6129035235196126,-0.08134823077434249,-0.7192190935050045,QQQ,"SPY,QQQ",50.0,770.1900024414062,757.749642905043,True,718.9600219726562,710.4548482967451,True
CXAI,credit,pullup,bear_ema8_rejection,11,strong_setup,NO,LIQUIDITY_REJECT,"short leg illiquid (vol=1, oi=0)",high_near_ema8;high_near_ema21;recent_2_5_day_bounce;failed_ema8_reclaim;close_lower_half_range;volume_above_20d_average;atr_bounce_controlled,3.4100000858306885,2026-11-20,74,,2.5,,,,,,,,,,,,,,,1,0,0,0,0.08134823077434249,0.34760627386415816,0.3608262971156601,2.4422343637315236,-0.05893305049459974,-0.5681208906731753,0.6512399265443548,0.12792207705945977,True,False,"SPY: close=770.19, ema50=757.75, above=true; QQQ: close=718.96, ema50=710.45, above=true",,,"short leg illiquid (vol=1, oi=0)",,,,False,"short leg illiquid (vol=1, oi=0)",2026-11-20,0.20273972602739726,0.045,,CXAI261120C00002500,,,,,,False,,,0.0,0.0,0.07,0.07,mid=last (no valid bid/ask),False,,,1.4333389871361089,,,,,,,,,,,,,,,,,,,,,,,0.5,0.5,2.0,21,4.5953375095427536,pullup,bear_ema8_rejection,11.0,strong_setup,close_below_ema21;ema8_below_ema21;ema21_below_ema50;ema50_below_ema200;ema8_slope_negative;ema21_slope_negative;relative_weakness_negative,high_near_ema8;high_near_ema21;recent_2_5_day_bounce;failed_ema8_reclaim;close_lower_half_range;volume_above_20d_average;atr_bounce_controlled,3.4200000762939453,3.5299999713897705,3.2200000286102295,3.4100000858306885,3.4200000762939453,3.687397559753371,4.5953375095427536,6.037807171112588,8.683282173683642,-0.07925642112076625,-0.11853374237120651,-0.10725743205232252,0.4362142937523978,0.6129035235196126,0.08134823077434249,-0.7192190935050045,QQQ,"SPY,QQQ",50.0,770.1900024414062,757.749642905043,True,718.9600219726562,710.4548482967451,True
CYBR,debit,,,0,reject,NO,DATA_REJECT,no/insufficient daily data,,,,-1,,,,,,,,,,,,,,,,,0,0,0,0,,,,,,,,,,,,,,no/insufficient daily data,,,DATA_REJECT,False,no/insufficient daily data,,,0.045,,,,,,,,False,,,,,,,,False,,,,,,,,,,,,,,,,,,,,,,,,,,0.5,0.5,2.0,21,,,,,,,,,,,,,,,,,,,,,,,,,,,,,,,,
CYBR,credit,,,0,reject,NO,DATA_REJECT,no/insufficient daily data,,,,-1,,,,,,,,,,,,,,,,,0,0,0,0,,,,,,,,,,,,,,no/insufficient daily data,,,DATA_REJECT,False,no/insufficient daily data,,,0.045,,,,,,,,False,,,,,,,,False,,,,,,,,,,,,,,,,,,,,,,,,,,0.5,0.5,2.0,21,,,,,,,,,,,,,,,,,,,,,,,,,,,,,,,,
DDOG,debit,pullback,bull_ema8_reclaim,4,near_miss,NO,SETUP_REJECT,near_miss setup; below option evaluation threshold,close_above_ema21;ema8_above_ema21;ema21_above_ema50;ema8_slope_positive;ema21_slope_positive;low_near_ema8;low_near_ema21;reclaimed_ema8;relative_strength_positive;volume_above_20d_average,212.92999267578125,,-1,,,,,,,,,,,,,,,,,0,0,0,0,0.04418309778043277,0.09533255530907965,0.9659828263155292,1.8898372437705109,-0.1050168117914343,-0.08414134836263376,0.5997522517390944,0.05536527894681992,True,False,"SPY: close=770.19, ema50=757.75, above=true; QQQ: close=718.96, ema50=710.45, above=true",,,near_miss setup; below option evaluation threshold,,,SETUP_REJECT,False,near_miss setup; below option evaluation threshold,,,0.045,,,,,,,,False,,,,,,,,False,,,,,,,,,,,,,,,,,,,,,,,,,,0.5,0.5,2.0,21,233.2291529795071,pullback,bull_ema8_reclaim,4.0,near_miss,ema50_above_ema200;recent_2_5_day_pullback;close_upper_half_range;atr_pullback_controlled,close_above_ema21;ema8_above_ema21;ema21_above_ema50;ema8_slope_positive;ema21_slope_positive;low_near_ema8;low_near_ema21;reclaimed_ema8;relative_strength_positive;volume_above_20d_average,212.19000244140625,214.7100067138672,210.9499969482422,212.92999267578125,214.75999450683594,222.33789936256213,233.2291529795071,236.55858861999246,190.12646210490945,-2.68797333908023,-2.02991603037259,-0.9644324875188204,11.788928440638951,0.526593240698656,-0.04418309778043277,-0.10100693868153354,QQQ,"SPY,QQQ",50.0,770.1900024414062,757.749642905043,True,718.9600219726562,710.4548482967451,True
DDOG,credit,pullup,bear_breakdown_retest,12,strong_setup,NO,LIQUIDITY_REJECT,"short leg illiquid (vol=10, oi=408)",ema50_below_ema200;high_near_ema8;high_near_ema21;failed_ema8_reclaim;close_lower_half_range;volume_above_20d_average,212.92999267578125,2026-12-18,102,,280.0,,,,,,,,,,,,,0.20540540540540525,,10,408,0,0,0.04418309778043277,0.09533255530907965,0.6470386759156129,1.5708930933705947,-0.1050168117914343,-0.08414134836263376,0.5997522517390944,0.05536527894681992,True,False,"SPY: close=770.19, ema50=757.75, above=true; QQQ: close=718.96, ema50=710.45, above=true",,,"short leg illiquid (vol=10, oi=408)",,,,False,"short leg illiquid (vol=10, oi=408)",2026-12-18,0.27945205479452057,0.045,,DDOG261218C00280000,,,,,,False,,,8.3,10.2,9.25,9.25,"mid=avg(bid,ask)",True,0.6249427154541016,,0.6723372640262022,,,,,,,,,,,,,,,,,,,,,,,0.5,0.5,2.0,21,233.2291529795071,pullup,bear_breakdown_retest,12.0,strong_setup,close_below_ema21;ema8_below_ema21;ema21_below_ema50;ema8_slope_negative;ema21_slope_negative;recent_2_5_day_bounce;relative_weakness_negative;atr_bounce_controlled,ema50_below_ema200;high_near_ema8;high_near_ema21;failed_ema8_reclaim;close_lower_half_range;volume_above_20d_average,212.19000244140625,214.7100067138672,210.9499969482422,212.92999267578125,214.75999450683594,222.33789936256213,233.2291529795071,236.55858861999246,190.12646210490945,-2.68797333908023,-2.02991603037259,-0.9644324875188204,11.788928440638951,0.526593240698656,0.04418309778043277,-0.10100693868153354,QQQ,"SPY,QQQ",50.0,770.1900024414062,757.749642905043,True,718.9600219726562,710.4548482967451,True
DE,debit,pullback,bull_breakout_pullback,13,strong_setup,NO,LIQUIDITY_REJECT,"short leg illiquid (vol=15, oi=123)",low_near_ema8;low_near_ema21;reclaimed_ema8;close_upper_half_range;volume_above_20d_average,693.530029296875,2026-12-18,102,,780.0,,,,,,,,,,,,,0.32087912087912074,,15,123,0,0,0.0335196651302462,0.07156114616589536,0.8808953012154163,2.0119954274058265,0.09673351756438886,0.12273041490968117,0.7775543708841379,0.033632284317546994,True,False,"SPY: close=770.19, ema50=757.75, above=true; QQQ: close=718.96, ema50=710.45, above=true",,,"short leg illiquid (vol=15, oi=123)",,,,False,"short leg illiquid (vol=15, oi=123)",2026-12-18,0.27945205479452057,0.045,,DE261218C00780000,,,,,,False,,,19.1,26.4,22.67,22.75,"mid=avg(bid,ask)",True,0.38521427780151357,,0.3444652191465746,,,,,,,,,,,,,,,,,,,,,,,0.5,0.5,2.0,21,643.9002254999236,pullback,bull_breakout_pullback,13.0,strong_setup,close_above_ema21;ema8_above_ema21;ema21_above_ema50;ema50_above_ema200;ema8_slope_positive;ema21_slope_positive;recent_2_5_day_pullback;relative_strength_positive;atr_pullback_controlled,low_near_ema8;low_near_ema21;reclaimed_ema8;close_upper_half_range;volume_above_20d_average,692.030029296875,702.4500122070312,690.8300170898438,693.530029296875,694.4099731445312,670.2831349570739,643.9002254999236,622.2831351591233,598.051874235439,6.641969811371723,4.962980379695182,2.9080364954185143,23.324999128069198,0.23235915160046644,0.0335196651302462,0.20190753835689979,QQQ,"SPY,QQQ",50.0,770.1900024414062,757.749642905043,True,718.9600219726562,710.4548482967451,True
DE,credit,pullup,bear_breakdown_retest,3,reject,NO,SETUP_REJECT,setup_score_below_near_miss_threshold,close_below_ema21;ema8_below_ema21;ema21_below_ema50;ema50_below_ema200;ema8_slope_negative;ema21_slope_negative;high_near_ema8;high_near_ema21;failed_ema8_reclaim;relative_weakness_negative;volume_above_20d_average,693.530029296875,,-1,,,,,,,,,,,,,,,,,0,0,0,0,0.0335196651302462,0.07156114616589536,1.379073031186006,2.5101731573764163,0.09673351756438886,0.12273041490968117,0.7775543708841379,0.033632284317546994,True,False,"SPY: close=770.19, ema50=757.75, above=true; QQQ: close=718.96, ema50=710.45, above=true",,,setup_score_below_near_miss_threshold,,,SETUP_REJECT,False,setup_score_below_near_miss_threshold,,,0.045,,,,,,,,False,,,,,,,,False,,,,,,,,,,,,,,,,,,,,,,,,,,0.5,0.5,2.0,21,643.9002254999236,pullup,bear_breakdown_retest,3.0,reject,recent_2_5_day_bounce;close_lower_half_range;atr_bounce_controlled,close_below_ema21;ema8_below_ema21;ema21_below_ema50;ema50_below_ema200;ema8_slope_negative;ema21_slope_negative;high_near_ema8;high_near_ema21;failed_ema8_reclaim;relative_weakness_negative;volume_above_20d_average,692.030029296875,702.4500122070312,690.8300170898438,693.530029296875,694.4099731445312,670.2831349570739,643.9002254999236,622.2831351591233,598.051874235439,6.641969811371723,4.962980379695182,2.9080364954185143,23.324999128069198,0.23235915160046644,-0.0335196651302462,0.20190753835689979,QQQ,"SPY,QQQ",50.0,770.1900024414062,757.749642905043,True,718.9600219726562,710.4548482967451,True
DELL,debit,pullback,bull_ema8_pullback,14,strong_setup,NO,LIQUIDITY_REJECT,"short leg illiquid (vol=6, oi=60)",low_near_ema8;low_near_ema21;recent_2_5_day_pullback;reclaimed_ema8,524.1400146484375,2026-12-18,102,,670.0,,,,,,,,,,,,,0.08504398826979469,,6,60,0,0,0.07764480544075172,0.11405299912728671,0.8908819055504763,1.5274515028318216,0.14529379675700826,0.1607077228757291,1.3353119650722212,0.057194364672813025,True,False,"SPY: close=770.19, ema50=757.75, above=true; QQQ: close=718.96, ema50=710.45, above=true",,,"short leg illiquid (vol=6, oi=60)",,,,False,"short leg illiquid (vol=6, oi=60)",2026-12-18,0.27945205479452057,0.045,,DELL261218C00670000,,,,,,False,,,32.65,35.55,35.15,34.099999999999994,"mid=avg(bid,ask)",True,0.7076292665100099,,0.7684478876958769,,,,,,,,,,,,,,,,,,,,,,,0.5,0.5,2.0,21,464.3602740151632,pullback,bull_ema8_pullback,14.0,strong_setup,close_above_ema21;ema8_above_ema21;ema21_above_ema50;ema50_above_ema200;ema8_slope_positive;ema21_slope_positive;close_upper_half_range;relative_strength_positive;volume_above_20d_average;atr_pullback_controlled,low_near_ema8;low_near_ema21;recent_2_5_day_pullback;reclaimed_ema8,513.780029296875,534.989990234375,510.1499938964844,524.1400146484375,516.3900146484375,483.4432651873468,464.3602740151632,434.30961238796186,304.6323901077715,11.627642703168704,5.977974063327451,3.6665470310398405,29.977855137416295,0.5632054273137279,0.07764480544075172,0.3808174488170175,QQQ,"SPY,QQQ",50.0,770.1900024414062,757.749642905043,True,718.9600219726562,710.4548482967451,True
DELL,credit,pullup,bear_continuation,2,reject,NO,SETUP_REJECT,setup_score_below_near_miss_threshold,close_below_ema21;ema8_below_ema21;ema21_below_ema50;ema50_below_ema200;ema8_slope_negative;ema21_slope_negative;high_near_ema8;high_near_ema21;recent_2_5_day_bounce;failed_ema8_reclaim;close_lower_half_range;relative_weakness_negative,524.1400146484375,,-1,,,,,,,,,,,,,,,,,0,0,0,0,0.07764480544075172,0.11405299912728671,1.7194934330939213,2.3560630303752665,0.14529379675700826,0.1607077228757291,1.3353119650722212,0.057194364672813025,True,False,"SPY: close=770.19, ema50=757.75, above=true; QQQ: close=718.96, ema50=710.45, above=true",,,setup_score_below_near_miss_threshold,,,SETUP_REJECT,False,setup_score_below_near_miss_threshold,,,0.045,,,,,,,,False,,,,,,,,False,,,,,,,,,,,,,,,,,,,,,,,,,,0.5,0.5,2.0,21,464.3602740151632,pullup,bear_continuation,2.0,reject,volume_above_20d_average;atr_bounce_controlled,close_below_ema21;ema8_below_ema21;ema21_below_ema50;ema50_below_ema200;ema8_slope_negative;ema21_slope_negative;high_near_ema8;high_near_ema21;recent_2_5_day_bounce;failed_ema8_reclaim;close_lower_half_range;relative_weakness_negative,513.780029296875,534.989990234375,510.1499938964844,524.1400146484375,516.3900146484375,483.4432651873468,464.3602740151632,434.30961238796186,304.6323901077715,11.627642703168704,5.977974063327451,3.6665470310398405,29.977855137416295,0.5632054273137279,-0.07764480544075172,0.3808174488170175,QQQ,"SPY,QQQ",50.0,770.1900024414062,757.749642905043,True,718.9600219726562,710.4548482967451,True
DHR,debit,pullback,bull_continuation,10,valid_setup,NO,LIQUIDITY_REJECT,"short leg illiquid (vol=42, oi=183)",close_above_ema21;ema8_slope_positive;ema21_slope_positive;low_near_ema8;low_near_ema21;reclaimed_ema8;volume_above_20d_average,207.66000366210938,2026-12-18,102,,240.0,,,,,,,,,,,,,0.48543689320388356,,42,183,0,0,0.014850508469064022,0.005559781027183753,0.8420870347780137,0.5474390587776744,-0.042454026688190205,0.01979206613594997,0.9306380655727177,0.03153161806164781,True,False,"SPY: close=770.19, ema50=757.75, above=true; QQQ: close=718.96, ema50=710.45, above=true",,,"short leg illiquid (vol=42, oi=183)",,,,False,"short leg illiquid (vol=42, oi=183)",2026-12-18,0.27945205479452057,0.045,,DHR261218C00240000,,,,,,False,,,3.9,6.4,4.45,5.15,"mid=avg(bid,ask)",True,0.38440557006835935,,0.3907113122977165,,,,,,,,,,,,,,,,,,,,,,,0.5,0.5,2.0,21,208.81454781057488,pullback,bull_continuation,10.0,valid_setup,ema8_above_ema21;ema21_above_ema50;ema50_above_ema200;recent_2_5_day_pullback;close_upper_half_range;relative_strength_positive;atr_pullback_controlled,close_above_ema21;ema8_slope_positive;ema21_slope_positive;low_near_ema8;low_near_ema21;reclaimed_ema8;volume_above_20d_average,207.19000244140625,208.6999969482422,205.22999572753906,207.66000366210938,211.02999877929688,210.7438603051794,208.81454781057488,202.19971011308687,195.7602731031271,-0.881101898020006,-0.11545441484656749,0.22286912444988616,6.547855922154018,0.7002902247042786,-0.014850508469064022,0.09443255648755122,QQQ,"SPY,QQQ",50.0,770.1900024414062,757.749642905043,True,718.9600219726562,710.4548482967451,True
DHR,credit,pullup,bear_ema8_rejection,12,strong_setup,NO,LIQUIDITY_REJECT,"short leg illiquid (vol=42, oi=183)",ema8_below_ema21;ema21_below_ema50;ema50_below_ema200;failed_ema8_reclaim;close_lower_half_range;volume_above_20d_average,207.66000366210938,2026-12-18,102,,240.0,,,,,,,,,,,,,0.48543689320388356,,42,183,0,0,0.014850508469064022,0.005559781027183753,0.31214238389424553,0.01749440789390622,-0.042454026688190205,0.01979206613594997,0.9306380655727177,0.03153161806164781,True,False,"SPY: close=770.19, ema50=757.75, above=true; QQQ: close=718.96, ema50=710.45, above=true",,,"short leg illiquid (vol=42, oi=183)",,,,False,"short leg illiquid (vol=42, oi=183)",2026-12-18,0.27945205479452057,0.045,,DHR261218C00240000,,,,,,False,,,3.9,6.4,4.45,5.15,"mid=avg(bid,ask)",True,0.38440557006835935,,0.3907113122977165,,,,,,,,,,,,,,,,,,,,,,,0.5,0.5,2.0,21,208.81454781057488,pullup,bear_ema8_rejection,12.0,strong_setup,close_below_ema21;ema8_slope_negative;ema21_slope_negative;high_near_ema8;high_near_ema21;recent_2_5_day_bounce;relative_weakness_negative;atr_bounce_controlled,ema8_below_ema21;ema21_below_ema50;ema50_below_ema200;failed_ema8_reclaim;close_lower_half_range;volume_above_20d_average,207.19000244140625,208.6999969482422,205.22999572753906,207.66000366210938,211.02999877929688,210.7438603051794,208.81454781057488,202.19971011308687,195.7602731031271,-0.881101898020006,-0.11545441484656749,0.22286912444988616,6.547855922154018,0.7002902247042786,0.014850508469064022,0.09443255648755122,QQQ,"SPY,QQQ",50.0,770.1900024414062,757.749642905043,True,718.9600219726562,710.4548482967451,True
DIA,debit,pullback,bull_ema8_pullback,15,strong_setup,NO,LIQUIDITY_REJECT,"short leg illiquid (vol=1, oi=8)",reclaimed_ema8;close_upper_half_range;relative_strength_positive;volume_above_20d_average,534.0800170898438,2026-12-18,102,,561.0,,,,,,,,,,,,,0.07594936708860761,,1,8,0,0,0.0014365905627142944,0.0025821550948403617,0.09136897438411908,0.05467600448613996,-0.005362973466570664,-0.004637344598099058,0.7990060179281601,0.007843915901715078,True,False,"SPY: close=770.19, ema50=757.75, above=true; QQQ: close=718.96, ema50=710.45, above=true",,,"short leg illiquid (vol=1, oi=8)",,,,False,"short leg illiquid (vol=1, oi=8)",2026-12-18,0.27945205479452057,0.045,,DIA261218C00561000,,,,,,False,,,5.7,6.15,4.45,5.925000000000001,"mid=avg(bid,ask)",True,0.13935186828613283,,0.11971128151201085,,,,,,,,,,,,,,,,,,,,,,,0.5,0.5,2.0,21,532.7009396526628,pullback,bull_ema8_pullback,15.0,strong_setup,close_above_ema21;ema8_above_ema21;ema21_above_ema50;ema50_above_ema200;ema8_slope_positive;ema21_slope_positive;low_near_ema8;low_near_ema21;recent_2_5_day_pullback;atr_pullback_controlled,reclaimed_ema8;close_upper_half_range;relative_strength_positive;volume_above_20d_average,535.1300048828125,536.3699951171875,532.9299926757812,534.0800170898438,536.9299926757812,533.3127627775582,532.7009396526628,527.4210526162551,504.16491416967597,0.2192155177958739,0.13790774371807402,0.27179446830973575,4.189278738839286,0.33430918542964105,0.0014365905627142944,0.03119781725431703,QQQ,"SPY,QQQ",50.0,770.1900024414062,757.749642905043,True,718.9600219726562,710.4548482967451,True
DIA,credit,pullup,bear_breakdown_retest,9,valid_setup,NO,LIQUIDITY_REJECT,"short leg illiquid (vol=1, oi=6)",close_below_ema21;ema8_below_ema21;ema21_below_ema50;ema50_below_ema200;ema8_slope_negative;ema21_slope_negative;failed_ema8_reclaim;volume_above_20d_average,534.0800170898438,2026-12-18,102,,566.0,,,,,,,,,,,,,0.08510638297872347,,1,6,0,0,0.0014365905627142944,0.0025821550948403617,0.7297753456425221,0.8758203245127811,-0.005362973466570664,-0.004637344598099058,0.7990060179281601,0.007843915901715078,True,False,"SPY: close=770.19, ema50=757.75, above=true; QQQ: close=718.96, ema50=710.45, above=true",,,"short leg illiquid (vol=1, oi=6)",,,,False,"short leg illiquid (vol=1, oi=6)",2026-12-18,0.27945205479452057,0.045,,DIA261218C00566000,,,,,,False,,,4.5,4.9,3.45,4.7,"mid=avg(bid,ask)",True,0.13781074600219728,,0.11971128151201085,,,,,,,,,,,,,,,,,,,,,,,0.5,0.5,2.0,21,532.7009396526628,pullup,bear_breakdown_retest,9.0,valid_setup,high_near_ema8;high_near_ema21;recent_2_5_day_bounce;close_lower_half_range;relative_weakness_negative;atr_bounce_controlled,close_below_ema21;ema8_below_ema21;ema21_below_ema50;ema50_below_ema200;ema8_slope_negative;ema21_slope_negative;failed_ema8_reclaim;volume_above_20d_average,535.1300048828125,536.3699951171875,532.9299926757812,534.0800170898438,536.9299926757812,533.3127627775582,532.7009396526628,527.4210526162551,504.16491416967597,0.2192155177958739,0.13790774371807402,0.27179446830973575,4.189278738839286,0.33430918542964105,-0.0014365905627142944,0.03119781725431703,QQQ,"SPY,QQQ",50.0,770.1900024414062,757.749642905043,True,718.9600219726562,710.4548482967451,True
DOCN,debit,pullback,bull_ema8_reclaim,10,valid_setup,NO,LIQUIDITY_REJECT,"short leg illiquid (vol=2, oi=36)",close_above_ema21;ema8_above_ema21;ema21_above_ema50;ema21_slope_positive;low_near_ema21;recent_2_5_day_pullback;volume_above_20d_average,112.47000122070312,2026-12-18,102,,150.0,,,,,,,,,,,,,0.2894736842105262,,2,36,0,0,0.0077593093260702834,0.036759649636501066,0.284252303661316,0.9612530616602847,0.007798496006730993,-0.0884506449511171,0.7136643032729566,0.06575909766210213,True,False,"SPY: close=770.19, ema50=757.75, above=true; QQQ: close=718.96, ema50=710.45, above=true",,,"short leg illiquid (vol=2, oi=36)",,,,False,"short leg illiquid (vol=2, oi=36)",2026-12-18,0.27945205479452057,0.045,,DOCN261218C00150000,,,,,,False,,,6.5,8.7,6.75,7.6,"mid=avg(bid,ask)",True,0.7769797692871094,,0.8219838442857562,,,,,,,,,,,,,,,,,,,,,,,0.5,0.5,2.0,21,116.60435906019302,pullback,bull_ema8_reclaim,10.0,valid_setup,ema50_above_ema200;ema8_slope_positive;low_near_ema8;reclaimed_ema8;close_upper_half_range;relative_strength_positive;atr_pullback_controlled,close_above_ema21;ema8_above_ema21;ema21_above_ema50;ema21_slope_positive;low_near_ema21;recent_2_5_day_pullback;volume_above_20d_average,110.87999725341797,113.70999908447266,109.49500274658203,112.47000122070312,109.4000015258789,111.59731169132819,116.60435906019302,123.6753896696297,105.77955286507395,0.24933986553570264,-0.4134357839489837,-0.4573627938337381,7.395925794328962,0.7058128253582108,0.0077593093260702834,-0.3805119145162775,QQQ,"SPY,QQQ",50.0,770.1900024414062,757.749642905043,True,718.9600219726562,710.4548482967451,True
DOCN,credit,pullup,bear_ema8_rejection,12,strong_setup,NO,LIQUIDITY_REJECT,"short leg illiquid (vol=4, oi=235)",ema50_below_ema200;ema8_slope_negative;high_near_ema21;recent_2_5_day_bounce;failed_ema8_reclaim;close_lower_half_range;volume_above_20d_average,112.47000122070312,2026-12-18,102,,160.0,,,,,,,,,,,,,0.4516129032258065,,4,235,0,0,0.0077593093260702834,0.036759649636501066,0.2856555692817298,0.39134518871723895,0.007798496006730993,-0.0884506449511171,0.7136643032729566,0.06575909766210213,True,False,"SPY: close=770.19, ema50=757.75, above=true; QQQ: close=718.96, ema50=710.45, above=true",,,"short leg illiquid (vol=4, oi=235)",,,,False,"short leg illiquid (vol=4, oi=235)",2026-12-18,0.27945205479452057,0.045,,DOCN261218C00160000,,,,,,False,,,4.8,7.6,5.02,6.199999999999999,"mid=avg(bid,ask)",True,0.7888815057373046,,0.8219838442857562,,,,,,,,,,,,,,,,,,,,,,,0.5,0.5,2.0,21,116.60435906019302,pullup,bear_ema8_rejection,12.0,strong_setup,close_below_ema21;ema8_below_ema21;ema21_below_ema50;ema21_slope_negative;high_near_ema8;relative_weakness_negative;atr_bounce_controlled,ema50_below_ema200;ema8_slope_negative;high_near_ema21;recent_2_5_day_bounce;failed_ema8_reclaim;close_lower_half_range;volume_above_20d_average,110.87999725341797,113.70999908447266,109.49500274658203,112.47000122070312,109.4000015258789,111.59731169132819,116.60435906019302,123.6753896696297,105.77955286507395,0.24933986553570264,-0.4134357839489837,-0.4573627938337381,7.395925794328962,0.7058128253582108,-0.0077593093260702834,-0.3805119145162775,QQQ,"SPY,QQQ",50.0,770.1900024414062,757.749642905043,True,718.9600219726562,710.4548482967451,True
DUK,debit,pullback,bull_ema8_pullback,4,near_miss,NO,SETUP_REJECT,near_miss setup; below option evaluation threshold,close_above_ema21;ema8_above_ema21;ema21_above_ema50;ema50_above_ema200;ema8_slope_positive;ema21_slope_positive;low_near_ema21;reclaimed_ema8;close_upper_half_range;relative_strength_positive;volume_above_20d_average,120.22000122070312,,-1,,,,,,,,,,,,,,,,,0,0,0,0,0.005204912964714902,0.01525708298910625,0.4935704740240114,1.1746741047457068,-0.0037809097680497894,-0.031455381257873505,0.7790448233036017,0.014758649889650565,True,False,"SPY: close=770.19, ema50=757.75, above=true; QQQ: close=718.96, ema50=710.45, above=true",,,near_miss setup; below option evaluation threshold,,,SETUP_REJECT,False,near_miss setup; below option evaluation threshold,,,0.045,,,,,,,,False,,,,,,,,False,,,,,,,,,,,,,,,,,,,,,,,,,,0.5,0.5,2.0,21,122.05420775627785,pullback,bull_ema8_pullback,4.0,near_miss,low_near_ema8;recent_2_5_day_pullback;atr_pullback_controlled,close_above_ema21;ema8_above_ema21;ema21_above_ema50;ema50_above_ema200;ema8_slope_positive;ema21_slope_positive;low_near_ema21;reclaimed_ema8;close_upper_half_range;relative_strength_positive;volume_above_20d_average,120.73999786376953,121.43000030517578,119.97000122070312,120.22000122070312,121.4000015258789,120.8457358636748,122.05420775627785,123.68179347607128,127.1050573123213,-0.17878132656332468,-0.1834206535574765,-0.14129764307625692,1.774284907749721,0.17123298408799936,-0.005204912964714902,-0.07497606583925032,QQQ,"SPY,QQQ",50.0,770.1900024414062,757.749642905043,True,718.9600219726562,710.4548482967451,True
DUK,credit,pullup,bear_ema8_rejection,20,strong_setup,NO,LIQUIDITY_REJECT,long leg bid/ask too wide (62.1%>15.0%),volume_above_20d_average,120.22000122070312,2026-12-18,102,135.0,130.0,5.0,,,,,,,,,,,,0.03636363636363624,0.6206896551724137,137,1026,1,601,0.005204912964714902,0.01525708298910625,0.3292957286335623,0.3518079020881331,-0.0037809097680497894,-0.031455381257873505,0.7790448233036017,0.014758649889650565,True,False,"SPY: close=770.19, ema50=757.75, above=true; QQQ: close=718.96, ema50=710.45, above=true",,,long leg bid/ask too wide (62.1%>15.0%),,,,False,long leg bid/ask too wide (62.1%>15.0%),2026-12-18,0.27945205479452057,0.045,DUK261218C00135000,DUK261218C00130000,0.5,0.95,0.8,0.725,"mid=avg(bid,ask)",True,0.2004474487304687,,1.35,1.4,1.4,1.375,"mid=avg(bid,ask)",True,0.18042811767578126,,0.18693308068163067,,,,,,,,,,,,,,,,,,,,,,,0.5,0.5,2.0,21,122.05420775627785,pullup,bear_ema8_rejection,20.0,strong_setup,close_below_ema21;ema8_below_ema21;ema21_below_ema50;ema50_below_ema200;ema8_slope_negative;ema21_slope_negative;high_near_ema8;high_near_ema21;recent_2_5_day_bounce;failed_ema8_reclaim;close_lower_half_range;relative_weakness_negative;atr_bounce_controlled,volume_above_20d_average,120.73999786376953,121.43000030517578,119.97000122070312,120.22000122070312,121.4000015258789,120.8457358636748,122.05420775627785,123.68179347607128,127.1050573123213,-0.17878132656332468,-0.1834206535574765,-0.14129764307625692,1.774284907749721,0.17123298408799936,0.005204912964714902,-0.07497606583925032,QQQ,"SPY,QQQ",50.0,770.1900024414062,757.749642905043,True,718.9600219726562,710.4548482967451,True
DUOL,debit,pullback,bull_ema8_pullback,15,strong_setup,NO,LIQUIDITY_REJECT,"short leg illiquid (vol=2, oi=338)",low_near_ema21;reclaimed_ema8;close_upper_half_range;volume_above_20d_average,154.4600067138672,2026-11-20,74,,190.0,,,,,,,,,,,,,0.5301204819277109,,2,338,0,0,0.012292522709043921,0.05621727650724634,0.05914913539417499,0.9739144510262112,0.047359914281335236,0.1856139260687527,0.890070892093972,0.04801751121035193,True,False,"SPY: close=770.19, ema50=757.75, above=true; QQQ: close=718.96, ema50=710.45, above=true",,,"short leg illiquid (vol=2, oi=338)",,,,False,"short leg illiquid (vol=2, oi=338)",2026-11-20,0.20273972602739726,0.045,,DUOL261120C00190000,,,,,,False,,,6.1,10.5,7.6,8.3,"mid=avg(bid,ask)",True,0.6978789978027344,,0.6396466561023861,,,,,,,,,,,,,,,,,,,,,,,0.5,0.5,2.0,21,145.7766858071226,pullback,bull_ema8_pullback,15.0,strong_setup,close_above_ema21;ema8_above_ema21;ema21_above_ema50;ema50_above_ema200;ema8_slope_positive;ema21_slope_positive;low_near_ema8;recent_2_5_day_pullback;relative_strength_positive;atr_pullback_controlled,low_near_ema21;reclaimed_ema8;close_upper_half_range;volume_above_20d_average,157.4600067138672,158.30999755859375,153.0,154.4600067138672,158.82000732421875,152.5613035736979,145.7766858071226,136.76865193850298,117.58955835235085,0.5424866114769316,0.8683320906744711,0.7220961132801733,7.416785103934152,0.2749543098196531,0.012292522709043921,0.23046799573916488,QQQ,"SPY,QQQ",50.0,770.1900024414062,757.749642905043,True,718.9600219726562,710.4548482967451,True
DUOL,credit,pullup,bear_breakdown_retest,3,reject,NO,SETUP_REJECT,setup_score_below_near_miss_threshold,close_below_ema21;ema8_below_ema21;ema21_below_ema50;ema50_below_ema200;ema8_slope_negative;ema21_slope_negative;high_near_ema8;high_near_ema21;failed_ema8_reclaim;relative_weakness_negative;volume_above_20d_average,154.4600067138672,,-1,,,,,,,,,,,,,,,,,0,0,0,0,0.012292522709043921,0.05621727650724634,0.7750924294471631,1.6898577450791992,0.047359914281335236,0.1856139260687527,0.890070892093972,0.04801751121035193,True,False,"SPY: close=770.19, ema50=757.75, above=true; QQQ: close=718.96, ema50=710.45, above=true",,,setup_score_below_near_miss_threshold,,,SETUP_REJECT,False,setup_score_below_near_miss_threshold,,,0.045,,,,,,,,False,,,,,,,,False,,,,,,,,,,,,,,,,,,,,,,,,,,0.5,0.5,2.0,21,145.7766858071226,pullup,bear_breakdown_retest,3.0,reject,recent_2_5_day_bounce;close_lower_half_range;atr_bounce_controlled,close_below_ema21;ema8_below_ema21;ema21_below_ema50;ema50_below_ema200;ema8_slope_negative;ema21_slope_negative;high_near_ema8;high_near_ema21;failed_ema8_reclaim;relative_weakness_negative;volume_above_20d_average,157.4600067138672,158.30999755859375,153.0,154.4600067138672,158.82000732421875,152.5613035736979,145.7766858071226,136.76865193850298,117.58955835235085,0.5424866114769316,0.8683320906744711,0.7220961132801733,7.416785103934152,0.2749543098196531,-0.012292522709043921,0.23046799573916488,QQQ,"SPY,QQQ",50.0,770.1900024414062,757.749642905043,True,718.9600219726562,710.4548482967451,True
EEM,debit,pullback,bull_ema8_pullback,18,strong_setup,NO,LIQUIDITY_REJECT,"short leg illiquid (vol=15, oi=58)",recent_2_5_day_pullback;reclaimed_ema8,68.69999694824219,2026-12-18,102,,79.0,,,,,,,,,,,,,1.985130111524164,,15,58,0,0,0.018370075065168634,0.0284156197826812,0.3055621061281319,1.0276689772583807,0.01970355545628588,0.052246977742520184,1.378922561964291,0.013911437654358809,True,False,"SPY: close=770.19, ema50=757.75, above=true; QQQ: close=718.96, ema50=710.45, above=true",,,"short leg illiquid (vol=15, oi=58)",,,,False,"short leg illiquid (vol=15, oi=58)",2026-12-18,0.27945205479452057,0.045,,EEM261218C00079000,,,,,,False,,,0.01,2.68,0.35,1.345,"mid=avg(bid,ask)",True,0.42249112670898437,,0.2895787440281473,,,,,,,,,,,,,,,,,,,,,,,0.5,0.5,2.0,21,66.74784395588958,pullback,bull_ema8_pullback,18.0,strong_setup,close_above_ema21;ema8_above_ema21;ema21_above_ema50;ema50_above_ema200;ema8_slope_positive;ema21_slope_positive;low_near_ema8;low_near_ema21;close_upper_half_range;relative_strength_positive;volume_above_20d_average;atr_pullback_controlled,recent_2_5_day_pullback;reclaimed_ema8,67.7300033569336,68.7300033569336,67.7300033569336,68.69999694824219,67.47000122070312,67.43797284732612,66.74784395588958,66.13782756740014,63.020388040904905,0.36057831454745326,0.19521529923525804,0.10457834207518601,0.9557157244001117,0.9699935913085938,0.018370075065168634,0.026052156923211722,QQQ,"SPY,QQQ",50.0,770.1900024414062,757.749642905043,True,718.9600219726562,710.4548482967451,True
EEM,credit,pullup,bear_continuation,2,reject,NO,SETUP_REJECT,setup_score_below_near_miss_threshold,close_below_ema21;ema8_below_ema21;ema21_below_ema50;ema50_below_ema200;ema8_slope_negative;ema21_slope_negative;high_near_ema8;high_near_ema21;recent_2_5_day_bounce;failed_ema8_reclaim;close_lower_half_range;relative_weakness_negative,68.69999694824219,,-1,,,,,,,,,,,,,,,,,0,0,0,0,0.018370075065168634,0.0284156197826812,1.3518983486626837,2.0740052197929324,0.01970355545628588,0.052246977742520184,1.378922561964291,0.013911437654358809,True,False,"SPY: close=770.19, ema50=757.75, above=true; QQQ: close=718.96, ema50=710.45, above=true",,,setup_score_below_near_miss_threshold,,,SETUP_REJECT,False,setup_score_below_near_miss_threshold,,,0.045,,,,,,,,False,,,,,,,,False,,,,,,,,,,,,,,,,,,,,,,,,,,0.5,0.5,2.0,21,66.74784395588958,pullup,bear_continuation,2.0,reject,volume_above_20d_average;atr_bounce_controlled,close_below_ema21;ema8_below_ema21;ema21_below_ema50;ema50_below_ema200;ema8_slope_negative;ema21_slope_negative;high_near_ema8;high_near_ema21;recent_2_5_day_bounce;failed_ema8_reclaim;close_lower_half_range;relative_weakness_negative,67.7300033569336,68.7300033569336,67.7300033569336,68.69999694824219,67.47000122070312,67.43797284732612,66.74784395588958,66.13782756740014,63.020388040904905,0.36057831454745326,0.19521529923525804,0.10457834207518601,0.9557157244001117,0.9699935913085938,-0.018370075065168634,0.026052156923211722,QQQ,"SPY,QQQ",50.0,770.1900024414062,757.749642905043,True,718.9600219726562,710.4548482967451,True
EFA,debit,pullback,bull_ema8_pullback,17,strong_setup,NO,LIQUIDITY_REJECT,"short leg illiquid (vol=0, oi=8700)",recent_2_5_day_pullback;reclaimed_ema8;volume_above_20d_average,108.3499984741211,2026-11-30,84,,114.0,,,,,,,,,,,,,1.3391304347826087,,0,8700,0,0,0.005157873600539588,0.007971243858650348,0.0673184628009047,0.41597854198236894,0.002317030867360348,0.0037865875706849517,0.6646141641232685,0.008069092007079217,True,False,"SPY: close=770.19, ema50=757.75, above=true; QQQ: close=718.96, ema50=710.45, above=true",,,"short leg illiquid (vol=0, oi=8700)",,,,False,"short leg illiquid (vol=0, oi=8700)",2026-11-30,0.23013698630136986,0.045,,EFA261130C00114000,,,,,,False,,,0.38,1.92,0.91,1.15,"mid=avg(bid,ask)",True,0.19385571777343752,,0.1416748491678284,,,,,,,,,,,,,,,,,,,,,,,0.5,0.5,2.0,21,107.48631421419948,pullback,bull_ema8_pullback,17.0,strong_setup,close_above_ema21;ema8_above_ema21;ema21_above_ema50;ema50_above_ema200;ema8_slope_positive;ema21_slope_positive;low_near_ema8;low_near_ema21;close_upper_half_range;relative_strength_positive;atr_pullback_controlled,recent_2_5_day_pullback;reclaimed_ema8;volume_above_20d_average,107.8499984741211,108.58000183105469,107.8499984741211,108.3499984741211,108.20999908447266,107.79114287737292,107.48631421419948,106.27055917611581,102.79614686626073,0.15967302764234148,0.08636842599214845,0.08487507338797684,0.8742861066545758,0.6849283571794362,0.005157873600539588,0.03032357806630981,QQQ,"SPY,QQQ",50.0,770.1900024414062,757.749642905043,True,718.9600219726562,710.4548482967451,True
EFA,credit,pullup,bear_ema8_rejection,5,near_miss,NO,SETUP_REJECT,near_miss setup; below option evaluation threshold,close_below_ema21;ema8_below_ema21;ema21_below_ema50;ema50_below_ema200;ema8_slope_negative;ema21_slope_negative;recent_2_5_day_bounce;failed_ema8_reclaim;close_lower_half_range;relative_weakness_negative;volume_above_20d_average,108.3499984741211,,-1,,,,,,,,,,,,,,,,,0,0,0,0,0.005157873600539588,0.007971243858650348,0.9022892479674736,1.2509493271489378,0.002317030867360348,0.0037865875706849517,0.6646141641232685,0.008069092007079217,True,False,"SPY: close=770.19, ema50=757.75, above=true; QQQ: close=718.96, ema50=710.45, above=true",,,near_miss setup; below option evaluation threshold,,,SETUP_REJECT,False,near_miss setup; below option evaluation threshold,,,0.045,,,,,,,,False,,,,,,,,False,,,,,,,,,,,,,,,,,,,,,,,,,,0.5,0.5,2.0,21,107.48631421419948,pullup,bear_ema8_rejection,5.0,near_miss,high_near_ema8;high_near_ema21;atr_bounce_controlled,close_below_ema21;ema8_below_ema21;ema21_below_ema50;ema50_below_ema200;ema8_slope_negative;ema21_slope_negative;recent_2_5_day_bounce;failed_ema8_reclaim;close_lower_half_range;relative_weakness_negative;volume_above_20d_average,107.8499984741211,108.58000183105469,107.8499984741211,108.3499984741211,108.20999908447266,107.79114287737292,107.48631421419948,106.27055917611581,102.79614686626073,0.15967302764234148,0.08636842599214845,0.08487507338797684,0.8742861066545758,0.6849283571794362,-0.005157873600539588,0.03032357806630981,QQQ,"SPY,QQQ",50.0,770.1900024414062,757.749642905043,True,718.9600219726562,710.4548482967451,True
EIX,debit,pullback,bull_ema8_reclaim,3,reject,NO,SETUP_REJECT,setup_score_below_near_miss_threshold,close_above_ema21;ema8_above_ema21;ema21_above_ema50;ema50_above_ema200;ema8_slope_positive;ema21_slope_positive;low_near_ema8;low_near_ema21;reclaimed_ema8;relative_strength_positive;volume_above_20d_average,56.77000045776367,,-1,,,,,,,,,,,,,,,,,0,0,0,0,0.07467882114846115,0.17286033787672087,1.2880275254240405,2.6006047416940787,-0.1944962118068797,-0.1670611056356247,0.7445988266389139,0.07480056450108356,True,False,"SPY: close=770.19, ema50=757.75, above=true; QQQ: close=718.96, ema50=710.45, above=true",,,setup_score_below_near_miss_threshold,,,SETUP_REJECT,False,setup_score_below_near_miss_threshold,,,0.045,,,,,,,,False,,,,,,,,False,,,,,,,,,,,,,,,,,,,,,,,,,,0.5,0.5,2.0,21,66.5832819181543,pullback,bull_ema8_reclaim,3.0,reject,recent_2_5_day_pullback;close_upper_half_range;atr_pullback_controlled,close_above_ema21;ema8_above_ema21;ema21_above_ema50;ema50_above_ema200;ema8_slope_positive;ema21_slope_positive;low_near_ema8;low_near_ema21;reclaimed_ema8;relative_strength_positive;volume_above_20d_average,55.790000915527344,56.77000045776367,55.540000915527344,56.77000045776367,56.29999923706055,61.00951716854706,66.5832819181543,70.13201185757192,71.4988403723634,-1.2112904887952567,-0.9813281460390613,-0.5453882204003406,4.246428080967495,1.0,-0.07467882114846115,-0.2424423834265328,QQQ,"SPY,QQQ",50.0,770.1900024414062,757.749642905043,True,718.9600219726562,710.4548482967451,True
EIX,credit,pullup,bear_ema8_rejection,13,strong_setup,NO,LIQUIDITY_REJECT,"short leg illiquid (vol=1, oi=211)",high_near_ema8;high_near_ema21;failed_ema8_reclaim;close_lower_half_range;volume_above_20d_average,56.77000045776367,2027-01-15,130,,72.5,,,,,,,,,,,,,0.5846153846153848,,1,211,0,0,0.07467882114846115,0.17286033787672087,0.9983724273548679,2.310949643624906,-0.1944962118068797,-0.1670611056356247,0.7445988266389139,0.07480056450108356,True,False,"SPY: close=770.19, ema50=757.75, above=true; QQQ: close=718.96, ema50=710.45, above=true",,,"short leg illiquid (vol=1, oi=211)",,,,False,"short leg illiquid (vol=1, oi=211)",2027-01-15,0.3561643835616438,0.045,,EIX270115C00072500,,,,,,False,,,1.15,2.1,1.55,1.625,"mid=avg(bid,ask)",True,0.4880422290039063,,0.6440159978224747,,,,,,,,,,,,,,,,,,,,,,,0.5,0.5,2.0,21,66.5832819181543,pullup,bear_ema8_rejection,13.0,strong_setup,close_below_ema21;ema8_below_ema21;ema21_below_ema50;ema50_below_ema200;ema8_slope_negative;ema21_slope_negative;recent_2_5_day_bounce;relative_weakness_negative;atr_bounce_controlled,high_near_ema8;high_near_ema21;failed_ema8_reclaim;close_lower_half_range;volume_above_20d_average,55.790000915527344,56.77000045776367,55.540000915527344,56.77000045776367,56.29999923706055,61.00951716854706,66.5832819181543,70.13201185757192,71.4988403723634,-1.2112904887952567,-0.9813281460390613,-0.5453882204003406,4.246428080967495,1.0,0.07467882114846115,-0.2424423834265328,QQQ,"SPY,QQQ",50.0,770.1900024414062,757.749642905043,True,718.9600219726562,710.4548482967451,True
EMR,debit,pullback,bull_breakout_pullback,9,valid_setup,NO,LIQUIDITY_REJECT,"short leg illiquid (vol=1, oi=3445)",close_above_ema21;ema8_above_ema21;ema21_slope_positive;low_near_ema8;low_near_ema21;relative_strength_positive;volume_above_20d_average,152.82000732421875,2026-12-18,102,,170.0,,,,,,,,,,,,,0.21176470588235302,,1,3445,0,0,0.002094163693165475,0.007478857705446721,0.6411107168433696,1.0436518524618612,-0.018739491370872163,-0.028744636846455673,0.9116994037493957,0.02378147362232572,True,False,"SPY: close=770.19, ema50=757.75, above=true; QQQ: close=718.96, ema50=710.45, above=true",,,"short leg illiquid (vol=1, oi=3445)",,,,False,"short leg illiquid (vol=1, oi=3445)",2026-12-18,0.27945205479452057,0.045,,EMR261218C00170000,,,,,,False,,,3.8,4.7,4.37,4.25,"mid=avg(bid,ask)",True,0.33008482421874996,,0.31711474013570023,,,,,,,,,,,,,,,,,,,,,,,0.5,0.5,2.0,21,153.9629264135419,pullback,bull_breakout_pullback,9.0,valid_setup,ema21_above_ema50;ema50_above_ema200;ema8_slope_positive;recent_2_5_day_pullback;reclaimed_ema8;close_upper_half_range;atr_pullback_controlled,close_above_ema21;ema8_above_ema21;ema21_slope_positive;low_near_ema8;low_near_ema21;relative_strength_positive;volume_above_20d_average,150.1699981689453,153.61000061035156,150.1699981689453,152.82000732421875,150.2100067138672,152.4999772132911,153.9629264135419,151.06211471712868,144.47878552355414,0.09143717455077649,-0.11429190893232999,0.07175071865674454,3.6342849731445312,0.7703509518993631,0.002094163693165475,0.07815117932230486,QQQ,"SPY,QQQ",50.0,770.1900024414062,757.749642905043,True,718.9600219726562,710.4548482967451,True
EMR,credit,pullup,bear_ema8_rejection,13,strong_setup,NO,LIQUIDITY_REJECT,"short leg illiquid (vol=7, oi=122)",ema21_below_ema50;ema50_below_ema200;ema8_slope_negative;failed_ema8_reclaim;close_lower_half_range;volume_above_20d_average,152.82000732421875,2026-12-18,102,,180.0,,,,,,,,,,,,,0.5396825396825398,,7,122,0,0,0.002094163693165475,0.007478857705446721,0.3054310284589587,0.09711010715953282,-0.018739491370872163,-0.028744636846455673,0.9116994037493957,0.02378147362232572,True,False,"SPY: close=770.19, ema50=757.75, above=true; QQQ: close=718.96, ema50=710.45, above=true",,,"short leg illiquid (vol=7, oi=122)",,,,False,"short leg illiquid (vol=7, oi=122)",2026-12-18,0.27945205479452057,0.045,,EMR261218C00180000,,,,,,False,,,2.3,4.0,1.45,3.15,"mid=avg(bid,ask)",True,0.3825134991455078,,0.31711474013570023,,,,,,,,,,,,,,,,,,,,,,,0.5,0.5,2.0,21,153.9629264135419,pullup,bear_ema8_rejection,13.0,strong_setup,close_below_ema21;ema8_below_ema21;ema21_slope_negative;high_near_ema8;high_near_ema21;recent_2_5_day_bounce;relative_weakness_negative;atr_bounce_controlled,ema21_below_ema50;ema50_below_ema200;ema8_slope_negative;failed_ema8_reclaim;close_lower_half_range;volume_above_20d_average,150.1699981689453,153.61000061035156,150.1699981689453,152.82000732421875,150.2100067138672,152.4999772132911,153.9629264135419,151.06211471712868,144.47878552355414,0.09143717455077649,-0.11429190893232999,0.07175071865674454,3.6342849731445312,0.7703509518993631,-0.002094163693165475,0.07815117932230486,QQQ,"SPY,QQQ",50.0,770.1900024414062,757.749642905043,True,718.9600219726562,710.4548482967451,True
ERIC,debit,pullback,bull_breakout_pullback,9,valid_setup,NO,LIQUIDITY_REJECT,"short leg illiquid (vol=6, oi=7096)",close_above_ema21;ema8_above_ema21;ema21_above_ema50;ema50_above_ema200;ema21_slope_positive;reclaimed_ema8;close_upper_half_range;volume_above_20d_average,10.100000381469727,2027-01-15,130,,12.0,,,,,,,,,,,,,0.5454545454545453,,6,7096,0,0,0.0005766967335182273,0.0020254219708148243,0.025306621931397037,0.1845878703101289,0.011543995011460195,0.0007030652049168085,0.5021110882188219,0.016336629269415627,True,False,"SPY: close=770.19, ema50=757.75, above=true; QQQ: close=718.96, ema50=710.45, above=true",,,"short leg illiquid (vol=6, oi=7096)",,,,False,"short leg illiquid (vol=6, oi=7096)",2027-01-15,0.3561643835616438,0.045,,ERIC270115C00012000,,,,,,False,,,0.2,0.35,0.27,0.275,"mid=avg(bid,ask)",True,0.393560751953125,,0.42436937975827016,,,,,,,,,,,,,,,,,,,,,,,0.5,0.5,2.0,21,10.120457144147593,pullback,bull_breakout_pullback,9.0,valid_setup,ema8_slope_positive;low_near_ema8;low_near_ema21;recent_2_5_day_pullback;relative_strength_positive;atr_pullback_controlled,close_above_ema21;ema8_above_ema21;ema21_above_ema50;ema50_above_ema200;ema21_slope_positive;reclaimed_ema8;close_upper_half_range;volume_above_20d_average,10.15999984741211,10.199999809265137,10.09000015258789,10.100000381469727,10.130000114440918,10.0941757442412,10.120457144147593,10.400942404632838,11.089355710448153,0.0016641820652925077,-0.0020456762677873996,-0.012283347884208595,0.16499996185302734,0.09091145539824697,0.0005766967335182273,-0.16573874439001002,QQQ,"SPY,QQQ",50.0,770.1900024414062,757.749642905043,True,718.9600219726562,710.4548482967451,True
ERIC,credit,pullup,bear_ema8_rejection,15,strong_setup,NO,LIQUIDITY_REJECT,"short leg illiquid (vol=6, oi=7096)",ema8_slope_negative;failed_ema8_reclaim;relative_weakness_negative;volume_above_20d_average,10.100000381469727,2027-01-15,130,,12.0,,,,,,,,,,,,,0.5454545454545453,,6,7096,0,0,0.0005766967335182273,0.0020254219708148243,0.6413581181200436,0.4820768697413117,0.011543995011460195,0.0007030652049168085,0.5021110882188219,0.016336629269415627,True,False,"SPY: close=770.19, ema50=757.75, above=true; QQQ: close=718.96, ema50=710.45, above=true",,,"short leg illiquid (vol=6, oi=7096)",,,,False,"short leg illiquid (vol=6, oi=7096)",2027-01-15,0.3561643835616438,0.045,,ERIC270115C00012000,,,,,,False,,,0.2,0.35,0.27,0.275,"mid=avg(bid,ask)",True,0.393560751953125,,0.42436937975827016,,,,,,,,,,,,,,,,,,,,,,,0.5,0.5,2.0,21,10.120457144147593,pullup,bear_ema8_rejection,15.0,strong_setup,close_below_ema21;ema8_below_ema21;ema21_below_ema50;ema50_below_ema200;ema21_slope_negative;high_near_ema8;high_near_ema21;recent_2_5_day_bounce;close_lower_half_range;atr_bounce_controlled,ema8_slope_negative;failed_ema8_reclaim;relative_weakness_negative;volume_above_20d_average,10.15999984741211,10.199999809265137,10.09000015258789,10.100000381469727,10.130000114440918,10.0941757442412,10.120457144147593,10.400942404632838,11.089355710448153,0.0016641820652925077,-0.0020456762677873996,-0.012283347884208595,0.16499996185302734,0.09091145539824697,-0.0005766967335182273,-0.16573874439001002,QQQ,"SPY,QQQ",50.0,770.1900024414062,757.749642905043,True,718.9600219726562,710.4548482967451,True
ESTC,debit,pullback,bull_ema8_pullback,15,strong_setup,NO,LIQUIDITY_REJECT,"short leg illiquid (vol=1, oi=36)",low_near_ema21;reclaimed_ema8;close_upper_half_range;volume_above_20d_average,91.80999755859375,2026-12-18,102,,115.0,,,,,,,,,,,,,0.47191011235955055,,1,36,0,0,0.006416071966042544,0.07216192062547276,0.03987596679466539,1.0906813484512383,-0.08460446345752914,0.2279696233288674,0.6095376361840732,0.06256710310693618,True,False,"SPY: close=770.19, ema50=757.75, above=true; QQQ: close=718.96, ema50=710.45, above=true",,,"short leg illiquid (vol=1, oi=36)",,,,False,"short leg illiquid (vol=1, oi=36)",2026-12-18,0.27945205479452057,0.045,,ESTC261218C00115000,,,,,,False,,,3.4,5.5,4.9,4.45,"mid=avg(bid,ask)",True,0.5913126806640626,,0.623423648216939,,,,,,,,,,,,,,,,,,,,,,,0.5,0.5,2.0,21,85.18481180214566,pullback,bull_ema8_pullback,15.0,strong_setup,close_above_ema21;ema8_above_ema21;ema21_above_ema50;ema50_above_ema200;ema8_slope_positive;ema21_slope_positive;low_near_ema8;recent_2_5_day_pullback;relative_strength_positive;atr_pullback_controlled,low_near_ema21;reclaimed_ema8;close_upper_half_range;volume_above_20d_average,95.13999938964844,96.0,91.44999694824219,91.80999755859375,96.12999725341797,91.22093800705562,85.18481180214566,75.6573798899543,61.42469761004096,0.1683027290108896,0.6625185756447962,0.659290517087328,5.744285583496094,0.07912096019638551,0.006416071966042544,0.47410136588740426,QQQ,"SPY,QQQ",50.0,770.1900024414062,757.749642905043,True,718.9600219726562,710.4548482967451,True
ESTC,credit,pullup,bear_breakdown_retest,5,near_miss,NO,SETUP_REJECT,near_miss setup; below option evaluation threshold,close_below_ema21;ema8_below_ema21;ema21_below_ema50;ema50_below_ema200;ema8_slope_negative;ema21_slope_negative;high_near_ema8;high_near_ema21;failed_ema8_reclaim;volume_above_20d_average,91.80999755859375,,-1,,,,,,,,,,,,,,,,,0,0,0,0,0.006416071966042544,0.07216192062547276,0.8319680356204957,1.8827734172770685,-0.08460446345752914,0.2279696233288674,0.6095376361840732,0.06256710310693618,True,False,"SPY: close=770.19, ema50=757.75, above=true; QQQ: close=718.96, ema50=710.45, above=true",,,near_miss setup; below option evaluation threshold,,,SETUP_REJECT,False,near_miss setup; below option evaluation threshold,,,0.045,,,,,,,,False,,,,,,,,False,,,,,,,,,,,,,,,,,,,,,,,,,,0.5,0.5,2.0,21,85.18481180214566,pullup,bear_breakdown_retest,5.0,near_miss,recent_2_5_day_bounce;close_lower_half_range;relative_weakness_negative;atr_bounce_controlled,close_below_ema21;ema8_below_ema21;ema21_below_ema50;ema50_below_ema200;ema8_slope_negative;ema21_slope_negative;high_near_ema8;high_near_ema21;failed_ema8_reclaim;volume_above_20d_average,95.13999938964844,96.0,91.44999694824219,91.80999755859375,96.12999725341797,91.22093800705562,85.18481180214566,75.6573798899543,61.42469761004096,0.1683027290108896,0.6625185756447962,0.659290517087328,5.744285583496094,0.07912096019638551,-0.006416071966042544,0.47410136588740426,QQQ,"SPY,QQQ",50.0,770.1900024414062,757.749642905043,True,718.9600219726562,710.4548482967451,True
ETN,debit,pullback,bull_continuation,11,strong_setup,NO,LIQUIDITY_REJECT,"short leg illiquid (vol=2, oi=53)",close_above_ema21;ema8_above_ema21;ema21_above_ema50;ema21_slope_positive;low_near_ema21;recent_2_5_day_pullback,410.8500061035156,2026-12-18,102,,470.0,,,,,,,,,,,,,0.20938628158844766,,2,53,0,0,0.01519321899041517,0.006890200535151658,0.3377818389347353,1.0101739816162527,0.01650433010183039,-0.07868486054839519,1.1021711552762428,0.03284306600832302,True,False,"SPY: close=770.19, ema50=757.75, above=true; QQQ: close=718.96, ema50=710.45, above=true",,,"short leg illiquid (vol=2, oi=53)",,,,False,"short leg illiquid (vol=2, oi=53)",2026-12-18,0.27945205479452057,0.045,,ETN261218C00470000,,,,,,False,,,12.4,15.3,13.8,13.850000000000001,"mid=avg(bid,ask)",True,0.4055540402221679,,0.4890678358611392,,,,,,,,,,,,,,,,,,,,,,,0.5,0.5,2.0,21,413.68084503543713,pullback,bull_continuation,11.0,strong_setup,ema50_above_ema200;ema8_slope_positive;low_near_ema8;reclaimed_ema8;close_upper_half_range;relative_strength_positive;volume_above_20d_average;atr_pullback_controlled,close_above_ema21;ema8_above_ema21;ema21_above_ema50;ema21_slope_positive;low_near_ema21;recent_2_5_day_pullback,400.8999938964844,411.239990234375,400.04998779296875,410.8500061035156,397.1199951171875,404.6078719885715,413.68084503543713,414.3482581157658,392.1984893348174,1.7834668899840267,-0.2830838931921562,-0.14278579641836586,13.493573869977679,0.965148878840605,0.01519321899041517,0.05782934788671046,QQQ,"SPY,QQQ",50.0,770.1900024414062,757.749642905043,True,718.9600219726562,710.4548482967451,True
ETN,credit,pullup,bear_ema21_rejection,13,strong_setup,NO,LIQUIDITY_REJECT,"short leg illiquid (vol=1, oi=76)",ema50_below_ema200;ema8_slope_negative;high_near_ema8;recent_2_5_day_bounce;failed_ema8_reclaim;close_lower_half_range,410.8500061035156,2026-12-18,102,,490.0,,,,,,,,,,,,,0.31999999999999995,,1,76,0,0,0.01519321899041517,0.006890200535151658,0.49150197788293337,0.18089016479858408,0.01650433010183039,-0.07868486054839519,1.1021711552762428,0.03284306600832302,True,False,"SPY: close=770.19, ema50=757.75, above=true; QQQ: close=718.96, ema50=710.45, above=true",,,"short leg illiquid (vol=1, oi=76)",,,,False,"short leg illiquid (vol=1, oi=76)",2026-12-18,0.27945205479452057,0.045,,ETN261218C00490000,,,,,,False,,,8.4,11.6,6.0,10.0,"mid=avg(bid,ask)",True,0.41107766662597656,,0.4890678358611392,,,,,,,,,,,,,,,,,,,,,,,0.5,0.5,2.0,21,413.68084503543713,pullup,bear_ema21_rejection,13.0,strong_setup,close_below_ema21;ema8_below_ema21;ema21_below_ema50;ema21_slope_negative;high_near_ema21;relative_weakness_negative;volume_above_20d_average;atr_bounce_controlled,ema50_below_ema200;ema8_slope_negative;high_near_ema8;recent_2_5_day_bounce;failed_ema8_reclaim;close_lower_half_range,400.8999938964844,411.239990234375,400.04998779296875,410.8500061035156,397.1199951171875,404.6078719885715,413.68084503543713,414.3482581157658,392.1984893348174,1.7834668899840267,-0.2830838931921562,-0.14278579641836586,13.493573869977679,0.965148878840605,-0.01519321899041517,0.05782934788671046,QQQ,"SPY,QQQ",50.0,770.1900024414062,757.749642905043,True,718.9600219726562,710.4548482967451,True
EWZ,debit,pullback,bull_continuation,12,strong_setup,NO,LIQUIDITY_REJECT,short leg bid/ask too wide (38.0%>15.0%),ema50_above_ema200;low_near_ema8;low_near_ema21;reclaimed_ema8;close_upper_half_range;volume_above_20d_average,37.86000061035156,2026-12-18,102,,44.0,,,,,,,,,,,,,0.37974683544303794,,59,7614,0,0,0.024754114393818073,0.049203657565160694,0.7244760551909382,1.7937197131688642,0.061447503308000195,0.07693641175257382,0.9923970132152105,0.02286620359065751,True,False,"SPY: close=770.19, ema50=757.75, above=true; QQQ: close=718.96, ema50=710.45, above=true",,,short leg bid/ask too wide (38.0%>15.0%),,,,False,short leg bid/ask too wide (38.0%>15.0%),2026-12-18,0.27945205479452057,0.045,,EWZ261218C00044000,,,,,,False,,,0.96,1.41,1.13,1.185,"mid=avg(bid,ask)",True,0.4279842358398438,,0.21973024598460994,,,,,,,,,,,,,,,,,,,,,,,0.5,0.5,2.0,21,35.99715010490305,pullback,bull_continuation,12.0,strong_setup,close_above_ema21;ema8_above_ema21;ema21_above_ema50;ema8_slope_positive;ema21_slope_positive;recent_2_5_day_pullback;relative_strength_positive;atr_pullback_controlled,ema50_above_ema200;low_near_ema8;low_near_ema21;reclaimed_ema8;close_upper_half_range;volume_above_20d_average,37.599998474121094,38.2599983215332,37.54999923706055,37.86000061035156,38.130001068115234,36.9228098242929,35.99715010490305,35.6991469479026,36.23698143057168,0.2677687960167674,0.18628505054485345,0.088198108671385,0.8657144818987165,0.43662221553604624,0.024754114393818073,0.08435318228620448,QQQ,"SPY,QQQ",50.0,770.1900024414062,757.749642905043,True,718.9600219726562,710.4548482967451,True
EWZ,credit,pullup,bear_breakdown_retest,4,near_miss,NO,SETUP_REJECT,near_miss setup; below option evaluation threshold,close_below_ema21;ema8_below_ema21;ema21_below_ema50;ema8_slope_negative;ema21_slope_negative;high_near_ema8;high_near_ema21;failed_ema8_reclaim;relative_weakness_negative;volume_above_20d_average,37.86000061035156,,-1,,,,,,,,,,,,,,,,,0,0,0,0,0.024754114393818073,0.049203657565160694,1.544606824997931,2.613850482975857,0.061447503308000195,0.07693641175257382,0.9923970132152105,0.02286620359065751,True,False,"SPY: close=770.19, ema50=757.75, above=true; QQQ: close=718.96, ema50=710.45, above=true",,,near_miss setup; below option evaluation threshold,,,SETUP_REJECT,False,near_miss setup; below option evaluation threshold,,,0.045,,,,,,,,False,,,,,,,,False,,,,,,,,,,,,,,,,,,,,,,,,,,0.5,0.5,2.0,21,35.99715010490305,pullup,bear_breakdown_retest,4.0,near_miss,ema50_below_ema200;recent_2_5_day_bounce;close_lower_half_range;atr_bounce_controlled,close_below_ema21;ema8_below_ema21;ema21_below_ema50;ema8_slope_negative;ema21_slope_negative;high_near_ema8;high_near_ema21;failed_ema8_reclaim;relative_weakness_negative;volume_above_20d_average,37.599998474121094,38.2599983215332,37.54999923706055,37.86000061035156,38.130001068115234,36.9228098242929,35.99715010490305,35.6991469479026,36.23698143057168,0.2677687960167674,0.18628505054485345,0.088198108671385,0.8657144818987165,0.43662221553604624,-0.024754114393818073,0.08435318228620448,QQQ,"SPY,QQQ",50.0,770.1900024414062,757.749642905043,True,718.9600219726562,710.4548482967451,True
EXAI,debit,,,0,reject,NO,DATA_REJECT,no/insufficient daily data,,,,-1,,,,,,,,,,,,,,,,,0,0,0,0,,,,,,,,,,,,,,no/insufficient daily data,,,DATA_REJECT,False,no/insufficient daily data,,,0.045,,,,,,,,False,,,,,,,,False,,,,,,,,,,,,,,,,,,,,,,,,,,0.5,0.5,2.0,21,,,,,,,,,,,,,,,,,,,,,,,,,,,,,,,,
EXAI,credit,,,0,reject,NO,DATA_REJECT,no/insufficient daily data,,,,-1,,,,,,,,,,,,,,,,,0,0,0,0,,,,,,,,,,,,,,no/insufficient daily data,,,DATA_REJECT,False,no/insufficient daily data,,,0.045,,,,,,,,False,,,,,,,,False,,,,,,,,,,,,,,,,,,,,,,,,,,0.5,0.5,2.0,21,,,,,,,,,,,,,,,,,,,,,,,,,,,,,,,,
F,debit,pullback,bull_ema8_pullback,17,strong_setup,NO,LIQUIDITY_REJECT,"short leg illiquid (vol=18, oi=16032)",recent_2_5_day_pullback;reclaimed_ema8;volume_above_20d_average,14.619999885559082,2026-12-18,102,,16.67,,,,,,,,,,,,,0.0674157303370787,,18,16032,0,0,0.028475105820075505,0.03281508328536269,0.24739237824124535,0.4103843600480905,0.04978266443789536,0.05140880991980856,0.9702992207169256,0.026626938436949032,True,False,"SPY: close=770.19, ema50=757.75, above=true; QQQ: close=718.96, ema50=710.45, above=true",,,"short leg illiquid (vol=18, oi=16032)",,,,False,"short leg illiquid (vol=18, oi=16032)",2026-12-18,0.27945205479452057,0.045,,F261218C00016670,,,,,,False,,,0.43,0.46,0.42,0.445,"mid=avg(bid,ask)",True,0.36914693359375,,0.2979522445679537,,,,,,,,,,,,,,,,,,,,,,,0.5,0.5,2.0,21,14.140243371682468,pullback,bull_ema8_pullback,17.0,strong_setup,close_above_ema21;ema8_above_ema21;ema21_above_ema50;ema50_above_ema200;ema8_slope_positive;ema21_slope_positive;low_near_ema8;low_near_ema21;close_upper_half_range;relative_strength_positive;atr_pullback_controlled,recent_2_5_day_pullback;reclaimed_ema8;volume_above_20d_average,14.380000114440918,14.640000343322754,14.300000190734863,14.619999885559082,14.40999984741211,14.203693841728295,14.140243371682468,14.103842323187669,13.362578898059493,0.1189445839516523,0.047975651387661244,0.021067655606996638,0.38928583690098356,0.941175150624376,0.028475105820075505,-0.014050803076651963,QQQ,"SPY,QQQ",50.0,770.1900024414062,757.749642905043,True,718.9600219726562,710.4548482967451,True
F,credit,pullup,bear_continuation,1,reject,NO,SETUP_REJECT,setup_score_below_near_miss_threshold,close_below_ema21;ema8_below_ema21;ema21_below_ema50;ema50_below_ema200;ema8_slope_negative;ema21_slope_negative;high_near_ema8;high_near_ema21;recent_2_5_day_bounce;failed_ema8_reclaim;close_lower_half_range;relative_weakness_negative;volume_above_20d_average,14.619999885559082,,-1,,,,,,,,,,,,,,,,,0,0,0,0,0.028475105820075505,0.03281508328536269,1.1207869905255115,1.2837789723323567,0.04978266443789536,0.05140880991980856,0.9702992207169256,0.026626938436949032,True,False,"SPY: close=770.19, ema50=757.75, above=true; QQQ: close=718.96, ema50=710.45, above=true",,,setup_score_below_near_miss_threshold,,,SETUP_REJECT,False,setup_score_below_near_miss_threshold,,,0.045,,,,,,,,False,,,,,,,,False,,,,,,,,,,,,,,,,,,,,,,,,,,0.5,0.5,2.0,21,14.140243371682468,pullup,bear_continuation,1.0,reject,atr_bounce_controlled,close_below_ema21;ema8_below_ema21;ema21_below_ema50;ema50_below_ema200;ema8_slope_negative;ema21_slope_negative;high_near_ema8;high_near_ema21;recent_2_5_day_bounce;failed_ema8_reclaim;close_lower_half_range;relative_weakness_negative;volume_above_20d_average,14.380000114440918,14.640000343322754,14.300000190734863,14.619999885559082,14.40999984741211,14.203693841728295,14.140243371682468,14.103842323187669,13.362578898059493,0.1189445839516523,0.047975651387661244,0.021067655606996638,0.38928583690098356,0.941175150624376,-0.028475105820075505,-0.014050803076651963,QQQ,"SPY,QQQ",50.0,770.1900024414062,757.749642905043,True,718.9600219726562,710.4548482967451,True
FANUY,debit,pullback,bull_continuation,9,valid_setup,NO,OPTION_CHAIN_REJECT,no options expirations found,close_above_ema21;ema8_above_ema21;ema21_above_ema50;ema50_above_ema200;ema21_slope_positive;low_near_ema21;recent_2_5_day_pullback;volume_above_20d_average,19.190000534057617,,-1,,,,,,,,,,,,,,,,,0,0,0,0,0.021590264520927282,0.0031091729013649487,0.14904037060877226,1.2245260850075546,0.023770499331656314,-0.08056135216117244,0.9443982636002586,0.02296584426144582,True,False,"SPY: close=770.19, ema50=757.75, above=true; QQQ: close=718.96, ema50=710.45, above=true",,,no options expirations found,,,OPTION_CHAIN_REJECT,False,no options expirations found,,,0.045,,,,,,,,False,,,,,,,,False,,,,,,,,,,,,,,,,,,,,,,,,,,0.5,0.5,2.0,21,19.249665563695288,pullback,bull_continuation,9.0,valid_setup,ema8_slope_positive;low_near_ema8;reclaimed_ema8;close_upper_half_range;relative_strength_positive;atr_pullback_controlled,close_above_ema21;ema8_above_ema21;ema21_above_ema50;ema50_above_ema200;ema21_slope_positive;low_near_ema21;recent_2_5_day_pullback;volume_above_20d_average,19.25,19.270000457763672,18.709999084472656,19.190000534057617,18.68000030517578,18.775683346370577,19.249665563695288,20.161698253999425,20.589788110462234,0.1183763393391537,-0.005966502963765663,-0.03966113142619676,0.44071456364222933,0.8571433437101927,0.021590264520927282,-0.10577856128209162,QQQ,"SPY,QQQ",50.0,770.1900024414062,757.749642905043,True,718.9600219726562,710.4548482967451,True
FANUY,credit,pullup,bear_ema21_rejection,13,strong_setup,NO,OPTION_CHAIN_REJECT,no options expirations found,ema8_slope_negative;high_near_ema8;recent_2_5_day_bounce;failed_ema8_reclaim;close_lower_half_range;volume_above_20d_average,19.190000534057617,,-1,,,,,,,,,,,,,,,,,0,0,0,0,0.021590264520927282,0.0031091729013649487,1.1216264497997834,0.04614073540100129,0.023770499331656314,-0.08056135216117244,0.9443982636002586,0.02296584426144582,True,False,"SPY: close=770.19, ema50=757.75, above=true; QQQ: close=718.96, ema50=710.45, above=true",,,no options expirations found,,,OPTION_CHAIN_REJECT,False,no options expirations found,,,0.045,,,,,,,,False,,,,,,,,False,,,,,,,,,,,,,,,,,,,,,,,,,,0.5,0.5,2.0,21,19.249665563695288,pullup,bear_ema21_rejection,13.0,strong_setup,close_below_ema21;ema8_below_ema21;ema21_below_ema50;ema50_below_ema200;ema21_slope_negative;high_near_ema21;relative_weakness_negative;atr_bounce_controlled,ema8_slope_negative;high_near_ema8;recent_2_5_day_bounce;failed_ema8_reclaim;close_lower_half_range;volume_above_20d_average,19.25,19.270000457763672,18.709999084472656,19.190000534057617,18.68000030517578,18.775683346370577,19.249665563695288,20.161698253999425,20.589788110462234,0.1183763393391537,-0.005966502963765663,-0.03966113142619676,0.44071456364222933,0.8571433437101927,-0.021590264520927282,-0.10577856128209162,QQQ,"SPY,QQQ",50.0,770.1900024414062,757.749642905043,True,718.9600219726562,710.4548482967451,True
FIVN,debit,pullback,bull_ema21_pullback,13,strong_setup,NO,LIQUIDITY_REJECT,"short leg illiquid (vol=3, oi=90)",ema8_slope_positive;low_near_ema8;recent_2_5_day_pullback;reclaimed_ema8;relative_strength_positive,33.27000045776367,2027-01-15,130,,42.5,,,,,,,,,,,,,0.5454545454545453,,3,90,0,0,0.009591202776559948,0.025981553662902414,0.9608553329665879,0.19202406462129198,-0.026438893319693513,-0.01555363706392976,1.0683841210467846,0.046268613028738054,True,False,"SPY: close=770.19, ema50=757.75, above=true; QQQ: close=718.96, ema50=710.45, above=true",,,"short leg illiquid (vol=3, oi=90)",,,,False,"short leg illiquid (vol=3, oi=90)",2027-01-15,0.3561643835616438,0.045,,FIVN270115C00042500,,,,,,False,,,1.6,2.8,2.65,2.2,"mid=avg(bid,ask)",True,0.6315954809570312,,0.7038569325116393,,,,,,,,,,,,,,,,,,,,,,,0.5,0.5,2.0,21,32.4055941555055,pullback,bull_ema21_pullback,13.0,strong_setup,close_above_ema21;ema8_above_ema21;ema21_above_ema50;ema50_above_ema200;ema21_slope_positive;low_near_ema21;close_upper_half_range;volume_above_20d_average;atr_pullback_controlled,ema8_slope_positive;low_near_ema8;recent_2_5_day_pullback;reclaimed_ema8;relative_strength_positive,33.492000579833984,33.900001525878906,32.11000061035156,33.27000045776367,34.099998474121094,33.589099778530326,32.4055941555055,29.313751294987348,22.87989368892989,-0.09117123450475617,0.08644063022581605,0.16147955766434308,1.5393567766462053,0.6480442760390249,-0.009591202776559948,0.5218854071132264,QQQ,"SPY,QQQ",50.0,770.1900024414062,757.749642905043,True,718.9600219726562,710.4548482967451,True
FIVN,credit,pullup,bear_continuation,7,watchlist,NO,SETUP_REJECT,watchlist setup; below option evaluation threshold,close_below_ema21;ema8_below_ema21;ema21_below_ema50;ema50_below_ema200;ema21_slope_negative;high_near_ema21;recent_2_5_day_bounce;failed_ema8_reclaim;close_lower_half_range,33.27000045776367,,-1,,,,,,,,,,,,,,,,,0,0,0,0,0.009591202776559948,0.025981553662902414,0.20196860926934815,0.970799877614644,-0.026438893319693513,-0.01555363706392976,1.0683841210467846,0.046268613028738054,True,False,"SPY: close=770.19, ema50=757.75, above=true; QQQ: close=718.96, ema50=710.45, above=true",,,watchlist setup; below option evaluation threshold,,,SETUP_REJECT,False,watchlist setup; below option evaluation threshold,,,0.045,,,,,,,,False,,,,,,,,False,,,,,,,,,,,,,,,,,,,,,,,,,,0.5,0.5,2.0,21,32.4055941555055,pullup,bear_continuation,7.0,watchlist,ema8_slope_negative;high_near_ema8;relative_weakness_negative;volume_above_20d_average;atr_bounce_controlled,close_below_ema21;ema8_below_ema21;ema21_below_ema50;ema50_below_ema200;ema21_slope_negative;high_near_ema21;recent_2_5_day_bounce;failed_ema8_reclaim;close_lower_half_range,33.492000579833984,33.900001525878906,32.11000061035156,33.27000045776367,34.099998474121094,33.589099778530326,32.4055941555055,29.313751294987348,22.87989368892989,-0.09117123450475617,0.08644063022581605,0.16147955766434308,1.5393567766462053,0.6480442760390249,0.009591202776559948,0.5218854071132264,QQQ,"SPY,QQQ",50.0,770.1900024414062,757.749642905043,True,718.9600219726562,710.4548482967451,True
FTNT,debit,pullback,bull_ema21_pullback,6,watchlist,NO,SETUP_REJECT,watchlist setup; below option evaluation threshold,close_above_ema21;ema8_above_ema21;ema8_slope_positive;ema21_slope_positive;low_near_ema8;low_near_ema21;reclaimed_ema8;relative_strength_positive;volume_above_20d_average,156.2899932861328,,-1,,,,,,,,,,,,,,,,,0,0,0,0,0.01802090957339343,0.018058444598829403,0.7198019577242419,0.7206288695060671,-0.06202545601854437,-0.015355655325361983,0.7027660749615615,0.0453918135657995,True,False,"SPY: close=770.19, ema50=757.75, above=true; QQQ: close=718.96, ema50=710.45, above=true",,,watchlist setup; below option evaluation threshold,,,SETUP_REJECT,False,watchlist setup; below option evaluation threshold,,,0.045,,,,,,,,False,,,,,,,,False,,,,,,,,,,,,,,,,,,,,,,,,,,0.5,0.5,2.0,21,159.11234747124186,pullback,bull_ema21_pullback,6.0,watchlist,ema21_above_ema50;ema50_above_ema200;recent_2_5_day_pullback;close_upper_half_range;atr_pullback_controlled,close_above_ema21;ema8_above_ema21;ema8_slope_positive;ema21_slope_positive;low_near_ema8;low_near_ema21;reclaimed_ema8;relative_strength_positive;volume_above_20d_average,154.6999969482422,158.47000122070312,154.0,156.2899932861328,156.36000061035156,159.10648112236848,159.11234747124186,154.49273899986554,122.67191406181864,-0.8047108103530434,-0.2822354185109077,0.07335731780682408,7.094286237444196,0.5123026086719054,-0.01802090957339343,0.08893153131773368,QQQ,"SPY,QQQ",50.0,770.1900024414062,757.749642905043,True,718.9600219726562,710.4548482967451,True
FTNT,credit,pullup,bear_ema8_rejection,14,strong_setup,NO,LIQUIDITY_REJECT,"short leg illiquid (vol=20, oi=495)",ema21_below_ema50;ema50_below_ema200;failed_ema8_reclaim;close_lower_half_range;volume_above_20d_average,156.2899932861328,2026-12-18,102,,195.0,,,,,,,,,,,,,0.38490566037735857,,20,495,0,0,0.01802090957339343,0.018058444598829403,0.08971725700972748,0.09054416879155265,-0.06202545601854437,-0.015355655325361983,0.7027660749615615,0.0453918135657995,True,False,"SPY: close=770.19, ema50=757.75, above=true; QQQ: close=718.96, ema50=710.45, above=true",,,"short leg illiquid (vol=20, oi=495)",,,,False,"short leg illiquid (vol=20, oi=495)",2026-12-18,0.27945205479452057,0.045,,FTNT261218C00195000,,,,,,False,,,5.35,7.9,5.65,6.625,"mid=avg(bid,ask)",True,0.5521285021972657,,0.4303485433377768,,,,,,,,,,,,,,,,,,,,,,,0.5,0.5,2.0,21,159.11234747124186,pullup,bear_ema8_rejection,14.0,strong_setup,close_below_ema21;ema8_below_ema21;ema8_slope_negative;ema21_slope_negative;high_near_ema8;high_near_ema21;recent_2_5_day_bounce;relative_weakness_negative;atr_bounce_controlled,ema21_below_ema50;ema50_below_ema200;failed_ema8_reclaim;close_lower_half_range;volume_above_20d_average,154.6999969482422,158.47000122070312,154.0,156.2899932861328,156.36000061035156,159.10648112236848,159.11234747124186,154.49273899986554,122.67191406181864,-0.8047108103530434,-0.2822354185109077,0.07335731780682408,7.094286237444196,0.5123026086719054,0.01802090957339343,0.08893153131773368,QQQ,"SPY,QQQ",50.0,770.1900024414062,757.749642905043,True,718.9600219726562,710.4548482967451,True
FXI,debit,pullback,bull_ema8_pullback,19,strong_setup,NO,LIQUIDITY_REJECT,short leg bid/ask too wide (28.1%>15.0%),ema50_above_ema200;recent_2_5_day_pullback,35.880001068115234,2026-12-18,102,,39.0,,,,,,,,,,,,,0.28070175438596495,,133,63083,0,0,0.009723924122392967,0.0117730841513986,0.41998497111890454,0.6028150250598606,0.006888238281929082,-0.0023885158756294933,1.2217035173678985,0.011208004290516679,True,False,"SPY: close=770.19, ema50=757.75, above=true; QQQ: close=718.96, ema50=710.45, above=true",,,short leg bid/ask too wide (28.1%>15.0%),,,,False,short leg bid/ask too wide (28.1%>15.0%),2026-12-18,0.27945205479452057,0.045,,FXI261218C00039000,,,,,,False,,,0.49,0.65,0.57,0.5700000000000001,"mid=avg(bid,ask)",True,0.22657023437499998,,0.17613031960344644,,,,,,,,,,,,,,,,,,,,,,,0.5,0.5,2.0,21,35.45758279618804,pullback,bull_ema8_pullback,19.0,strong_setup,close_above_ema21;ema8_above_ema21;ema21_above_ema50;ema8_slope_positive;ema21_slope_positive;low_near_ema8;low_near_ema21;reclaimed_ema8;close_upper_half_range;relative_strength_positive;volume_above_20d_average;atr_pullback_controlled,ema50_above_ema200;recent_2_5_day_pullback,35.75,35.90999984741211,35.70000076293945,35.880001068115234,35.34000015258789,35.5311066602175,35.45758279618804,35.22070005380064,35.357736755772166,0.09968411654220688,0.04224182719271852,0.026910245482227424,0.40214320591517855,0.8571480472297911,0.009723924122392967,-0.003910387466196097,QQQ,"SPY,QQQ",50.0,770.1900024414062,757.749642905043,True,718.9600219726562,710.4548482967451,True
FXI,credit,pullup,bear_continuation,9,valid_setup,NO,LIQUIDITY_REJECT,short leg bid/ask too wide (28.1%>15.0%),close_below_ema21;ema8_below_ema21;ema21_below_ema50;ema8_slope_negative;ema21_slope_negative;recent_2_5_day_bounce;failed_ema8_reclaim;close_lower_half_range,35.880001068115234,2026-12-18,102,,39.0,,,,,,,,,,,,,0.28070175438596495,,133,63083,0,0,0.009723924122392967,0.0117730841513986,0.9421847282794171,1.125014782220373,0.006888238281929082,-0.0023885158756294933,1.2217035173678985,0.011208004290516679,True,False,"SPY: close=770.19, ema50=757.75, above=true; QQQ: close=718.96, ema50=710.45, above=true",,,short leg bid/ask too wide (28.1%>15.0%),,,,False,short leg bid/ask too wide (28.1%>15.0%),2026-12-18,0.27945205479452057,0.045,,FXI261218C00039000,,,,,,False,,,0.49,0.65,0.57,0.5700000000000001,"mid=avg(bid,ask)",True,0.22657023437499998,,0.17613031960344644,,,,,,,,,,,,,,,,,,,,,,,0.5,0.5,2.0,21,35.45758279618804,pullup,bear_continuation,9.0,valid_setup,ema50_below_ema200;high_near_ema8;high_near_ema21;relative_weakness_negative;volume_above_20d_average;atr_bounce_controlled,close_below_ema21;ema8_below_ema21;ema21_below_ema50;ema8_slope_negative;ema21_slope_negative;recent_2_5_day_bounce;failed_ema8_reclaim;close_lower_half_range,35.75,35.90999984741211,35.70000076293945,35.880001068115234,35.34000015258789,35.5311066602175,35.45758279618804,35.22070005380064,35.357736755772166,0.09968411654220688,0.04224182719271852,0.026910245482227424,0.40214320591517855,0.8571480472297911,-0.009723924122392967,-0.003910387466196097,QQQ,"SPY,QQQ",50.0,770.1900024414062,757.749642905043,True,718.9600219726562,710.4548482967451,True
GDDY,debit,pullback,bull_ema8_pullback,15,strong_setup,NO,LIQUIDITY_REJECT,"short leg illiquid (vol=7, oi=68)",low_near_ema21;reclaimed_ema8;close_upper_half_range;volume_above_20d_average,101.30999755859375,2026-11-20,74,,115.0,,,,,,,,,,,,,0.5617977528089887,,7,68,0,0,0.010419285146458302,0.03636037935769109,0.05022139182097376,0.6654622011808219,0.03341841420020231,0.11807005498410683,0.9069149679836703,0.0362465962122003,True,False,"SPY: close=770.19, ema50=757.75, above=true; QQQ: close=718.96, ema50=710.45, above=true",,,"short leg illiquid (vol=7, oi=68)",,,,False,"short leg illiquid (vol=7, oi=68)",2026-11-20,0.20273972602739726,0.045,,GDDY261120C00115000,,,,,,False,,,3.2,5.7,5.1,4.45,"mid=avg(bid,ask)",True,0.5034229345703125,,0.638284972044206,,,,,,,,,,,,,,,,,,,,,,,0.5,0.5,2.0,21,97.62632761463652,pullback,bull_ema8_pullback,15.0,strong_setup,close_above_ema21;ema8_above_ema21;ema21_above_ema50;ema50_above_ema200;ema8_slope_positive;ema21_slope_positive;low_near_ema8;recent_2_5_day_pullback;relative_strength_positive;atr_pullback_controlled,low_near_ema21;reclaimed_ema8;close_upper_half_range;volume_above_20d_average,102.29000091552734,102.97000122070312,100.06999969482422,101.30999755859375,103.62999725341797,100.25441980584377,97.62632761463652,93.96656290107153,90.53812767632856,0.30159364364286034,0.3683669943957284,0.29973202683764555,3.672142573765346,0.4275852452849051,0.010419285146458302,0.22552973145011168,QQQ,"SPY,QQQ",50.0,770.1900024414062,757.749642905043,True,718.9600219726562,710.4548482967451,True
GDDY,credit,pullup,bear_breakdown_retest,3,reject,NO,SETUP_REJECT,setup_score_below_near_miss_threshold,close_below_ema21;ema8_below_ema21;ema21_below_ema50;ema50_below_ema200;ema8_slope_negative;ema21_slope_negative;high_near_ema8;high_near_ema21;failed_ema8_reclaim;relative_weakness_negative;volume_above_20d_average,101.30999755859375,,-1,,,,,,,,,,,,,,,,,0,0,0,0,0.010419285146458302,0.03636037935769109,0.739508709236976,1.4551923022387716,0.03341841420020231,0.11807005498410683,0.9069149679836703,0.0362465962122003,True,False,"SPY: close=770.19, ema50=757.75, above=true; QQQ: close=718.96, ema50=710.45, above=true",,,setup_score_below_near_miss_threshold,,,SETUP_REJECT,False,setup_score_below_near_miss_threshold,,,0.045,,,,,,,,False,,,,,,,,False,,,,,,,,,,,,,,,,,,,,,,,,,,0.5,0.5,2.0,21,97.62632761463652,pullup,bear_breakdown_retest,3.0,reject,recent_2_5_day_bounce;close_lower_half_range;atr_bounce_controlled,close_below_ema21;ema8_below_ema21;ema21_below_ema50;ema50_below_ema200;ema8_slope_negative;ema21_slope_negative;high_near_ema8;high_near_ema21;failed_ema8_reclaim;relative_weakness_negative;volume_above_20d_average,102.29000091552734,102.97000122070312,100.06999969482422,101.30999755859375,103.62999725341797,100.25441980584377,97.62632761463652,93.96656290107153,90.53812767632856,0.30159364364286034,0.3683669943957284,0.29973202683764555,3.672142573765346,0.4275852452849051,-0.010419285146458302,0.22552973145011168,QQQ,"SPY,QQQ",50.0,770.1900024414062,757.749642905043,True,718.9600219726562,710.4548482967451,True
GDX,debit,pullback,bull_ema8_pullback,15,strong_setup,NO,LIQUIDITY_REJECT,"short leg illiquid (vol=35, oi=57)",ema50_above_ema200;low_near_ema21;reclaimed_ema8;volume_above_20d_average,99.26000213623047,2026-12-18,102,,117.0,,,,,,,,,,,,,0.0809248554913294,,35,57,0,0,0.0008399239076148466,0.03838651766941696,0.2910854699239342,0.6388065638666722,-0.0074451314278657366,0.10986764359970402,0.8401759779791342,0.040377368982017624,True,False,"SPY: close=770.19, ema50=757.75, above=true; QQQ: close=718.96, ema50=710.45, above=true",,,"short leg illiquid (vol=35, oi=57)",,,,False,"short leg illiquid (vol=35, oi=57)",2026-12-18,0.27945205479452057,0.045,,GDX261218C00117000,,,,,,False,,,4.15,4.5,3.9,4.325,"mid=avg(bid,ask)",True,0.4914601635742188,,0.506737661033731,,,,,,,,,,,,,,,,,,,,,,,0.5,0.5,2.0,21,95.44975631036169,pullback,bull_ema8_pullback,15.0,strong_setup,close_above_ema21;ema8_above_ema21;ema21_above_ema50;ema8_slope_positive;ema21_slope_positive;low_near_ema8;recent_2_5_day_pullback;close_upper_half_range;relative_strength_positive;atr_pullback_controlled,ema50_above_ema200;low_near_ema21;reclaimed_ema8;volume_above_20d_average,98.75,100.0999984741211,98.01000213623047,99.26000213623047,101.48999786376953,99.17663128736635,95.44975631036169,89.52875840137214,91.17339128267027,0.02382024253262216,0.381024582586889,0.39719362183095086,4.007857731410435,0.5980871723735125,0.0008399239076148466,0.3083758966789196,QQQ,"SPY,QQQ",50.0,770.1900024414062,757.749642905043,True,718.9600219726562,710.4548482967451,True
GDX,credit,pullup,bear_continuation,7,watchlist,NO,SETUP_REJECT,watchlist setup; below option evaluation threshold,close_below_ema21;ema8_below_ema21;ema21_below_ema50;ema8_slope_negative;ema21_slope_negative;high_near_ema21;failed_ema8_reclaim;close_lower_half_range;volume_above_20d_average,99.26000213623047,,-1,,,,,,,,,,,,,,,,,0,0,0,0,0.0008399239076148466,0.03838651766941696,0.23038921255066525,1.1602812463412717,-0.0074451314278657366,0.10986764359970402,0.8401759779791342,0.040377368982017624,True,False,"SPY: close=770.19, ema50=757.75, above=true; QQQ: close=718.96, ema50=710.45, above=true",,,watchlist setup; below option evaluation threshold,,,SETUP_REJECT,False,watchlist setup; below option evaluation threshold,,,0.045,,,,,,,,False,,,,,,,,False,,,,,,,,,,,,,,,,,,,,,,,,,,0.5,0.5,2.0,21,95.44975631036169,pullup,bear_continuation,7.0,watchlist,ema50_below_ema200;high_near_ema8;recent_2_5_day_bounce;relative_weakness_negative;atr_bounce_controlled,close_below_ema21;ema8_below_ema21;ema21_below_ema50;ema8_slope_negative;ema21_slope_negative;high_near_ema21;failed_ema8_reclaim;close_lower_half_range;volume_above_20d_average,98.75,100.0999984741211,98.01000213623047,99.26000213623047,101.48999786376953,99.17663128736635,95.44975631036169,89.52875840137214,91.17339128267027,0.02382024253262216,0.381024582586889,0.39719362183095086,4.007857731410435,0.5980871723735125,-0.0008399239076148466,0.3083758966789196,QQQ,"SPY,QQQ",50.0,770.1900024414062,757.749642905043,True,718.9600219726562,710.4548482967451,True
GDXJ,debit,pullback,bull_ema8_pullback,15,strong_setup,NO,LIQUIDITY_REJECT,"short leg illiquid (vol=5, oi=197)",ema50_above_ema200;low_near_ema21;reclaimed_ema8;volume_above_20d_average,129.02999877929688,2026-12-18,102,,155.0,,,,,,,,,,,,,0.23481781376518218,,5,197,0,0,0.0007636041643396133,0.03830705196869682,0.26105948178931704,0.6286065045966001,-0.0017457585978226664,0.10263637428474615,0.7174020595202859,0.042199486525127984,True,False,"SPY: close=770.19, ema50=757.75, above=true; QQQ: close=718.96, ema50=710.45, above=true",,,"short leg illiquid (vol=5, oi=197)",,,,False,"short leg illiquid (vol=5, oi=197)",2026-12-18,0.27945205479452057,0.045,,GDXJ261218C00155000,,,,,,False,,,5.45,6.9,5.51,6.175000000000001,"mid=avg(bid,ask)",True,0.5314988256835937,,0.5617541549535714,,,,,,,,,,,,,,,,,,,,,,,0.5,0.5,2.0,21,124.08723991053746,pullback,bull_ema8_pullback,15.0,strong_setup,close_above_ema21;ema8_above_ema21;ema21_above_ema50;ema8_slope_positive;ema21_slope_positive;low_near_ema8;recent_2_5_day_pullback;close_upper_half_range;relative_strength_positive;atr_pullback_controlled,ema50_above_ema200;low_near_ema21;reclaimed_ema8;volume_above_20d_average,128.4600067138672,130.11000061035156,127.51000213623047,129.02999877929688,132.3300018310547,128.93147093490427,124.08723991053746,116.60723021633189,120.20343760338261,0.028150812683605864,0.4942758868759398,0.5070517780802106,5.444999694824219,0.5846144365835552,0.0007636041643396133,0.3283906942364405,QQQ,"SPY,QQQ",50.0,770.1900024414062,757.749642905043,True,718.9600219726562,710.4548482967451,True
GDXJ,credit,pullup,bear_breakdown_retest,7,watchlist,NO,SETUP_REJECT,watchlist setup; below option evaluation threshold,close_below_ema21;ema8_below_ema21;ema21_below_ema50;ema8_slope_negative;ema21_slope_negative;high_near_ema21;failed_ema8_reclaim;close_lower_half_range;volume_above_20d_average,129.02999877929688,,-1,,,,,,,,,,,,,,,,,0,0,0,0,0.0007636041643396133,0.03830705196869682,0.21644256042246487,1.106108546808382,-0.0017457585978226664,0.10263637428474615,0.7174020595202859,0.042199486525127984,True,False,"SPY: close=770.19, ema50=757.75, above=true; QQQ: close=718.96, ema50=710.45, above=true",,,watchlist setup; below option evaluation threshold,,,SETUP_REJECT,False,watchlist setup; below option evaluation threshold,,,0.045,,,,,,,,False,,,,,,,,False,,,,,,,,,,,,,,,,,,,,,,,,,,0.5,0.5,2.0,21,124.08723991053746,pullup,bear_breakdown_retest,7.0,watchlist,ema50_below_ema200;high_near_ema8;recent_2_5_day_bounce;relative_weakness_negative;atr_bounce_controlled,close_below_ema21;ema8_below_ema21;ema21_below_ema50;ema8_slope_negative;ema21_slope_negative;high_near_ema21;failed_ema8_reclaim;close_lower_half_range;volume_above_20d_average,128.4600067138672,130.11000061035156,127.51000213623047,129.02999877929688,132.3300018310547,128.93147093490427,124.08723991053746,116.60723021633189,120.20343760338261,0.028150812683605864,0.4942758868759398,0.5070517780802106,5.444999694824219,0.5846144365835552,-0.0007636041643396133,0.3283906942364405,QQQ,"SPY,QQQ",50.0,770.1900024414062,757.749642905043,True,718.9600219726562,710.4548482967451,True
GEV,debit,pullback,bull_continuation,7,watchlist,NO,SETUP_REJECT,watchlist setup; below option evaluation threshold,close_above_ema21;ema8_above_ema21;ema21_above_ema50;ema21_slope_positive;low_near_ema21;recent_2_5_day_pullback;reclaimed_ema8;close_upper_half_range;volume_above_20d_average,941.9500122070312,,-1,,,,,,,,,,,,,,,,,0,0,0,0,0.00806421415233129,0.019308082480022595,0.12372952675069969,0.5193082551520967,0.0293877753710734,-0.04321369439766143,0.6111152296933303,0.04256716697323326,True,False,"SPY: close=770.19, ema50=757.75, above=true; QQQ: close=718.96, ema50=710.45, above=true",,,watchlist setup; below option evaluation threshold,,,SETUP_REJECT,False,watchlist setup; below option evaluation threshold,,,0.045,,,,,,,,False,,,,,,,,False,,,,,,,,,,,,,,,,,,,,,,,,,,0.5,0.5,2.0,21,960.1372607347829,pullback,bull_continuation,7.0,watchlist,ema50_above_ema200;ema8_slope_positive;low_near_ema8;relative_strength_positive;atr_pullback_controlled,close_above_ema21;ema8_above_ema21;ema21_above_ema50;ema21_slope_positive;low_near_ema21;recent_2_5_day_pullback;reclaimed_ema8;close_upper_half_range;volume_above_20d_average,950.0,959.0,939.3150024414062,941.9500122070312,941.8400268554688,934.3539255878027,960.1372607347829,988.2566350074956,947.4327960436066,2.170310462636735,-1.81872485277529,-1.8900662367535688,40.096143450055806,0.13385878041293692,0.00806421415233129,0.04990632848861898,QQQ,"SPY,QQQ",50.0,770.1900024414062,757.749642905043,True,718.9600219726562,710.4548482967451,True
GEV,credit,pullup,bear_ema21_rejection,13,strong_setup,NO,LIQUIDITY_REJECT,"short leg illiquid (vol=3, oi=104)",ema50_below_ema200;ema8_slope_negative;high_near_ema8;recent_2_5_day_bounce;failed_ema8_reclaim;volume_above_20d_average,941.9500122070312,2026-12-18,102,,1160.0,,,,,,,,,,,,,0.14942528735632174,,3,104,0,0,0.00806421415233129,0.019308082480022595,0.6146744372784066,0.02836334462438971,0.0293877753710734,-0.04321369439766143,0.6111152296933303,0.04256716697323326,True,False,"SPY: close=770.19, ema50=757.75, above=true; QQQ: close=718.96, ema50=710.45, above=true",,,"short leg illiquid (vol=3, oi=104)",,,,False,"short leg illiquid (vol=3, oi=104)",2026-12-18,0.27945205479452057,0.045,,GEV261218C01160000,,,,,,False,,,32.2,37.4,38.2,34.8,"mid=avg(bid,ask)",True,0.5039646161651611,,0.5757317694781656,,,,,,,,,,,,,,,,,,,,,,,0.5,0.5,2.0,21,960.1372607347829,pullup,bear_ema21_rejection,13.0,strong_setup,close_below_ema21;ema8_below_ema21;ema21_below_ema50;ema21_slope_negative;high_near_ema21;close_lower_half_range;relative_weakness_negative;atr_bounce_controlled,ema50_below_ema200;ema8_slope_negative;high_near_ema8;recent_2_5_day_bounce;failed_ema8_reclaim;volume_above_20d_average,950.0,959.0,939.3150024414062,941.9500122070312,941.8400268554688,934.3539255878027,960.1372607347829,988.2566350074956,947.4327960436066,2.170310462636735,-1.81872485277529,-1.8900662367535688,40.096143450055806,0.13385878041293692,-0.00806421415233129,0.04990632848861898,QQQ,"SPY,QQQ",50.0,770.1900024414062,757.749642905043,True,718.9600219726562,710.4548482967451,True
GFAI,debit,pullback,bull_ema8_pullback,16,strong_setup,NO,OPTION_CHAIN_REJECT,no options expirations found,ema21_above_ema50;ema50_above_ema200;close_upper_half_range;volume_above_20d_average,0.38499999046325684,,-1,,,,,,,,,,,,,,,,,0,0,0,0,0.009421653787338457,0.032266848559043854,0.01269339310049911,0.28690665447996055,0.009626442683658754,0.09937907743156649,0.4289801716721023,0.07625230688780234,True,False,"SPY: close=770.19, ema50=757.75, above=true; QQQ: close=718.96, ema50=710.45, above=true",,,no options expirations found,,,OPTION_CHAIN_REJECT,False,no options expirations found,,,0.045,,,,,,,,False,,,,,,,,False,,,,,,,,,,,,,,,,,,,,,,,,,,0.5,0.5,2.0,21,0.3725772540757456,pullback,bull_ema8_pullback,16.0,strong_setup,close_above_ema21;ema8_above_ema21;ema8_slope_positive;ema21_slope_positive;low_near_ema8;low_near_ema21;recent_2_5_day_pullback;reclaimed_ema8;relative_strength_positive;atr_pullback_controlled,ema21_above_ema50;ema50_above_ema200;close_upper_half_range;volume_above_20d_average,0.38100001215934753,0.4000000059604645,0.38100001215934753,0.38499999046325684,0.38100001215934753,0.3813726538449834,0.3725772540757456,0.38231085096602085,0.4721897202232725,0.0010363818909353006,0.0012422736387511235,0.00010976079580554687,0.029357137424605235,0.21052524257529795,0.009421653787338457,-0.13478905268749153,QQQ,"SPY,QQQ",50.0,770.1900024414062,757.749642905043,True,718.9600219726562,710.4548482967451,True
GFAI,credit,pullup,bear_ema21_rejection,6,watchlist,NO,SETUP_REJECT,watchlist setup; below option evaluation threshold,close_below_ema21;ema8_below_ema21;ema8_slope_negative;ema21_slope_negative;high_near_ema8;high_near_ema21;failed_ema8_reclaim;relative_weakness_negative;volume_above_20d_average,0.38499999046325684,,-1,,,,,,,,,,,,,,,,,0,0,0,0,0.009421653787338457,0.032266848559043854,0.6345084619820196,0.9341085095624793,0.009626442683658754,0.09937907743156649,0.4289801716721023,0.07625230688780234,True,False,"SPY: close=770.19, ema50=757.75, above=true; QQQ: close=718.96, ema50=710.45, above=true",,,watchlist setup; below option evaluation threshold,,,SETUP_REJECT,False,watchlist setup; below option evaluation threshold,,,0.045,,,,,,,,False,,,,,,,,False,,,,,,,,,,,,,,,,,,,,,,,,,,0.5,0.5,2.0,21,0.3725772540757456,pullup,bear_ema21_rejection,6.0,watchlist,ema21_below_ema50;ema50_below_ema200;recent_2_5_day_bounce;close_lower_half_range;atr_bounce_controlled,close_below_ema21;ema8_below_ema21;ema8_slope_negative;ema21_slope_negative;high_near_ema8;high_near_ema21;failed_ema8_reclaim;relative_weakness_negative;volume_above_20d_average,0.38100001215934753,0.4000000059604645,0.38100001215934753,0.38499999046325684,0.38100001215934753,0.3813726538449834,0.3725772540757456,0.38231085096602085,0.4721897202232725,0.0010363818909353006,0.0012422736387511235,0.00010976079580554687,0.029357137424605235,0.21052524257529795,-0.009421653787338457,-0.13478905268749153,QQQ,"SPY,QQQ",50.0,770.1900024414062,757.749642905043,True,718.9600219726562,710.4548482967451,True
GFS,debit,pullback,bull_continuation,4,near_miss,NO,SETUP_REJECT,near_miss setup; below option evaluation threshold,close_above_ema21;ema8_above_ema21;ema21_above_ema50;ema50_above_ema200;ema8_slope_positive;ema21_slope_positive;low_near_ema8;low_near_ema21;recent_2_5_day_pullback;reclaimed_ema8;volume_above_20d_average,45.209999084472656,,-1,,,,,,,,,,,,,,,,,0,0,0,0,3.813051420034948e-05,0.06007839852293207,0.3842091200860226,1.9140141629910925,0.006522197055123469,-0.15606200415296478,0.6913048961190453,0.03924700620329792,True,False,"SPY: close=770.19, ema50=757.75, above=true; QQQ: close=718.96, ema50=710.45, above=true",,,near_miss setup; below option evaluation threshold,,,SETUP_REJECT,False,near_miss setup; below option evaluation threshold,,,0.045,,,,,,,,False,,,,,,,,False,,,,,,,,,,,,,,,,,,,,,,,,,,0.5,0.5,2.0,21,47.926143426691,pullback,bull_continuation,4.0,near_miss,close_upper_half_range;relative_strength_positive;atr_pullback_controlled,close_above_ema21;ema8_above_ema21;ema21_above_ema50;ema50_above_ema200;ema8_slope_positive;ema21_slope_positive;low_near_ema8;low_near_ema21;recent_2_5_day_pullback;reclaimed_ema8;volume_above_20d_average,44.880001068115234,45.619998931884766,44.529998779296875,45.209999084472656,44.529998779296875,45.211722964984745,47.926143426691,54.172222865330774,56.7270163655285,-0.0004925372891761981,-0.2716144342218314,-0.3658050522799243,1.7743571145193917,0.6238534036544094,-3.813051420034948e-05,-0.43217821310546434,QQQ,"SPY,QQQ",50.0,770.1900024414062,757.749642905043,True,718.9600219726562,710.4548482967451,True
GFS,credit,pullup,bear_ema8_rejection,16,strong_setup,NO,LIQUIDITY_REJECT,"short leg illiquid (vol=19, oi=926)",high_near_ema21;recent_2_5_day_bounce;close_lower_half_range;volume_above_20d_average,45.209999084472656,2027-01-15,130,,60.0,,,,,,,,,,,,,0.20833333333333334,,19,926,0,0,3.813051420034948e-05,0.06007839852293207,0.23009796819317743,1.2997070747118926,0.006522197055123469,-0.15606200415296478,0.6913048961190453,0.03924700620329792,True,False,"SPY: close=770.19, ema50=757.75, above=true; QQQ: close=718.96, ema50=710.45, above=true",,,"short leg illiquid (vol=19, oi=926)",,,,False,"short leg illiquid (vol=19, oi=926)",2027-01-15,0.3561643835616438,0.045,,GFS270115C00060000,,,,,,False,,,2.15,2.65,2.25,2.4,"mid=avg(bid,ask)",True,0.6132851171875001,,0.639776721315277,,,,,,,,,,,,,,,,,,,,,,,0.5,0.5,2.0,21,47.926143426691,pullup,bear_ema8_rejection,16.0,strong_setup,close_below_ema21;ema8_below_ema21;ema21_below_ema50;ema50_below_ema200;ema8_slope_negative;ema21_slope_negative;high_near_ema8;failed_ema8_reclaim;relative_weakness_negative;atr_bounce_controlled,high_near_ema21;recent_2_5_day_bounce;close_lower_half_range;volume_above_20d_average,44.880001068115234,45.619998931884766,44.529998779296875,45.209999084472656,44.529998779296875,45.211722964984745,47.926143426691,54.172222865330774,56.7270163655285,-0.0004925372891761981,-0.2716144342218314,-0.3658050522799243,1.7743571145193917,0.6238534036544094,3.813051420034948e-05,-0.43217821310546434,QQQ,"SPY,QQQ",50.0,770.1900024414062,757.749642905043,True,718.9600219726562,710.4548482967451,True
GH,debit,pullback,bull_ema21_pullback,9,valid_setup,NO,LIQUIDITY_REJECT,"short leg illiquid (vol=3, oi=167)",close_above_ema21;ema8_slope_positive;ema21_slope_positive;low_near_ema8;low_near_ema21;reclaimed_ema8;relative_strength_positive,161.41000366210938,2027-01-15,130,,200.0,,,,,,,,,,,,,0.358974358974359,,3,167,0,0,0.008678194685662144,0.005416766057806939,1.0783330363807908,1.0139044942525848,-0.004088692536142635,-0.03633429316789838,1.1778634185401606,0.050620866468859396,True,False,"SPY: close=770.19, ema50=757.75, above=true; QQQ: close=718.96, ema50=710.45, above=true",,,"short leg illiquid (vol=3, oi=167)",,,,False,"short leg illiquid (vol=3, oi=167)",2027-01-15,0.3561643835616438,0.045,,GH270115C00200000,,,,,,False,,,8.0,11.5,8.9,9.75,"mid=avg(bid,ask)",True,0.5681805877685546,,0.5132538549489144,,,,,,,,,,,,,,,,,,,,,,,0.5,0.5,2.0,21,162.28432389133678,pullback,bull_ema21_pullback,9.0,valid_setup,ema8_above_ema21;ema21_above_ema50;ema50_above_ema200;recent_2_5_day_pullback;close_upper_half_range;volume_above_20d_average;atr_pullback_controlled,close_above_ema21;ema8_slope_positive;ema21_slope_positive;low_near_ema8;low_near_ema21;reclaimed_ema8;relative_strength_positive,160.0,164.83999633789062,154.0,161.41000366210938,161.0399932861328,162.8107510981026,162.28432389133678,154.91001773678016,123.39789539225046,-0.40021355314092943,-0.08743202292274077,0.2653055479726163,8.170714242117745,0.6835799045621542,-0.008678194685662144,0.19853722304763832,QQQ,"SPY,QQQ",50.0,770.1900024414062,757.749642905043,True,718.9600219726562,710.4548482967451,True
GH,credit,pullup,bear_failed_reclaim,15,strong_setup,NO,LIQUIDITY_REJECT,"short leg illiquid (vol=8, oi=15)",ema8_below_ema21;ema21_below_ema50;ema50_below_ema200;close_lower_half_range,161.41000366210938,2027-01-15,130,,210.0,,,,,,,,,,,,,0.345679012345679,,8,15,0,0,0.008678194685662144,0.005416766057806939,0.24835591842483418,0.3127844605530403,-0.004088692536142635,-0.03633429316789838,1.1778634185401606,0.050620866468859396,True,False,"SPY: close=770.19, ema50=757.75, above=true; QQQ: close=718.96, ema50=710.45, above=true",,,"short leg illiquid (vol=8, oi=15)",,,,False,"short leg illiquid (vol=8, oi=15)",2027-01-15,0.3561643835616438,0.045,,GH270115C00210000,,,,,,False,,,6.7,9.5,6.3,8.1,"mid=avg(bid,ask)",True,0.5764812860107422,,0.5132538549489144,,,,,,,,,,,,,,,,,,,,,,,0.5,0.5,2.0,21,162.28432389133678,pullup,bear_failed_reclaim,15.0,strong_setup,close_below_ema21;ema8_slope_negative;ema21_slope_negative;high_near_ema8;high_near_ema21;recent_2_5_day_bounce;failed_ema8_reclaim;relative_weakness_negative;volume_above_20d_average;atr_bounce_controlled,ema8_below_ema21;ema21_below_ema50;ema50_below_ema200;close_lower_half_range,160.0,164.83999633789062,154.0,161.41000366210938,161.0399932861328,162.8107510981026,162.28432389133678,154.91001773678016,123.39789539225046,-0.40021355314092943,-0.08743202292274077,0.2653055479726163,8.170714242117745,0.6835799045621542,0.008678194685662144,0.19853722304763832,QQQ,"SPY,QQQ",50.0,770.1900024414062,757.749642905043,True,718.9600219726562,710.4548482967451,True
GLD,debit,pullback,bull_ema8_pullback,16,strong_setup,NO,LIQUIDITY_REJECT,"short leg illiquid (vol=14, oi=771)",ema50_above_ema200;ema8_slope_positive;reclaimed_ema8;volume_above_20d_average,406.7699890136719,2026-12-18,102,,445.0,,,,,,,,,,,,,0.02985074626865661,,14,771,0,0,0.0046470888140088245,0.0027415349120054663,0.5455935518026309,0.19672913455836505,-0.008716270697401551,0.026458741400563368,0.8092923640001303,0.021179069463083035,True,False,"SPY: close=770.19, ema50=757.75, above=true; QQQ: close=718.96, ema50=710.45, above=true",,,"short leg illiquid (vol=14, oi=771)",,,,False,"short leg illiquid (vol=14, oi=771)",2026-12-18,0.27945205479452057,0.045,,GLD261218C00445000,,,,,,False,,,9.9,10.2,10.17,10.05,"mid=avg(bid,ask)",True,0.27472649108886715,,0.2679702437758967,,,,,,,,,,,,,,,,,,,,,,,0.5,0.5,2.0,21,405.6548148876348,pullback,bull_ema8_pullback,16.0,strong_setup,close_above_ema21;ema8_above_ema21;ema21_above_ema50;ema21_slope_positive;low_near_ema8;low_near_ema21;recent_2_5_day_pullback;close_upper_half_range;relative_strength_positive;atr_pullback_controlled,ema50_above_ema200;ema8_slope_positive;reclaimed_ema8;volume_above_20d_average,404.6600036621094,408.0,403.9599914550781,406.7699890136719,410.2200012207031,408.6602852794918,405.6548148876348,399.2786896251887,420.8630688099747,-0.5400846473771708,0.11151741260368908,0.3057673219789194,8.61500985281808,0.6955424790192094,-0.0046470888140088245,0.04950785438190586,QQQ,"SPY,QQQ",50.0,770.1900024414062,757.749642905043,True,718.9600219726562,710.4548482967451,True
GLD,credit,pullup,bear_continuation,10,valid_setup,NO,LIQUIDITY_REJECT,"short leg illiquid (vol=1, oi=4452)",close_below_ema21;ema8_below_ema21;ema21_below_ema50;ema21_slope_negative;failed_ema8_reclaim;close_lower_half_range;volume_above_20d_average,406.7699890136719,2026-12-18,102,,455.0,,,,,,,,,,,,,0.030959752321981317,,1,4452,0,0,0.0046470888140088245,0.0027415349120054663,0.07664358959215983,0.2722208276521061,-0.008716270697401551,0.026458741400563368,0.8092923640001303,0.021179069463083035,True,False,"SPY: close=770.19, ema50=757.75, above=true; QQQ: close=718.96, ema50=710.45, above=true",,,"short leg illiquid (vol=1, oi=4452)",,,,False,"short leg illiquid (vol=1, oi=4452)",2026-12-18,0.27945205479452057,0.045,,GLD261218C00455000,,,,,,False,,,7.95,8.2,8.1,8.075,"mid=avg(bid,ask)",True,0.27802235656738283,,0.2679702437758967,,,,,,,,,,,,,,,,,,,,,,,0.5,0.5,2.0,21,405.6548148876348,pullup,bear_continuation,10.0,valid_setup,ema50_below_ema200;ema8_slope_negative;high_near_ema8;high_near_ema21;recent_2_5_day_bounce;relative_weakness_negative;atr_bounce_controlled,close_below_ema21;ema8_below_ema21;ema21_below_ema50;ema21_slope_negative;failed_ema8_reclaim;close_lower_half_range;volume_above_20d_average,404.6600036621094,408.0,403.9599914550781,406.7699890136719,410.2200012207031,408.6602852794918,405.6548148876348,399.2786896251887,420.8630688099747,-0.5400846473771708,0.11151741260368908,0.3057673219789194,8.61500985281808,0.6955424790192094,0.0046470888140088245,0.04950785438190586,QQQ,"SPY,QQQ",50.0,770.1900024414062,757.749642905043,True,718.9600219726562,710.4548482967451,True
GM,debit,pullback,bull_ema8_pullback,18,strong_setup,NO,LIQUIDITY_REJECT,"short leg illiquid (vol=7, oi=136)",recent_2_5_day_pullback;reclaimed_ema8,87.76000213623047,2026-12-18,102,,97.5,,,,,,,,,,,,,0.11409395973154357,,7,136,0,0,0.01416235023913366,0.018964700901003134,0.40123243667501657,0.19678469946601615,0.01373998204261917,0.007684365798405035,1.0504233320139404,0.0234893803542574,True,False,"SPY: close=770.19, ema50=757.75, above=true; QQQ: close=718.96, ema50=710.45, above=true",,,"short leg illiquid (vol=7, oi=136)",,,,False,"short leg illiquid (vol=7, oi=136)",2026-12-18,0.27945205479452057,0.045,,GM261218C00097500,,,,,,False,,,2.81,3.15,2.6,2.98,"mid=avg(bid,ask)",True,0.35547519531249994,,0.30748816577802157,,,,,,,,,,,,,,,,,,,,,,,0.5,0.5,2.0,21,86.09565994464546,pullback,bull_ema8_pullback,18.0,strong_setup,close_above_ema21;ema8_above_ema21;ema21_above_ema50;ema50_above_ema200;ema8_slope_positive;ema21_slope_positive;low_near_ema8;low_near_ema21;close_upper_half_range;relative_strength_positive;volume_above_20d_average;atr_pullback_controlled,recent_2_5_day_pullback;reclaimed_ema8,86.41000366210938,87.76000213623047,85.69000244140625,87.76000213623047,87.22000122070312,86.51711424899005,86.09565994464546,84.30410011263676,79.83434905420464,0.35511082492583057,0.16643421915850354,0.14105722545279775,2.0614280700683594,1.0,0.01416235023913366,0.06886127439287515,QQQ,"SPY,QQQ",50.0,770.1900024414062,757.749642905043,True,718.9600219726562,710.4548482967451,True
GM,credit,pullup,bear_continuation,4,near_miss,NO,SETUP_REJECT,near_miss setup; below option evaluation threshold,close_below_ema21;ema8_below_ema21;ema21_below_ema50;ema50_below_ema200;ema8_slope_negative;ema21_slope_negative;high_near_ema21;recent_2_5_day_bounce;failed_ema8_reclaim;close_lower_half_range;relative_weakness_negative,87.76000213623047,,-1,,,,,,,,,,,,,,,,,0,0,0,0,0.01416235023913366,0.018964700901003134,0.602925663663442,0.8073734008724425,0.01373998204261917,0.007684365798405035,1.0504233320139404,0.0234893803542574,True,False,"SPY: close=770.19, ema50=757.75, above=true; QQQ: close=718.96, ema50=710.45, above=true",,,near_miss setup; below option evaluation threshold,,,SETUP_REJECT,False,near_miss setup; below option evaluation threshold,,,0.045,,,,,,,,False,,,,,,,,False,,,,,,,,,,,,,,,,,,,,,,,,,,0.5,0.5,2.0,21,86.09565994464546,pullup,bear_continuation,4.0,near_miss,high_near_ema8;volume_above_20d_average;atr_bounce_controlled,close_below_ema21;ema8_below_ema21;ema21_below_ema50;ema50_below_ema200;ema8_slope_negative;ema21_slope_negative;high_near_ema21;recent_2_5_day_bounce;failed_ema8_reclaim;close_lower_half_range;relative_weakness_negative,86.41000366210938,87.76000213623047,85.69000244140625,87.76000213623047,87.22000122070312,86.51711424899005,86.09565994464546,84.30410011263676,79.83434905420464,0.35511082492583057,0.16643421915850354,0.14105722545279775,2.0614280700683594,1.0,-0.01416235023913366,0.06886127439287515,QQQ,"SPY,QQQ",50.0,770.1900024414062,757.749642905043,True,718.9600219726562,710.4548482967451,True
GME,debit,pullback,bull_ema8_reclaim,11,strong_setup,NO,LIQUIDITY_REJECT,short leg bid/ask too wide (39.6%>15.0%),ema8_above_ema21;ema21_above_ema50;ema50_above_ema200;low_near_ema8;reclaimed_ema8;close_upper_half_range,19.15999984741211,2026-12-18,102,,24.0,,,,,,,,,,,,,0.39647577092511016,,245,2943,0,0,0.021243891307750597,0.015457200511837514,0.6512933532679376,0.39971744612544335,0.06865652606011241,0.005629098597988658,1.1438044730711825,0.023001768578083528,True,False,"SPY: close=770.19, ema50=757.75, above=true; QQQ: close=718.96, ema50=710.45, above=true",,,short leg bid/ask too wide (39.6%>15.0%),,,,False,short leg bid/ask too wide (39.6%>15.0%),2026-12-18,0.27945205479452057,0.045,,GME261218C00024000,,,,,,False,,,0.91,1.36,0.92,1.135,"mid=avg(bid,ask)",True,0.649417568359375,,0.34527735936388154,,,,,,,,,,,,,,,,,,,,,,,0.5,0.5,2.0,21,18.863839887963884,pullback,bull_ema8_reclaim,11.0,strong_setup,close_above_ema21;ema8_slope_positive;ema21_slope_positive;low_near_ema21;recent_2_5_day_pullback;relative_strength_positive;volume_above_20d_average;atr_pullback_controlled,ema8_above_ema21;ema21_above_ema50;ema50_above_ema200;low_near_ema8;reclaimed_ema8;close_upper_half_range,19.329999923706055,19.5,19.040000915527344,19.15999984741211,19.229999542236328,18.75296689319717,18.863839887963884,19.851947007437946,22.047765665446423,0.11629512977569689,0.029615995944819673,-0.02824274122554371,0.44071388244628906,0.2608677624268157,0.021243891307750597,-0.18183430112920906,QQQ,"SPY,QQQ",50.0,770.1900024414062,757.749642905043,True,718.9600219726562,710.4548482967451,True
GME,credit,pullup,bear_breakdown_retest,9,valid_setup,NO,LIQUIDITY_REJECT,long leg bid/ask too wide (23.1%>15.0%),close_below_ema21;ema8_slope_negative;ema21_slope_negative;high_near_ema8;high_near_ema21;failed_ema8_reclaim;relative_weakness_negative,19.15999984741211,2026-12-18,102,30.0,25.0,5.0,,,,,,,,,,,,0.1379310344827586,0.23076923076923064,486,13797,642,12215,0.021243891307750597,0.015457200511837514,1.69505236062963,1.4434764534871358,0.06865652606011241,0.005629098597988658,1.1438044730711825,0.023001768578083528,True,False,"SPY: close=770.19, ema50=757.75, above=true; QQQ: close=718.96, ema50=710.45, above=true",,,long leg bid/ask too wide (23.1%>15.0%),,,,False,long leg bid/ask too wide (23.1%>15.0%),2026-12-18,0.27945205479452057,0.045,GME261218C00030000,GME261218C00025000,0.46,0.58,0.51,0.52,"mid=avg(bid,ask)",True,0.7128934960937501,,0.81,0.93,0.86,0.8700000000000001,"mid=avg(bid,ask)",True,0.6269568554687501,,0.34527735936388154,,,,,,,,,,,,,,,,,,,,,,,0.5,0.5,2.0,21,18.863839887963884,pullup,bear_breakdown_retest,9.0,valid_setup,ema8_below_ema21;ema21_below_ema50;ema50_below_ema200;recent_2_5_day_bounce;close_lower_half_range;volume_above_20d_average;atr_bounce_controlled,close_below_ema21;ema8_slope_negative;ema21_slope_negative;high_near_ema8;high_near_ema21;failed_ema8_reclaim;relative_weakness_negative,19.329999923706055,19.5,19.040000915527344,19.15999984741211,19.229999542236328,18.75296689319717,18.863839887963884,19.851947007437946,22.047765665446423,0.11629512977569689,0.029615995944819673,-0.02824274122554371,0.44071388244628906,0.2608677624268157,-0.021243891307750597,-0.18183430112920906,QQQ,"SPY,QQQ",50.0,770.1900024414062,757.749642905043,True,718.9600219726562,710.4548482967451,True
GNRC,debit,pullback,bull_continuation,4,near_miss,NO,SETUP_REJECT,near_miss setup; below option evaluation threshold,close_above_ema21;ema8_above_ema21;ema21_above_ema50;ema50_above_ema200;ema8_slope_positive;ema21_slope_positive;low_near_ema8;low_near_ema21;recent_2_5_day_pullback;reclaimed_ema8;volume_above_20d_average,187.35000610351562,,-1,,,,,,,,,,,,,,,,,0,0,0,0,0.007036371052503876,0.060655089686623954,0.5894031781259413,1.8106303280078127,0.01578304886549753,-0.11156058651243306,0.6290902291567116,0.043905606454382046,True,False,"SPY: close=770.19, ema50=757.75, above=true; QQQ: close=718.96, ema50=710.45, above=true",,,near_miss setup; below option evaluation threshold,,,SETUP_REJECT,False,near_miss setup; below option evaluation threshold,,,0.045,,,,,,,,False,,,,,,,,False,,,,,,,,,,,,,,,,,,,,,,,,,,0.5,0.5,2.0,21,198.7137375265139,pullback,bull_continuation,4.0,near_miss,close_upper_half_range;relative_strength_positive;atr_pullback_controlled,close_above_ema21;ema8_above_ema21;ema21_above_ema50;ema50_above_ema200;ema8_slope_positive;ema21_slope_positive;low_near_ema8;low_near_ema21;recent_2_5_day_pullback;reclaimed_ema8;volume_above_20d_average,183.8300018310547,187.64999389648438,183.82000732421875,187.35000610351562,183.02000427246094,188.66827026314883,198.7137375265139,213.52294845172685,225.09606377066734,-0.3766469027523556,-1.1363731422998171,-1.0682833611514582,8.225715637207031,0.9216739308850128,-0.007036371052503876,-0.25289778767462223,QQQ,"SPY,QQQ",50.0,770.1900024414062,757.749642905043,True,718.9600219726562,710.4548482967451,True
GNRC,credit,pullup,bear_ema8_rejection,14,strong_setup,NO,LIQUIDITY_REJECT,"short leg illiquid (vol=1, oi=33)",high_near_ema21;recent_2_5_day_bounce;failed_ema8_reclaim;close_lower_half_range;volume_above_20d_average,187.35000610351562,2026-12-18,102,,240.0,,,,,,,,,,,,,0.5263157894736842,,1,33,0,0,0.007036371052503876,0.060655089686623954,0.12379182694555177,1.345018976827423,0.01578304886549753,-0.11156058651243306,0.6290902291567116,0.043905606454382046,True,False,"SPY: close=770.19, ema50=757.75, above=true; QQQ: close=718.96, ema50=710.45, above=true",,,"short leg illiquid (vol=1, oi=33)",,,,False,"short leg illiquid (vol=1, oi=33)",2026-12-18,0.27945205479452057,0.045,,GNRC261218C00240000,,,,,,False,,,4.9,8.4,6.05,6.65,"mid=avg(bid,ask)",True,0.5451705639648439,,0.5781147732799703,,,,,,,,,,,,,,,,,,,,,,,0.5,0.5,2.0,21,198.7137375265139,pullup,bear_ema8_rejection,14.0,strong_setup,close_below_ema21;ema8_below_ema21;ema21_below_ema50;ema50_below_ema200;ema8_slope_negative;ema21_slope_negative;high_near_ema8;relative_weakness_negative;atr_bounce_controlled,high_near_ema21;recent_2_5_day_bounce;failed_ema8_reclaim;close_lower_half_range;volume_above_20d_average,183.8300018310547,187.64999389648438,183.82000732421875,187.35000610351562,183.02000427246094,188.66827026314883,198.7137375265139,213.52294845172685,225.09606377066734,-0.3766469027523556,-1.1363731422998171,-1.0682833611514582,8.225715637207031,0.9216739308850128,0.007036371052503876,-0.25289778767462223,QQQ,"SPY,QQQ",50.0,770.1900024414062,757.749642905043,True,718.9600219726562,710.4548482967451,True
GOOG,debit,pullback,bull_continuation,5,near_miss,NO,SETUP_REJECT,near_miss setup; below option evaluation threshold,close_above_ema21;ema8_above_ema21;ema21_above_ema50;ema8_slope_positive;ema21_slope_positive;low_near_ema21;reclaimed_ema8;close_upper_half_range;relative_strength_positive;volume_above_20d_average,335.30999755859375,,-1,,,,,,,,,,,,,,,,,0,0,0,0,0.005687420403744937,0.016361057625597142,0.5475616967562316,1.1128009798732756,-0.02560915553677312,-0.04574726601398427,0.836785615271892,0.018883396007071247,True,False,"SPY: close=770.19, ema50=757.75, above=true; QQQ: close=718.96, ema50=710.45, above=true",,,near_miss setup; below option evaluation threshold,,,SETUP_REJECT,False,near_miss setup; below option evaluation threshold,,,0.045,,,,,,,,False,,,,,,,,False,,,,,,,,,,,,,,,,,,,,,,,,,,0.5,0.5,2.0,21,340.79602375108874,pullback,bull_continuation,5.0,near_miss,ema50_above_ema200;low_near_ema8;recent_2_5_day_pullback;atr_pullback_controlled,close_above_ema21;ema8_above_ema21;ema21_above_ema50;ema8_slope_positive;ema21_slope_positive;low_near_ema21;reclaimed_ema8;close_upper_half_range;relative_strength_positive;volume_above_20d_average,339.17999267578125,340.17999267578125,333.75,335.30999755859375,339.0799865722656,337.21704648028816,340.79602375108874,345.46831808284037,334.3272191859166,-0.5448711204841743,-0.5486026192494933,-0.41462532752024117,6.331791469029018,0.242612649384427,-0.005687420403744937,-0.08740205204387153,QQQ,"SPY,QQQ",50.0,770.1900024414062,757.749642905043,True,718.9600219726562,710.4548482967451,True
GOOG,credit,pullup,bear_ema8_rejection,19,strong_setup,NO,LIQUIDITY_REJECT,"short leg illiquid (vol=11, oi=5234)",ema50_below_ema200;volume_above_20d_average,335.30999755859375,2026-12-18,102,,385.0,,,,,,,,,,,,,0.05714285714285714,,11,5234,0,0,0.005687420403744937,0.016361057625597142,0.46794753269842876,0.09729175041861543,-0.02560915553677312,-0.04574726601398427,0.836785615271892,0.018883396007071247,True,False,"SPY: close=770.19, ema50=757.75, above=true; QQQ: close=718.96, ema50=710.45, above=true",,,"short leg illiquid (vol=11, oi=5234)",,,,False,"short leg illiquid (vol=11, oi=5234)",2026-12-18,0.27945205479452057,0.045,,GOOG261218C00385000,,,,,,False,,,8.5,9.0,9.0,8.75,"mid=avg(bid,ask)",True,0.3526676062011719,,0.3577955575370261,,,,,,,,,,,,,,,,,,,,,,,0.5,0.5,2.0,21,340.79602375108874,pullup,bear_ema8_rejection,19.0,strong_setup,close_below_ema21;ema8_below_ema21;ema21_below_ema50;ema8_slope_negative;ema21_slope_negative;high_near_ema8;high_near_ema21;recent_2_5_day_bounce;failed_ema8_reclaim;close_lower_half_range;relative_weakness_negative;atr_bounce_controlled,ema50_below_ema200;volume_above_20d_average,339.17999267578125,340.17999267578125,333.75,335.30999755859375,339.0799865722656,337.21704648028816,340.79602375108874,345.46831808284037,334.3272191859166,-0.5448711204841743,-0.5486026192494933,-0.41462532752024117,6.331791469029018,0.242612649384427,0.005687420403744937,-0.08740205204387153,QQQ,"SPY,QQQ",50.0,770.1900024414062,757.749642905043,True,718.9600219726562,710.4548482967451,True
GOOGL,debit,pullback,bull_continuation,6,watchlist,NO,SETUP_REJECT,watchlist setup; below option evaluation threshold,close_above_ema21;ema8_above_ema21;ema21_above_ema50;ema8_slope_positive;ema21_slope_positive;low_near_ema21;reclaimed_ema8;close_upper_half_range;relative_strength_positive,338.4599914550781,,-1,,,,,,,,,,,,,,,,,0,0,0,0,0.005929774058687143,0.015145335549804302,0.5116088780673373,0.9841481434879983,-0.02698856471312483,-0.039078767288663774,1.0410200852318703,0.01950221318203756,True,False,"SPY: close=770.19, ema50=757.75, above=true; QQQ: close=718.96, ema50=710.45, above=true",,,watchlist setup; below option evaluation threshold,,,SETUP_REJECT,False,watchlist setup; below option evaluation threshold,,,0.045,,,,,,,,False,,,,,,,,False,,,,,,,,,,,,,,,,,,,,,,,,,,0.5,0.5,2.0,21,343.5860815958492,pullback,bull_continuation,6.0,watchlist,ema50_above_ema200;low_near_ema8;recent_2_5_day_pullback;volume_above_20d_average;atr_pullback_controlled,close_above_ema21;ema8_above_ema21;ema21_above_ema50;ema8_slope_positive;ema21_slope_positive;low_near_ema21;reclaimed_ema8;close_upper_half_range;relative_strength_positive,342.4700012207031,343.5299987792969,337.0899963378906,338.4599914550781,342.4800109863281,340.4669827323119,343.5860815958492,347.78348339397934,335.8809792891112,-0.5734260792096961,-0.5126090140771566,-0.3805506913837462,6.600718906947544,0.21273208040715363,-0.005929774058687143,-0.08671184615786798,QQQ,"SPY,QQQ",50.0,770.1900024414062,757.749642905043,True,718.9600219726562,710.4548482967451,True
GOOGL,credit,pullup,bear_ema8_rejection,20,strong_setup,NO,RISK_REJECT,credit/width<20.0% (credit_width=13.5%),ema50_below_ema200,338.4599914550781,2026-12-18,102,395.0,390.0,5.0,0.6749999999999998,0.0,0.6749999999999998,36.04368932038835,reject,0.13499999999999995,0.7670680900025104,-0.0920680900025106,0.7861913368910216,0.15606936416184966,,0.08333333333333325,0.08414239482200651,54,6729,105,2077,0.005929774058687143,0.015145335549804302,0.46404279445394925,0.008496470966711708,-0.02698856471312483,-0.039078767288663774,1.0410200852318703,0.01950221318203756,True,False,"SPY: close=770.19, ema50=757.75, above=true; QQQ: close=718.96, ema50=710.45, above=true",0.3374999999999999,1.3499999999999996,credit/width<20.0% (credit_width=13.5%),SELL credit call spread near mid on pullup day (trend down).,TP: buy back at 50% max profit (spread≈0.34); SL: buy back if spread≥1.35 OR close>EMA21 (≈343.59); Time-stop: exit by 21 days.,,False,credit/width<20.0% (credit_width=13.5%),2026-12-18,0.27945205479452057,0.045,GOOGL261218C00395000,GOOGL261218C00390000,7.4,8.05,7.5,7.7250000000000005,"mid=avg(bid,ask)",True,0.3560245062255859,0.3560245062255859,8.05,8.75,8.7,8.4,"mid=avg(bid,ask)",True,0.35169105346679685,0.35169105346679685,0.36031531380173715,0.3538577798461914,8.885341392020862,9.652409482023373,-0.6598819984929051,-0.8480880339556727,0.25466477855808495,0.005037483798115331,57.41370066640385,-40.05167560317112,-0.6017972089519416,-0.7877124415364373,0.27365456660749254,0.0052898789437823895,59.556482502940746,-41.20957715593796,0.018989788049407597,0.00025239514566705815,2.142781836536898,-1.1579015527668375,390.675,0.6749999999999998,4.325,0.5,0.5,2.0,21,343.5860815958492,pullup,bear_ema8_rejection,20.0,strong_setup,close_below_ema21;ema8_below_ema21;ema21_below_ema50;ema8_slope_negative;ema21_slope_negative;high_near_ema8;high_near_ema21;recent_2_5_day_bounce;failed_ema8_reclaim;close_lower_half_range;relative_weakness_negative;volume_above_20d_average;atr_bounce_controlled,ema50_below_ema200,342.4700012207031,343.5299987792969,337.0899963378906,338.4599914550781,342.4800109863281,340.4669827323119,343.5860815958492,347.78348339397934,335.8809792891112,-0.5734260792096961,-0.5126090140771566,-0.3805506913837462,6.600718906947544,0.21273208040715363,0.005929774058687143,-0.08671184615786798,QQQ,"SPY,QQQ",50.0,770.1900024414062,757.749642905043,True,718.9600219726562,710.4548482967451,True
GTLB,debit,pullback,bull_continuation,13,strong_setup,NO,LIQUIDITY_REJECT,short leg bid/ask too wide (49.6%>15.0%),low_near_ema8;low_near_ema21;recent_2_5_day_pullback;reclaimed_ema8;volume_above_20d_average,49.83000183105469,2026-12-18,102,,62.5,,,,,,,,,,,,,0.49599999999999994,,100,134,0,0,0.05779258121103315,0.1289013562696693,0.3725608695693848,1.80001545066411,0.10701019209384022,0.28430501007273856,0.9206255726766805,0.04981508763949766,True,False,"SPY: close=770.19, ema50=757.75, above=true; QQQ: close=718.96, ema50=710.45, above=true",,,short leg bid/ask too wide (49.6%>15.0%),,,,False,short leg bid/ask too wide (49.6%>15.0%),2026-12-18,0.27945205479452057,0.045,,GTLB261218C00062500,,,,,,False,,,2.35,3.9,2.54,3.125,"mid=avg(bid,ask)",True,0.6696810375976563,,0.5637893409894656,,,,,,,,,,,,,,,,,,,,,,,0.5,0.5,2.0,21,43.40684701211163,pullback,bull_continuation,13.0,strong_setup,close_above_ema21;ema8_above_ema21;ema21_above_ema50;ema50_above_ema200;ema8_slope_positive;ema21_slope_positive;close_upper_half_range;relative_strength_positive;atr_pullback_controlled,low_near_ema8;low_near_ema21;recent_2_5_day_pullback;reclaimed_ema8;volume_above_20d_average,48.939998626708984,50.608001708984375,47.875,49.83000183105469,49.310001373291016,46.95019740348753,43.40684701211163,38.48967631228859,30.259549315245174,0.8228012650191872,0.6423154818943004,0.46287042933739286,2.482285908290318,0.715331360616381,0.05779258121103315,0.7113794331200367,QQQ,"SPY,QQQ",50.0,770.1900024414062,757.749642905043,True,718.9600219726562,710.4548482967451,True
GTLB,credit,pullup,bear_continuation,1,reject,NO,SETUP_REJECT,setup_score_below_near_miss_threshold,close_below_ema21;ema8_below_ema21;ema21_below_ema50;ema50_below_ema200;ema8_slope_negative;ema21_slope_negative;high_near_ema8;high_near_ema21;recent_2_5_day_bounce;failed_ema8_reclaim;close_lower_half_range;relative_weakness_negative;volume_above_20d_average,49.83000183105469,,-1,,,,,,,,,,,,,,,,,0,0,0,0,0.05779258121103315,0.1289013562696693,1.4735628532074172,2.901017434302142,0.10701019209384022,0.28430501007273856,0.9206255726766805,0.04981508763949766,True,False,"SPY: close=770.19, ema50=757.75, above=true; QQQ: close=718.96, ema50=710.45, above=true",,,setup_score_below_near_miss_threshold,,,SETUP_REJECT,False,setup_score_below_near_miss_threshold,,,0.045,,,,,,,,False,,,,,,,,False,,,,,,,,,,,,,,,,,,,,,,,,,,0.5,0.5,2.0,21,43.40684701211163,pullup,bear_continuation,1.0,reject,atr_bounce_controlled,close_below_ema21;ema8_below_ema21;ema21_below_ema50;ema50_below_ema200;ema8_slope_negative;ema21_slope_negative;high_near_ema8;high_near_ema21;recent_2_5_day_bounce;failed_ema8_reclaim;close_lower_half_range;relative_weakness_negative;volume_above_20d_average,48.939998626708984,50.608001708984375,47.875,49.83000183105469,49.310001373291016,46.95019740348753,43.40684701211163,38.48967631228859,30.259549315245174,0.8228012650191872,0.6423154818943004,0.46287042933739286,2.482285908290318,0.715331360616381,-0.05779258121103315,0.7113794331200367,QQQ,"SPY,QQQ",50.0,770.1900024414062,757.749642905043,True,718.9600219726562,710.4548482967451,True
HLX,debit,pullback,bull_ema8_pullback,16,strong_setup,NO,LIQUIDITY_REJECT,"short leg illiquid (vol=1, oi=36)",low_near_ema21;recent_2_5_day_pullback;reclaimed_ema8,10.600000381469727,2026-12-18,102,,11.0,,,,,,,,,,,,,,,1,36,0,0,0.048442847912127183,0.08751235186098655,0.42124284275697643,1.6369934256331151,0.0564685984770259,0.22262110032533255,2.550602957351778,0.032136117801754564,True,False,"SPY: close=770.19, ema50=757.75, above=true; QQQ: close=718.96, ema50=710.45, above=true",,,"short leg illiquid (vol=1, oi=36)",,,,False,"short leg illiquid (vol=1, oi=36)",2026-12-18,0.27945205479452057,0.045,,HLX261218C00011000,,,,,,False,,,0.0,0.0,0.9,0.9,mid=last (no valid bid/ask),False,,,0.3691103061197691,,,,,,,,,,,,,,,,,,,,,,,0.5,0.5,2.0,21,9.672369418359956,pullback,bull_ema8_pullback,16.0,strong_setup,close_above_ema21;ema8_above_ema21;ema21_above_ema50;ema50_above_ema200;ema8_slope_positive;ema21_slope_positive;low_near_ema8;close_upper_half_range;relative_strength_positive;volume_above_20d_average;atr_pullback_controlled,low_near_ema21;recent_2_5_day_pullback;reclaimed_ema8,10.380000114440918,10.725000381469727,10.229999542236328,10.600000381469727,10.300000190734863,10.086506175121698,9.672369418359956,9.517797467035113,9.40041211632289,0.14671263038514937,0.09276309631097668,0.04417154752794339,0.3406428609575544,0.7474751756106395,0.048442847912127183,-0.01227381533312033,QQQ,"SPY,QQQ",50.0,770.1900024414062,757.749642905043,True,718.9600219726562,710.4548482967451,True
HLX,credit,pullup,bear_continuation,2,reject,NO,SETUP_REJECT,setup_score_below_near_miss_threshold,close_below_ema21;ema8_below_ema21;ema21_below_ema50;ema50_below_ema200;ema8_slope_negative;ema21_slope_negative;high_near_ema8;high_near_ema21;recent_2_5_day_bounce;failed_ema8_reclaim;close_lower_half_range;relative_weakness_negative,10.600000381469727,,-1,,,,,,,,,,,,,,,,,0,0,0,0,0.048442847912127183,0.08751235186098655,1.8743801192639327,3.0901307021400712,0.0564685984770259,0.22262110032533255,2.550602957351778,0.032136117801754564,True,False,"SPY: close=770.19, ema50=757.75, above=true; QQQ: close=718.96, ema50=710.45, above=true",,,setup_score_below_near_miss_threshold,,,SETUP_REJECT,False,setup_score_below_near_miss_threshold,,,0.045,,,,,,,,False,,,,,,,,False,,,,,,,,,,,,,,,,,,,,,,,,,,0.5,0.5,2.0,21,9.672369418359956,pullup,bear_continuation,2.0,reject,volume_above_20d_average;atr_bounce_controlled,close_below_ema21;ema8_below_ema21;ema21_below_ema50;ema50_below_ema200;ema8_slope_negative;ema21_slope_negative;high_near_ema8;high_near_ema21;recent_2_5_day_bounce;failed_ema8_reclaim;close_lower_half_range;relative_weakness_negative,10.380000114440918,10.725000381469727,10.229999542236328,10.600000381469727,10.300000190734863,10.086506175121698,9.672369418359956,9.517797467035113,9.40041211632289,0.14671263038514937,0.09276309631097668,0.04417154752794339,0.3406428609575544,0.7474751756106395,-0.048442847912127183,-0.01227381533312033,QQQ,"SPY,QQQ",50.0,770.1900024414062,757.749642905043,True,718.9600219726562,710.4548482967451,True
HON,debit,pullback,bull_continuation,3,reject,NO,SETUP_REJECT,setup_score_below_near_miss_threshold,close_above_ema21;ema8_above_ema21;ema21_above_ema50;ema50_above_ema200;ema8_slope_positive;ema21_slope_positive;low_near_ema8;low_near_ema21;reclaimed_ema8;relative_strength_positive;volume_above_20d_average,209.61000061035156,,-1,,,,,,,,,,,,,,,,,0,0,0,0,0.012308532315183184,0.04951779704890583,1.1804789234838318,2.9275525668098625,-0.039497002512467794,-0.14302451053841947,0.9408265661556271,0.021298051673932117,True,False,"SPY: close=770.19, ema50=757.75, above=true; QQQ: close=718.96, ema50=710.45, above=true",,,setup_score_below_near_miss_threshold,,,SETUP_REJECT,False,setup_score_below_near_miss_threshold,,,0.045,,,,,,,,False,,,,,,,,False,,,,,,,,,,,,,,,,,,,,,,,,,,0.5,0.5,2.0,21,219.98942607999598,pullback,bull_continuation,3.0,reject,recent_2_5_day_pullback;close_upper_half_range;atr_pullback_controlled,close_above_ema21;ema8_above_ema21;ema21_above_ema50;ema50_above_ema200;ema8_slope_positive;ema21_slope_positive;low_near_ema8;low_near_ema21;reclaimed_ema8;relative_strength_positive;volume_above_20d_average,207.05999755859375,210.0,206.9199981689453,209.61000061035156,207.6300048828125,212.18999207644964,219.98942607999598,226.78887165806867,236.50806347735303,-0.7371404188851898,-1.0379425469644445,-0.7011784101109129,4.46428462437221,0.8733768968199316,-0.012308532315183184,-0.06565348280822081,QQQ,"SPY,QQQ",50.0,770.1900024414062,757.749642905043,True,718.9600219726562,710.4548482967451,True
HON,credit,pullup,bear_ema8_rejection,15,strong_setup,NO,LIQUIDITY_REJECT,"short leg illiquid (vol=2, oi=109)",high_near_ema21;failed_ema8_reclaim;close_lower_half_range;volume_above_20d_average,209.61000061035156,2026-12-18,102,,240.0,,,,,,,,,,,,,0.8972972972972973,,2,109,0,0,0.012308532315183184,0.04951779704890583,0.4905583448899406,2.237631988215971,-0.039497002512467794,-0.14302451053841947,0.9408265661556271,0.021298051673932117,True,False,"SPY: close=770.19, ema50=757.75, above=true; QQQ: close=718.96, ema50=710.45, above=true",,,"short leg illiquid (vol=2, oi=109)",,,,False,"short leg illiquid (vol=2, oi=109)",2026-12-18,0.27945205479452057,0.045,,HON261218C00240000,,,,,,False,,,2.55,6.7,3.5,4.625,"mid=avg(bid,ask)",True,0.37793590820312495,,0.3524686587470878,,,,,,,,,,,,,,,,,,,,,,,0.5,0.5,2.0,21,219.98942607999598,pullup,bear_ema8_rejection,15.0,strong_setup,close_below_ema21;ema8_below_ema21;ema21_below_ema50;ema50_below_ema200;ema8_slope_negative;ema21_slope_negative;high_near_ema8;recent_2_5_day_bounce;relative_weakness_negative;atr_bounce_controlled,high_near_ema21;failed_ema8_reclaim;close_lower_half_range;volume_above_20d_average,207.05999755859375,210.0,206.9199981689453,209.61000061035156,207.6300048828125,212.18999207644964,219.98942607999598,226.78887165806867,236.50806347735303,-0.7371404188851898,-1.0379425469644445,-0.7011784101109129,4.46428462437221,0.8733768968199316,0.012308532315183184,-0.06565348280822081,QQQ,"SPY,QQQ",50.0,770.1900024414062,757.749642905043,True,718.9600219726562,710.4548482967451,True
HPE,debit,pullback,bull_ema21_pullback,6,watchlist,NO,SETUP_REJECT,watchlist setup; below option evaluation threshold,close_above_ema21;ema8_above_ema21;ema8_slope_positive;ema21_slope_positive;low_near_ema8;low_near_ema21;reclaimed_ema8;close_upper_half_range;relative_strength_positive,52.0,,-1,,,,,,,,,,,,,,,,,0,0,0,0,0.015851729282800875,0.01649002810924749,0.4471583039756212,0.4582817417624605,-0.009457674905132607,-0.01729463670302689,1.4085187570657938,0.05738323337429173,True,False,"SPY: close=770.19, ema50=757.75, above=true; QQQ: close=718.96, ema50=710.45, above=true",,,watchlist setup; below option evaluation threshold,,,SETUP_REJECT,False,watchlist setup; below option evaluation threshold,,,0.045,,,,,,,,False,,,,,,,,False,,,,,,,,,,,,,,,,,,,,,,,,,,0.5,0.5,2.0,21,52.85748146168087,pullback,bull_ema21_pullback,6.0,watchlist,ema21_above_ema50;ema50_above_ema200;recent_2_5_day_pullback;volume_above_20d_average;atr_pullback_controlled,close_above_ema21;ema8_above_ema21;ema8_slope_positive;ema21_slope_positive;low_near_ema8;low_near_ema21;reclaimed_ema8;close_upper_half_range;relative_strength_positive,53.849998474121094,54.63999938964844,51.4900016784668,52.0,54.439998626708984,52.824289922705645,52.85748146168087,50.155574945913,37.22047622253927,-0.23551140648732627,-0.08574814616808624,0.07528265526885747,2.9839281354631697,0.16190434669931567,-0.015851729282800875,0.10667992947447202,QQQ,"SPY,QQQ",50.0,770.1900024414062,757.749642905043,True,718.9600219726562,710.4548482967451,True
HPE,credit,pullup,bear_failed_reclaim,14,strong_setup,NO,LIQUIDITY_REJECT,"short leg illiquid (vol=21, oi=15932)",ema21_below_ema50;ema50_below_ema200;high_near_ema8;high_near_ema21,52.0,2026-12-18,102,,70.0,,,,,,,,,,,,,0.08153477218225416,,21,15932,0,0,0.015851729282800875,0.01649002810924749,0.6084963794414422,0.5973729416546029,-0.009457674905132607,-0.01729463670302689,1.4085187570657938,0.05738323337429173,True,False,"SPY: close=770.19, ema50=757.75, above=true; QQQ: close=718.96, ema50=710.45, above=true",,,"short leg illiquid (vol=21, oi=15932)",,,,False,"short leg illiquid (vol=21, oi=15932)",2026-12-18,0.27945205479452057,0.045,,HPE261218C00070000,,,,,,False,,,2.0,2.17,1.84,2.085,"mid=avg(bid,ask)",True,0.6335485864257813,,0.5544664710936765,,,,,,,,,,,,,,,,,,,,,,,0.5,0.5,2.0,21,52.85748146168087,pullup,bear_failed_reclaim,14.0,strong_setup,close_below_ema21;ema8_below_ema21;ema8_slope_negative;ema21_slope_negative;recent_2_5_day_bounce;failed_ema8_reclaim;close_lower_half_range;relative_weakness_negative;volume_above_20d_average;atr_bounce_controlled,ema21_below_ema50;ema50_below_ema200;high_near_ema8;high_near_ema21,53.849998474121094,54.63999938964844,51.4900016784668,52.0,54.439998626708984,52.824289922705645,52.85748146168087,50.155574945913,37.22047622253927,-0.23551140648732627,-0.08574814616808624,0.07528265526885747,2.9839281354631697,0.16190434669931567,0.015851729282800875,0.10667992947447202,QQQ,"SPY,QQQ",50.0,770.1900024414062,757.749642905043,True,718.9600219726562,710.4548482967451,True
HPQ,debit,pullback,bull_ema8_pullback,15,strong_setup,NO,LIQUIDITY_REJECT,short leg bid/ask too wide (34.4%>15.0%),low_near_ema21;recent_2_5_day_pullback;reclaimed_ema8;volume_above_20d_average,32.63999938964844,2026-12-18,102,,38.0,,,,,,,,,,,,,0.3440233236151603,,273,198,0,0,0.041473164550995464,0.07913414188728687,0.24399464236373763,1.1166904915295355,0.06593117173527285,0.0918187897242918,0.8889358164550025,0.04315475703510129,True,False,"SPY: close=770.19, ema50=757.75, above=true; QQQ: close=718.96, ema50=710.45, above=true",,,short leg bid/ask too wide (34.4%>15.0%),,,,False,short leg bid/ask too wide (34.4%>15.0%),2026-12-18,0.27945205479452057,0.045,,HPQ261218C00038000,,,,,,False,,,1.42,2.01,1.62,1.7149999999999999,"mid=avg(bid,ask)",True,0.5114794946289063,,0.44002827066869904,,,,,,,,,,,,,,,,,,,,,,,0.5,0.5,2.0,21,30.05706104674704,pullback,bull_ema8_pullback,15.0,strong_setup,close_above_ema21;ema8_above_ema21;ema21_above_ema50;ema50_above_ema200;ema8_slope_positive;ema21_slope_positive;low_near_ema8;close_upper_half_range;relative_strength_positive;atr_pullback_controlled,low_near_ema21;recent_2_5_day_pullback;reclaimed_ema8;volume_above_20d_average,31.950000762939453,32.779998779296875,31.6299991607666,32.63999938964844,31.93000030517578,31.286315324017156,30.05706104674704,27.9875874953914,23.42193560434181,0.3867668758946543,0.2582938342901393,0.18989436303089846,1.4085712432861328,0.8782613599234407,0.041473164550995464,0.2855642524682014,QQQ,"SPY,QQQ",50.0,770.1900024414062,757.749642905043,True,718.9600219726562,710.4548482967451,True
HPQ,credit,pullup,bear_continuation,1,reject,NO,SETUP_REJECT,setup_score_below_near_miss_threshold,close_below_ema21;ema8_below_ema21;ema21_below_ema50;ema50_below_ema200;ema8_slope_negative;ema21_slope_negative;high_near_ema8;high_near_ema21;recent_2_5_day_bounce;failed_ema8_reclaim;close_lower_half_range;relative_weakness_negative;volume_above_20d_average,32.63999938964844,,-1,,,,,,,,,,,,,,,,,0,0,0,0,0.041473164550995464,0.07913414188728687,1.0604244992216532,1.933120348387451,0.06593117173527285,0.0918187897242918,0.8889358164550025,0.04315475703510129,True,False,"SPY: close=770.19, ema50=757.75, above=true; QQQ: close=718.96, ema50=710.45, above=true",,,setup_score_below_near_miss_threshold,,,SETUP_REJECT,False,setup_score_below_near_miss_threshold,,,0.045,,,,,,,,False,,,,,,,,False,,,,,,,,,,,,,,,,,,,,,,,,,,0.5,0.5,2.0,21,30.05706104674704,pullup,bear_continuation,1.0,reject,atr_bounce_controlled,close_below_ema21;ema8_below_ema21;ema21_below_ema50;ema50_below_ema200;ema8_slope_negative;ema21_slope_negative;high_near_ema8;high_near_ema21;recent_2_5_day_bounce;failed_ema8_reclaim;close_lower_half_range;relative_weakness_negative;volume_above_20d_average,31.950000762939453,32.779998779296875,31.6299991607666,32.63999938964844,31.93000030517578,31.286315324017156,30.05706104674704,27.9875874953914,23.42193560434181,0.3867668758946543,0.2582938342901393,0.18989436303089846,1.4085712432861328,0.8782613599234407,-0.041473164550995464,0.2855642524682014,QQQ,"SPY,QQQ",50.0,770.1900024414062,757.749642905043,True,718.9600219726562,710.4548482967451,True
HUBS,debit,pullback,bull_ema21_pullback,14,strong_setup,NO,LIQUIDITY_REJECT,"short leg illiquid (vol=1, oi=25)",ema50_above_ema200;ema8_slope_positive;low_near_ema8;reclaimed_ema8;volume_above_20d_average,247.60000610351562,2026-12-18,102,,320.0,,,,,,,,,,,,,0.3787375415282392,,1,25,0,0,0.006968913297073868,0.02608671914209312,0.7353344115024745,0.0829689517872566,-0.05370785113138865,0.18215563551407177,0.49995216616411614,0.0506704209226482,True,False,"SPY: close=770.19, ema50=757.75, above=true; QQQ: close=718.96, ema50=710.45, above=true",,,"short leg illiquid (vol=1, oi=25)",,,,False,"short leg illiquid (vol=1, oi=25)",2026-12-18,0.27945205479452057,0.045,,HUBS261218C00320000,,,,,,False,,,12.2,17.9,19.06,15.049999999999999,"mid=avg(bid,ask)",True,0.6995879650878907,,0.8254572141287808,,,,,,,,,,,,,,,,,,,,,,,0.5,0.5,2.0,21,241.14093428471267,pullback,bull_ema21_pullback,14.0,strong_setup,close_above_ema21;ema8_above_ema21;ema21_above_ema50;ema21_slope_positive;low_near_ema21;recent_2_5_day_pullback;close_upper_half_range;relative_strength_positive;atr_pullback_controlled,ema50_above_ema200;ema8_slope_positive;low_near_ema8;reclaimed_ema8;volume_above_20d_average,247.10000610351562,250.83999633789062,240.10000610351562,247.60000610351562,255.1199951171875,249.325509078406,241.14093428471267,229.65355749673424,241.36507826207364,-0.49300084996866644,0.6459071818802897,0.7325081063992513,12.545996529715401,0.6983246573162692,-0.006968913297073868,0.24787065073223036,QQQ,"SPY,QQQ",50.0,770.1900024414062,757.749642905043,True,718.9600219726562,710.4548482967451,True
HUBS,credit,pullup,bear_failed_reclaim,8,valid_setup,NO,LIQUIDITY_REJECT,"short leg illiquid (vol=7, oi=70)",close_below_ema21;ema8_below_ema21;ema21_below_ema50;ema21_slope_negative;high_near_ema21;failed_ema8_reclaim;close_lower_half_range;volume_above_20d_average,247.60000610351562,2026-12-18,102,,330.0,,,,,,,,,,,,,0.4301886792452831,,7,70,0,0,0.006968913297073868,0.02608671914209312,0.12071478386731184,0.7730802435825297,-0.05370785113138865,0.18215563551407177,0.49995216616411614,0.0506704209226482,True,False,"SPY: close=770.19, ema50=757.75, above=true; QQQ: close=718.96, ema50=710.45, above=true",,,"short leg illiquid (vol=7, oi=70)",,,,False,"short leg illiquid (vol=7, oi=70)",2026-12-18,0.27945205479452057,0.045,,HUBS261218C00330000,,,,,,False,,,10.4,16.1,12.4,13.25,"mid=avg(bid,ask)",True,0.6994658959960938,,0.8254572141287808,,,,,,,,,,,,,,,,,,,,,,,0.5,0.5,2.0,21,241.14093428471267,pullup,bear_failed_reclaim,8.0,valid_setup,ema50_below_ema200;ema8_slope_negative;high_near_ema8;recent_2_5_day_bounce;relative_weakness_negative;atr_bounce_controlled,close_below_ema21;ema8_below_ema21;ema21_below_ema50;ema21_slope_negative;high_near_ema21;failed_ema8_reclaim;close_lower_half_range;volume_above_20d_average,247.10000610351562,250.83999633789062,240.10000610351562,247.60000610351562,255.1199951171875,249.325509078406,241.14093428471267,229.65355749673424,241.36507826207364,-0.49300084996866644,0.6459071818802897,0.7325081063992513,12.545996529715401,0.6983246573162692,0.006968913297073868,0.24787065073223036,QQQ,"SPY,QQQ",50.0,770.1900024414062,757.749642905043,True,718.9600219726562,710.4548482967451,True
HYG,debit,pullback,bull_continuation,6,watchlist,NO,SETUP_REJECT,watchlist setup; below option evaluation threshold,close_above_ema21;ema8_above_ema21;ema21_above_ema50;ema50_above_ema200;ema8_slope_positive;ema21_slope_positive;reclaimed_ema8;close_upper_half_range;relative_strength_positive;volume_above_20d_average,79.16000366210938,,-1,,,,,,,,,,,,,,,,,0,0,0,0,0.002774940027804423,0.004496762564338741,1.078971206635149,1.7193052442082997,-0.010805006477047074,-2.3419236355848305e-05,0.8387855213884369,0.0026889442626851136,True,False,"SPY: close=770.19, ema50=757.75, above=true; QQQ: close=718.96, ema50=710.45, above=true",,,watchlist setup; below option evaluation threshold,,,SETUP_REJECT,False,watchlist setup; below option evaluation threshold,,,0.045,,,,,,,,False,,,,,,,,False,,,,,,,,,,,,,,,,,,,,,,,,,,0.5,0.5,2.0,21,79.51596740317007,pullback,bull_continuation,6.0,watchlist,low_near_ema8;low_near_ema21;recent_2_5_day_pullback;atr_pullback_controlled,close_above_ema21;ema8_above_ema21;ema21_above_ema50;ema50_above_ema200;ema8_slope_positive;ema21_slope_positive;reclaimed_ema8;close_upper_half_range;relative_strength_positive;volume_above_20d_average,79.19999694824219,79.23999786376953,79.1500015258789,79.16000366210938,79.20999908447266,79.3796679248725,79.51596740317007,79.60175833337576,79.81798316751151,-0.06276121793231937,-0.03559637410606342,-0.018030802908825194,0.2128568376813616,0.11113936927772126,-0.002774940027804423,-0.040329216119252886,QQQ,"SPY,QQQ",50.0,770.1900024414062,757.749642905043,True,718.9600219726562,710.4548482967451,True
HYG,credit,pullup,bear_ema8_rejection,18,strong_setup,NO,LIQUIDITY_REJECT,"short leg illiquid (vol=26, oi=7888)",failed_ema8_reclaim;volume_above_20d_average,79.16000366210938,2026-12-18,102,,81.0,,,,,,,,,,,,,1.2,,26,7888,0,0,0.002774940027804423,0.004496762564338741,0.6561690130530662,1.296503050626217,-0.010805006477047074,-2.3419236355848305e-05,0.8387855213884369,0.0026889442626851136,True,False,"SPY: close=770.19, ema50=757.75, above=true; QQQ: close=718.96, ema50=710.45, above=true",,,"short leg illiquid (vol=26, oi=7888)",,,,False,"short leg illiquid (vol=26, oi=7888)",2026-12-18,0.27945205479452057,0.045,,HYG261218C00081000,,,,,,False,,,0.02,0.08,0.06,0.05,"mid=avg(bid,ask)",True,,,0.0346038032691388,,,,,,,,,,,,,,,,,,,,,,,0.5,0.5,2.0,21,79.51596740317007,pullup,bear_ema8_rejection,18.0,strong_setup,close_below_ema21;ema8_below_ema21;ema21_below_ema50;ema50_below_ema200;ema8_slope_negative;ema21_slope_negative;high_near_ema8;high_near_ema21;recent_2_5_day_bounce;close_lower_half_range;relative_weakness_negative;atr_bounce_controlled,failed_ema8_reclaim;volume_above_20d_average,79.19999694824219,79.23999786376953,79.1500015258789,79.16000366210938,79.20999908447266,79.3796679248725,79.51596740317007,79.60175833337576,79.81798316751151,-0.06276121793231937,-0.03559637410606342,-0.018030802908825194,0.2128568376813616,0.11113936927772126,0.002774940027804423,-0.040329216119252886,QQQ,"SPY,QQQ",50.0,770.1900024414062,757.749642905043,True,718.9600219726562,710.4548482967451,True
IBIT,debit,pullback,bull_ema8_pullback,16,strong_setup,NO,PRICING_REJECT,spread mid/width too high (34.8%>20.0%),low_near_ema21;reclaimed_ema8;volume_above_20d_average,45.22999954223633,2026-11-30,84,46.0,50.0,4.0,1.3900000000000006,1.4700000000000002,0.07999999999999963,92.2796587550559,excellent,0.34750000000000014,,,,,,0.029126213592233042,0.028985507246376836,1242,40452,15,1309,0.018492011000332282,0.07227799382990684,0.07142206302055193,1.564227999786063,0.026764641654182242,0.2347051985965477,0.8769518753592063,0.03603012387940631,True,False,"SPY: close=770.19, ema50=757.75, above=true; QQQ: close=718.96, ema50=710.45, above=true",,,spread mid/width too high (34.8%>20.0%),,,PRICING_REJECT,False,spread mid/width too high (34.8%>20.0%),2026-11-30,0.23013698630136986,0.045,IBIT261130C00046000,IBIT261130C00050000,3.4,3.5,3.4,3.45,"mid=avg(bid,ask)",True,0.4419001123046875,,2.03,2.09,2.0,2.0599999999999996,"mid=avg(bid,ask)",True,0.44116769775390624,,0.3871358333298161,,,,,,,,,,,,,,,,,,,,,,,0.5,0.5,2.0,21,41.96086591439588,pullback,bull_ema8_pullback,16.0,strong_setup,close_above_ema21;ema8_above_ema21;ema21_above_ema50;ema50_above_ema200;ema8_slope_positive;ema21_slope_positive;low_near_ema8;recent_2_5_day_pullback;close_upper_half_range;relative_strength_positive;atr_pullback_controlled,low_near_ema21;reclaimed_ema8;volume_above_20d_average,44.90999984741211,45.2599983215332,44.5099983215332,45.22999954223633,46.349998474121094,44.39360589315627,41.96086591439588,39.79327693371919,39.66925065177474,0.23896961402287076,0.3269133627840475,0.2219070452456009,1.6296424865722656,0.9600016276041666,0.018492011000332282,0.2529101703410046,QQQ,"SPY,QQQ",50.0,770.1900024414062,757.749642905043,True,718.9600219726562,710.4548482967451,True
IBIT,credit,pullup,bear_breakdown_retest,2,reject,NO,SETUP_REJECT,setup_score_below_near_miss_threshold,close_below_ema21;ema8_below_ema21;ema21_below_ema50;ema50_below_ema200;ema8_slope_negative;ema21_slope_negative;high_near_ema8;high_near_ema21;failed_ema8_reclaim;close_lower_half_range;relative_weakness_negative;volume_above_20d_average,45.22999954223633,,-1,,,,,,,,,,,,,,,,,0,0,0,0,0.018492011000332282,0.07227799382990684,0.5316457048191432,2.0244516415846543,0.026764641654182242,0.2347051985965477,0.8769518753592063,0.03603012387940631,True,False,"SPY: close=770.19, ema50=757.75, above=true; QQQ: close=718.96, ema50=710.45, above=true",,,setup_score_below_near_miss_threshold,,,SETUP_REJECT,False,setup_score_below_near_miss_threshold,,,0.045,,,,,,,,False,,,,,,,,False,,,,,,,,,,,,,,,,,,,,,,,,,,0.5,0.5,2.0,21,41.96086591439588,pullup,bear_breakdown_retest,2.0,reject,recent_2_5_day_bounce;atr_bounce_controlled,close_below_ema21;ema8_below_ema21;ema21_below_ema50;ema50_below_ema200;ema8_slope_negative;ema21_slope_negative;high_near_ema8;high_near_ema21;failed_ema8_reclaim;close_lower_half_range;relative_weakness_negative;volume_above_20d_average,44.90999984741211,45.2599983215332,44.5099983215332,45.22999954223633,46.349998474121094,44.39360589315627,41.96086591439588,39.79327693371919,39.66925065177474,0.23896961402287076,0.3269133627840475,0.2219070452456009,1.6296424865722656,0.9600016276041666,-0.018492011000332282,0.2529101703410046,QQQ,"SPY,QQQ",50.0,770.1900024414062,757.749642905043,True,718.9600219726562,710.4548482967451,True
IBM,debit,pullback,bull_ema8_pullback,11,strong_setup,NO,LIQUIDITY_REJECT,"short leg illiquid (vol=7, oi=1308)",ema8_above_ema21;ema21_above_ema50;ema50_above_ema200;reclaimed_ema8;relative_strength_positive;volume_above_20d_average,234.88999938964844,2026-12-18,102,,270.0,,,,,,,,,,,,,0.15789473684210517,,7,1308,0,0,0.004320147501210816,0.003483997144676745,0.4006447541304727,0.43648945174025827,-0.006502690398429545,-0.004443387081141337,0.7662678241029132,0.0233270305593484,True,False,"SPY: close=770.19, ema50=757.75, above=true; QQQ: close=718.96, ema50=710.45, above=true",,,"short leg illiquid (vol=7, oi=1308)",,,,False,"short leg illiquid (vol=7, oi=1308)",2026-12-18,0.27945205479452057,0.045,,IBM261218C00270000,,,,,,False,,,7.0,8.2,7.31,7.6,"mid=avg(bid,ask)",True,0.399694723815918,,0.6782027076480811,,,,,,,,,,,,,,,,,,,,,,,0.5,0.5,2.0,21,234.07164330246178,pullback,bull_ema8_pullback,11.0,strong_setup,close_above_ema21;ema8_slope_positive;ema21_slope_positive;low_near_ema8;low_near_ema21;recent_2_5_day_pullback;close_upper_half_range;atr_pullback_controlled,ema8_above_ema21;ema21_above_ema50;ema50_above_ema200;reclaimed_ema8;relative_strength_positive;volume_above_20d_average,233.3300018310547,236.1699981689453,231.67999267578125,234.88999938964844,234.7100067138672,233.87523994572584,234.07164330246178,238.89302824449464,248.31656025610383,0.2899312696921754,0.0818356087186487,-0.16338893285086442,5.479286193847656,0.714922669639125,0.004320147501210816,-0.17400362769931288,QQQ,"SPY,QQQ",50.0,770.1900024414062,757.749642905043,True,718.9600219726562,710.4548482967451,True
IBM,credit,pullup,bear_ema21_rejection,13,strong_setup,NO,LIQUIDITY_REJECT,"short leg illiquid (vol=14, oi=143)",close_below_ema21;ema8_slope_negative;ema21_slope_negative;failed_ema8_reclaim;close_lower_half_range;volume_above_20d_average,234.88999938964844,2026-12-18,102,,275.0,,,,,,,,,,,,,0.17142857142857154,,14,143,0,0,0.004320147501210816,0.003483997144676745,0.41880605283880107,0.3829613552290155,-0.006502690398429545,-0.004443387081141337,0.7662678241029132,0.0233270305593484,True,False,"SPY: close=770.19, ema50=757.75, above=true; QQQ: close=718.96, ema50=710.45, above=true",,,"short leg illiquid (vol=14, oi=143)",,,,False,"short leg illiquid (vol=14, oi=143)",2026-12-18,0.27945205479452057,0.045,,IBM261218C00275000,,,,,,False,,,5.6,6.65,6.01,6.125,"mid=avg(bid,ask)",True,0.38733522827148437,,0.6782027076480811,,,,,,,,,,,,,,,,,,,,,,,0.5,0.5,2.0,21,234.07164330246178,pullup,bear_ema21_rejection,13.0,strong_setup,ema8_below_ema21;ema21_below_ema50;ema50_below_ema200;high_near_ema8;high_near_ema21;recent_2_5_day_bounce;relative_weakness_negative;atr_bounce_controlled,close_below_ema21;ema8_slope_negative;ema21_slope_negative;failed_ema8_reclaim;close_lower_half_range;volume_above_20d_average,233.3300018310547,236.1699981689453,231.67999267578125,234.88999938964844,234.7100067138672,233.87523994572584,234.07164330246178,238.89302824449464,248.31656025610383,0.2899312696921754,0.0818356087186487,-0.16338893285086442,5.479286193847656,0.714922669639125,-0.004320147501210816,-0.17400362769931288,QQQ,"SPY,QQQ",50.0,770.1900024414062,757.749642905043,True,718.9600219726562,710.4548482967451,True
IEF,debit,pullback,bull_ema8_pullback,6,watchlist,NO,SETUP_REJECT,watchlist setup; below option evaluation threshold,close_above_ema21;ema8_above_ema21;ema21_above_ema50;ema50_above_ema200;ema8_slope_positive;ema21_slope_positive;reclaimed_ema8;close_upper_half_range;relative_strength_positive;volume_above_20d_average,92.25,,-1,,,,,,,,,,,,,,,,,0,0,0,0,0.002857320708642111,0.006210020074089646,0.8371124873916325,1.7189905846081923,-0.009993458883531647,-0.004245305040799452,0.46578348862800656,0.003801771895718399,True,False,"SPY: close=770.19, ema50=757.75, above=true; QQQ: close=718.96, ema50=710.45, above=true",,,watchlist setup; below option evaluation threshold,,,SETUP_REJECT,False,watchlist setup; below option evaluation threshold,,,0.045,,,,,,,,False,,,,,,,,False,,,,,,,,,,,,,,,,,,,,,,,,,,0.5,0.5,2.0,21,92.82287435183477,pullback,bull_ema8_pullback,6.0,watchlist,low_near_ema8;low_near_ema21;recent_2_5_day_pullback;atr_pullback_controlled,close_above_ema21;ema8_above_ema21;ema21_above_ema50;ema50_above_ema200;ema8_slope_positive;ema21_slope_positive;reclaimed_ema8;close_upper_half_range;relative_strength_positive;volume_above_20d_average,92.26000213623047,92.4000015258789,92.22000122070312,92.25,92.27999877929688,92.51358783537223,92.82287435183477,93.23692911562483,94.63176314239668,-0.07531081010634466,-0.05728743518346846,-0.0402828210459063,0.3507134573800223,0.16665960242444794,-0.002857320708642111,-0.05179826616815186,QQQ,"SPY,QQQ",50.0,770.1900024414062,757.749642905043,True,718.9600219726562,710.4548482967451,True
IEF,credit,pullup,bear_ema8_rejection,18,strong_setup,NO,LIQUIDITY_REJECT,"short leg illiquid (vol=2, oi=15153)",failed_ema8_reclaim;volume_above_20d_average,92.25,2026-12-18,102,,95.0,,,,,,,,,,,,,0.09523809523809532,,2,15153,0,0,0.002857320708642111,0.006210020074089646,0.32387211583457964,1.2057502130511395,-0.009993458883531647,-0.004245305040799452,0.46578348862800656,0.003801771895718399,True,False,"SPY: close=770.19, ema50=757.75, above=true; QQQ: close=718.96, ema50=710.45, above=true",,,"short leg illiquid (vol=2, oi=15153)",,,,False,"short leg illiquid (vol=2, oi=15153)",2026-12-18,0.27945205479452057,0.045,,IEF261218C00095000,,,,,,False,,,0.3,0.33,0.34,0.315,"mid=avg(bid,ask)",True,0.06311972045898437,,0.04989699544924775,,,,,,,,,,,,,,,,,,,,,,,0.5,0.5,2.0,21,92.82287435183477,pullup,bear_ema8_rejection,18.0,strong_setup,close_below_ema21;ema8_below_ema21;ema21_below_ema50;ema50_below_ema200;ema8_slope_negative;ema21_slope_negative;high_near_ema8;high_near_ema21;recent_2_5_day_bounce;close_lower_half_range;relative_weakness_negative;atr_bounce_controlled,failed_ema8_reclaim;volume_above_20d_average,92.26000213623047,92.4000015258789,92.22000122070312,92.25,92.27999877929688,92.51358783537223,92.82287435183477,93.23692911562483,94.63176314239668,-0.07531081010634466,-0.05728743518346846,-0.0402828210459063,0.3507134573800223,0.16665960242444794,0.002857320708642111,-0.05179826616815186,QQQ,"SPY,QQQ",50.0,770.1900024414062,757.749642905043,True,718.9600219726562,710.4548482967451,True
ILMN,debit,pullback,bull_ema8_pullback,17,strong_setup,NO,LIQUIDITY_REJECT,"short leg illiquid (vol=1, oi=18)",low_near_ema21;reclaimed_ema8,218.22000122070312,2026-12-18,102,,260.0,,,,,,,,,,,,,0.35944700460829493,,1,18,0,0,0.008830635447241168,0.03694137976717547,0.22805924705410865,0.3690385221458807,0.008667664775931616,0.16662076398402437,1.031289408483302,0.04707896389832101,True,False,"SPY: close=770.19, ema50=757.75, above=true; QQQ: close=718.96, ema50=710.45, above=true",,,"short leg illiquid (vol=1, oi=18)",,,,False,"short leg illiquid (vol=1, oi=18)",2026-12-18,0.27945205479452057,0.045,,ILMN261218C00260000,,,,,,False,,,8.9,12.8,16.4,10.850000000000001,"mid=avg(bid,ask)",True,0.5299729620361329,,0.4287470276815335,,,,,,,,,,,,,,,,,,,,,,,0.5,0.5,2.0,21,210.15865328281564,pullback,bull_ema8_pullback,17.0,strong_setup,close_above_ema21;ema8_above_ema21;ema21_above_ema50;ema50_above_ema200;ema8_slope_positive;ema21_slope_positive;low_near_ema8;recent_2_5_day_pullback;close_upper_half_range;relative_strength_positive;volume_above_20d_average;atr_pullback_controlled,low_near_ema21;reclaimed_ema8,216.74000549316406,219.5800018310547,213.9499969482422,218.22000122070312,221.66000366210938,216.29297994262657,210.15865328281564,197.11861227769344,161.20017344009972,0.5505775080218882,0.8061347937887433,0.8612811813473513,10.273571559361049,0.7584370460310921,0.008830635447241168,0.3067118656572365,QQQ,"SPY,QQQ",50.0,770.1900024414062,757.749642905043,True,718.9600219726562,710.4548482967451,True
ILMN,credit,pullup,bear_breakdown_retest,5,near_miss,NO,SETUP_REJECT,near_miss setup; below option evaluation threshold,close_below_ema21;ema8_below_ema21;ema21_below_ema50;ema50_below_ema200;ema8_slope_negative;ema21_slope_negative;high_near_ema21;failed_ema8_reclaim;close_lower_half_range;relative_weakness_negative,218.22000122070312,,-1,,,,,,,,,,,,,,,,,0,0,0,0,0.008830635447241168,0.03694137976717547,0.31994928632516834,0.9170470555251576,0.008667664775931616,0.16662076398402437,1.031289408483302,0.04707896389832101,True,False,"SPY: close=770.19, ema50=757.75, above=true; QQQ: close=718.96, ema50=710.45, above=true",,,near_miss setup; below option evaluation threshold,,,SETUP_REJECT,False,near_miss setup; below option evaluation threshold,,,0.045,,,,,,,,False,,,,,,,,False,,,,,,,,,,,,,,,,,,,,,,,,,,0.5,0.5,2.0,21,210.15865328281564,pullup,bear_breakdown_retest,5.0,near_miss,high_near_ema8;recent_2_5_day_bounce;volume_above_20d_average;atr_bounce_controlled,close_below_ema21;ema8_below_ema21;ema21_below_ema50;ema50_below_ema200;ema8_slope_negative;ema21_slope_negative;high_near_ema21;failed_ema8_reclaim;close_lower_half_range;relative_weakness_negative,216.74000549316406,219.5800018310547,213.9499969482422,218.22000122070312,221.66000366210938,216.29297994262657,210.15865328281564,197.11861227769344,161.20017344009972,0.5505775080218882,0.8061347937887433,0.8612811813473513,10.273571559361049,0.7584370460310921,-0.008830635447241168,0.3067118656572365,QQQ,"SPY,QQQ",50.0,770.1900024414062,757.749642905043,True,718.9600219726562,710.4548482967451,True
INFN,debit,,,0,reject,NO,DATA_REJECT,no/insufficient daily data,,,,-1,,,,,,,,,,,,,,,,,0,0,0,0,,,,,,,,,,,,,,no/insufficient daily data,,,DATA_REJECT,False,no/insufficient daily data,,,0.045,,,,,,,,False,,,,,,,,False,,,,,,,,,,,,,,,,,,,,,,,,,,0.5,0.5,2.0,21,,,,,,,,,,,,,,,,,,,,,,,,,,,,,,,,
INFN,credit,,,0,reject,NO,DATA_REJECT,no/insufficient daily data,,,,-1,,,,,,,,,,,,,,,,,0,0,0,0,,,,,,,,,,,,,,no/insufficient daily data,,,DATA_REJECT,False,no/insufficient daily data,,,0.045,,,,,,,,False,,,,,,,,False,,,,,,,,,,,,,,,,,,,,,,,,,,0.5,0.5,2.0,21,,,,,,,,,,,,,,,,,,,,,,,,,,,,,,,,
INOD,debit,pullback,bull_ema8_reclaim,4,near_miss,NO,SETUP_REJECT,near_miss setup; below option evaluation threshold,close_above_ema21;ema8_above_ema21;ema21_above_ema50;ema8_slope_positive;ema21_slope_positive;low_near_ema8;low_near_ema21;reclaimed_ema8;relative_strength_positive;volume_above_20d_average,55.65999984741211,,-1,,,,,,,,,,,,,,,,,0,0,0,0,0.010690019906923257,0.06032912565377021,0.7292721463066817,1.6430629453954069,-0.019965443958127604,-0.10138200019391574,0.6124106846491152,0.054322177238323464,True,False,"SPY: close=770.19, ema50=757.75, above=true; QQQ: close=718.96, ema50=710.45, above=true",,,near_miss setup; below option evaluation threshold,,,SETUP_REJECT,False,near_miss setup; below option evaluation threshold,,,0.045,,,,,,,,False,,,,,,,,False,,,,,,,,,,,,,,,,,,,,,,,,,,0.5,0.5,2.0,21,59.017918972095465,pullback,bull_ema8_reclaim,4.0,near_miss,ema50_above_ema200;recent_2_5_day_pullback;close_upper_half_range;atr_pullback_controlled,close_above_ema21;ema8_above_ema21;ema21_above_ema50;ema8_slope_positive;ema21_slope_positive;low_near_ema8;low_near_ema21;reclaimed_ema8;relative_strength_positive;volume_above_20d_average,55.0099983215332,55.720001220703125,54.04999923706055,55.65999984741211,55.04999923706055,56.25500635380029,59.017918972095465,63.84088875878727,60.34219776828007,-0.17000185896804965,-0.3357919124683377,-0.3339138331173501,3.0235723767961775,0.9640710766342075,-0.010690019906923257,-0.47921546771004164,QQQ,"SPY,QQQ",50.0,770.1900024414062,757.749642905043,True,718.9600219726562,710.4548482967451,True
INOD,credit,pullup,bear_ema8_rejection,14,strong_setup,NO,LIQUIDITY_REJECT,"short leg illiquid (vol=40, oi=223)",ema50_below_ema200;high_near_ema21;failed_ema8_reclaim;close_lower_half_range;volume_above_20d_average,55.65999984741211,2026-11-20,74,,75.0,,,,,,,,,,,,,0.5486725663716815,,40,223,0,0,0.010690019906923257,0.06032912565377021,0.17694470858477174,1.0907355076734968,-0.019965443958127604,-0.10138200019391574,0.6124106846491152,0.054322177238323464,True,False,"SPY: close=770.19, ema50=757.75, above=true; QQQ: close=718.96, ema50=710.45, above=true",,,"short leg illiquid (vol=40, oi=223)",,,,False,"short leg illiquid (vol=40, oi=223)",2026-11-20,0.20273972602739726,0.045,,INOD261120C00075000,,,,,,False,,,2.05,3.6,3.1,2.825,"mid=avg(bid,ask)",True,0.8173846386718748,,0.6887445054938831,,,,,,,,,,,,,,,,,,,,,,,0.5,0.5,2.0,21,59.017918972095465,pullup,bear_ema8_rejection,14.0,strong_setup,close_below_ema21;ema8_below_ema21;ema21_below_ema50;ema8_slope_negative;ema21_slope_negative;high_near_ema8;recent_2_5_day_bounce;relative_weakness_negative;atr_bounce_controlled,ema50_below_ema200;high_near_ema21;failed_ema8_reclaim;close_lower_half_range;volume_above_20d_average,55.0099983215332,55.720001220703125,54.04999923706055,55.65999984741211,55.04999923706055,56.25500635380029,59.017918972095465,63.84088875878727,60.34219776828007,-0.17000185896804965,-0.3357919124683377,-0.3339138331173501,3.0235723767961775,0.9640710766342075,0.010690019906923257,-0.47921546771004164,QQQ,"SPY,QQQ",50.0,770.1900024414062,757.749642905043,True,718.9600219726562,710.4548482967451,True
INTC,debit,pullback,bull_ema8_reclaim,13,strong_setup,NO,PRICING_REJECT,spread mid/width too high (25.4%>20.0%),ema8_above_ema21;ema21_above_ema50;low_near_ema21;recent_2_5_day_pullback;volume_above_20d_average,95.80000305175781,2026-12-18,102,100.0,125.0,25.0,6.35,6.6,0.25,92.30625950771604,excellent,0.254,,,,,,0.05217391304347838,0.016528925619834652,442,5530,1437,11699,0.04232389520105069,0.02440378905280953,0.02932447064181669,0.37461586908038164,0.06721855188800507,-0.05192130362833847,0.995500796324208,0.04436324968327091,True,False,"SPY: close=770.19, ema50=757.75, above=true; QQQ: close=718.96, ema50=710.45, above=true",,,spread mid/width too high (25.4%>20.0%),,,PRICING_REJECT,False,spread mid/width too high (25.4%>20.0%),2026-12-18,0.27945205479452057,0.045,INTC261218C00100000,INTC261218C00125000,12.0,12.2,12.15,12.1,"mid=avg(bid,ask)",True,0.6834138104248049,,5.6,5.9,5.62,5.75,"mid=avg(bid,ask)",True,0.708010732421875,,0.788604543437869,,,,,,,,,,,,,,,,,,,,,,,0.5,0.5,2.0,21,93.4621199860242,pullback,bull_ema8_reclaim,13.0,strong_setup,close_above_ema21;ema50_above_ema200;ema8_slope_positive;ema21_slope_positive;low_near_ema8;reclaimed_ema8;close_upper_half_range;relative_strength_positive;atr_pullback_controlled,ema8_above_ema21;ema21_above_ema50;low_near_ema21;recent_2_5_day_pullback;volume_above_20d_average,92.44999694824219,95.94000244140625,91.87000274658203,95.80000305175781,91.66999816894531,91.74537376233488,93.4621199860242,97.59635427916768,82.40078038313617,1.1584655112636995,0.23378830657335925,-0.07332045826161959,4.249999455043247,0.9656021129862802,0.04232389520105069,-0.14143585680093773,QQQ,"SPY,QQQ",50.0,770.1900024414062,757.749642905043,True,718.9600219726562,710.4548482967451,True
INTC,credit,pullup,bear_continuation,7,watchlist,NO,SETUP_REJECT,watchlist setup; below option evaluation threshold,close_below_ema21;ema50_below_ema200;ema8_slope_negative;ema21_slope_negative;high_near_ema8;high_near_ema21;recent_2_5_day_bounce;failed_ema8_reclaim;close_lower_half_range;volume_above_20d_average,95.80000305175781,,-1,,,,,,,,,,,,,,,,,0,0,0,0,0.04232389520105069,0.02440378905280953,0.9869715804536938,0.5830312407314955,0.06721855188800507,-0.05192130362833847,0.995500796324208,0.04436324968327091,True,False,"SPY: close=770.19, ema50=757.75, above=true; QQQ: close=718.96, ema50=710.45, above=true",,,watchlist setup; below option evaluation threshold,,,SETUP_REJECT,False,watchlist setup; below option evaluation threshold,,,0.045,,,,,,,,False,,,,,,,,False,,,,,,,,,,,,,,,,,,,,,,,,,,0.5,0.5,2.0,21,93.4621199860242,pullup,bear_continuation,7.0,watchlist,ema8_below_ema21;ema21_below_ema50;relative_weakness_negative;atr_bounce_controlled,close_below_ema21;ema50_below_ema200;ema8_slope_negative;ema21_slope_negative;high_near_ema8;high_near_ema21;recent_2_5_day_bounce;failed_ema8_reclaim;close_lower_half_range;volume_above_20d_average,92.44999694824219,95.94000244140625,91.87000274658203,95.80000305175781,91.66999816894531,91.74537376233488,93.4621199860242,97.59635427916768,82.40078038313617,1.1584655112636995,0.23378830657335925,-0.07332045826161959,4.249999455043247,0.9656021129862802,-0.04232389520105069,-0.14143585680093773,QQQ,"SPY,QQQ",50.0,770.1900024414062,757.749642905043,True,718.9600219726562,710.4548482967451,True
INTU,debit,pullback,bull_continuation,7,watchlist,NO,SETUP_REJECT,watchlist setup; below option evaluation threshold,close_above_ema21;ema50_above_ema200;ema8_slope_positive;ema21_slope_positive;low_near_ema8;low_near_ema21;recent_2_5_day_pullback;reclaimed_ema8;close_upper_half_range;volume_above_20d_average,332.70001220703125,,-1,,,,,,,,,,,,,,,,,0,0,0,0,0.038783654120707535,0.03058741152292214,0.9787637539780948,0.8063861385748227,-0.07435751776992372,0.02853459346972198,0.8745130164990567,0.04754818413406254,True,False,"SPY: close=770.19, ema50=757.75, above=true; QQQ: close=718.96, ema50=710.45, above=true",,,watchlist setup; below option evaluation threshold,,,SETUP_REJECT,False,watchlist setup; below option evaluation threshold,,,0.045,,,,,,,,False,,,,,,,,False,,,,,,,,,,,,,,,,,,,,,,,,,,0.5,0.5,2.0,21,342.87644439408894,pullback,bull_continuation,7.0,watchlist,ema8_above_ema21;ema21_above_ema50;relative_strength_positive;atr_pullback_controlled,close_above_ema21;ema50_above_ema200;ema8_slope_positive;ema21_slope_positive;low_near_ema8;low_near_ema21;recent_2_5_day_pullback;reclaimed_ema8;close_upper_half_range;volume_above_20d_average,341.3599853515625,346.0,330.1199951171875,332.70001220703125,344.29998779296875,345.6033344064239,342.87644439408894,331.82864290202707,374.81184767063314,-3.6866634855407483,-1.0176432187057571,0.035566094081787014,15.819281441824776,0.16246954008409628,-0.038783654120707535,0.13414372614825676,QQQ,"SPY,QQQ",50.0,770.1900024414062,757.749642905043,True,718.9600219726562,710.4548482967451,True
INTU,credit,pullup,bear_failed_reclaim,15,strong_setup,NO,LIQUIDITY_REJECT,"short leg illiquid (vol=3, oi=180)",ema8_below_ema21;ema21_below_ema50;recent_2_5_day_bounce;volume_above_20d_average,332.70001220703125,2026-12-18,102,,410.0,,,,,,,,,,,,,0.14718614718614728,,3,180,0,0,0.038783654120707535,0.03058741152292214,0.025074817401460822,0.1974524328047329,-0.07435751776992372,0.02853459346972198,0.8745130164990567,0.04754818413406254,True,False,"SPY: close=770.19, ema50=757.75, above=true; QQQ: close=718.96, ema50=710.45, above=true",,,"short leg illiquid (vol=3, oi=180)",,,,False,"short leg illiquid (vol=3, oi=180)",2026-12-18,0.27945205479452057,0.045,,INTU261218C00410000,,,,,,False,,,10.7,12.4,18.35,11.55,"mid=avg(bid,ask)",True,0.5067493173217773,,0.4555284148645962,,,,,,,,,,,,,,,,,,,,,,,0.5,0.5,2.0,21,342.87644439408894,pullup,bear_failed_reclaim,15.0,strong_setup,close_below_ema21;ema50_below_ema200;ema8_slope_negative;ema21_slope_negative;high_near_ema8;high_near_ema21;failed_ema8_reclaim;close_lower_half_range;relative_weakness_negative;atr_bounce_controlled,ema8_below_ema21;ema21_below_ema50;recent_2_5_day_bounce;volume_above_20d_average,341.3599853515625,346.0,330.1199951171875,332.70001220703125,344.29998779296875,345.6033344064239,342.87644439408894,331.82864290202707,374.81184767063314,-3.6866634855407483,-1.0176432187057571,0.035566094081787014,15.819281441824776,0.16246954008409628,0.038783654120707535,0.13414372614825676,QQQ,"SPY,QQQ",50.0,770.1900024414062,757.749642905043,True,718.9600219726562,710.4548482967451,True
IRBT,debit,,,0,reject,NO,DATA_REJECT,no/insufficient daily data,,,,-1,,,,,,,,,,,,,,,,,0,0,0,0,,,,,,,,,,,,,,no/insufficient daily data,,,DATA_REJECT,False,no/insufficient daily data,,,0.045,,,,,,,,False,,,,,,,,False,,,,,,,,,,,,,,,,,,,,,,,,,,0.5,0.5,2.0,21,,,,,,,,,,,,,,,,,,,,,,,,,,,,,,,,
IRBT,credit,,,0,reject,NO,DATA_REJECT,no/insufficient daily data,,,,-1,,,,,,,,,,,,,,,,,0,0,0,0,,,,,,,,,,,,,,no/insufficient daily data,,,DATA_REJECT,False,no/insufficient daily data,,,0.045,,,,,,,,False,,,,,,,,False,,,,,,,,,,,,,,,,,,,,,,,,,,0.5,0.5,2.0,21,,,,,,,,,,,,,,,,,,,,,,,,,,,,,,,,
ISRG,debit,pullback,bull_continuation,2,reject,NO,SETUP_REJECT,setup_score_below_near_miss_threshold,close_above_ema21;ema8_above_ema21;ema21_above_ema50;ema50_above_ema200;ema8_slope_positive;ema21_slope_positive;low_near_ema8;low_near_ema21;recent_2_5_day_pullback;reclaimed_ema8;relative_strength_positive;volume_above_20d_average,366.70001220703125,,-1,,,,,,,,,,,,,,,,,0,0,0,0,0.012928227944790708,0.024201246058456884,0.7129629309873187,1.0719125758286232,-0.019366098284647082,-0.026339395976100133,0.911443735986547,0.03140556976633896,True,False,"SPY: close=770.19, ema50=757.75, above=true; QQQ: close=718.96, ema50=710.45, above=true",,,setup_score_below_near_miss_threshold,,,SETUP_REJECT,False,setup_score_below_near_miss_threshold,,,0.045,,,,,,,,False,,,,,,,,False,,,,,,,,,,,,,,,,,,,,,,,,,,0.5,0.5,2.0,21,375.57460943209276,pullback,bull_continuation,2.0,reject,close_upper_half_range;atr_pullback_controlled,close_above_ema21;ema8_above_ema21;ema21_above_ema50;ema50_above_ema200;ema8_slope_positive;ema21_slope_positive;low_near_ema8;low_near_ema21;recent_2_5_day_pullback;reclaimed_ema8;relative_strength_positive;volume_above_20d_average,367.80999755859375,369.54998779296875,363.2300109863281,366.70001220703125,369.8299865722656,371.4407935522013,375.57460943209276,384.68962919119605,432.91078943205287,-1.3545089557628671,-0.8874597225061507,-0.7342700809862777,11.516422816685267,0.5490528409941428,-0.012928227944790708,-0.14642301090933973,QQQ,"SPY,QQQ",50.0,770.1900024414062,757.749642905043,True,718.9600219726562,710.4548482967451,True
ISRG,credit,pullup,bear_ema8_rejection,14,strong_setup,NO,LIQUIDITY_REJECT,"short leg illiquid (vol=3, oi=110)",high_near_ema21;recent_2_5_day_bounce;failed_ema8_reclaim;close_lower_half_range;volume_above_20d_average,366.70001220703125,2026-12-18,102,,440.0,,,,,,,,,,,,,0.4974619289340101,,3,110,0,0,0.012928227944790708,0.024201246058456884,0.164183426514446,0.5231330713557505,-0.019366098284647082,-0.026339395976100133,0.911443735986547,0.03140556976633896,True,False,"SPY: close=770.19, ema50=757.75, above=true; QQQ: close=718.96, ema50=710.45, above=true",,,"short leg illiquid (vol=3, oi=110)",,,,False,"short leg illiquid (vol=3, oi=110)",2026-12-18,0.27945205479452057,0.045,,ISRG261218C00440000,,,,,,False,,,7.4,12.3,8.8,9.850000000000001,"mid=avg(bid,ask)",True,0.4503228796386719,,0.480085882588704,,,,,,,,,,,,,,,,,,,,,,,0.5,0.5,2.0,21,375.57460943209276,pullup,bear_ema8_rejection,14.0,strong_setup,close_below_ema21;ema8_below_ema21;ema21_below_ema50;ema50_below_ema200;ema8_slope_negative;ema21_slope_negative;high_near_ema8;relative_weakness_negative;atr_bounce_controlled,high_near_ema21;recent_2_5_day_bounce;failed_ema8_reclaim;close_lower_half_range;volume_above_20d_average,367.80999755859375,369.54998779296875,363.2300109863281,366.70001220703125,369.8299865722656,371.4407935522013,375.57460943209276,384.68962919119605,432.91078943205287,-1.3545089557628671,-0.8874597225061507,-0.7342700809862777,11.516422816685267,0.5490528409941428,0.012928227944790708,-0.14642301090933973,QQQ,"SPY,QQQ",50.0,770.1900024414062,757.749642905043,True,718.9600219726562,710.4548482967451,True
IWM,debit,pullback,bull_ema21_pullback,12,strong_setup,NO,PRICING_REJECT,spread mid/width too high (39.4%>20.0%),close_above_ema21;ema8_above_ema21;ema21_slope_positive;recent_2_5_day_pullback;relative_strength_positive;volume_above_20d_average,296.010009765625,2026-12-18,102,300.0,315.0,15.0,5.904999999999999,6.02,0.11500000000000021,95.96397174204877,excellent,0.3936666666666666,,,,,,0.025085518814139184,0.011661807580174852,64,9051,30,37438,0.0011908735790486292,0.003454330338842802,0.6718153773628996,1.112227026938675,-0.0026522857709612158,-0.012775158723609126,0.8344855204251892,0.010547413816973068,True,False,"SPY: close=770.19, ema50=757.75, above=true; QQQ: close=718.96, ema50=710.45, above=true",,,spread mid/width too high (39.4%>20.0%),,,PRICING_REJECT,False,spread mid/width too high (39.4%>20.0%),2026-12-18,0.27945205479452057,0.045,IWM261218C00300000,IWM261218C00315000,10.23,10.35,10.3,10.29,"mid=avg(bid,ask)",True,0.19385571777343752,,4.33,4.44,4.34,4.385,"mid=avg(bid,ask)",True,0.1782003567504883,,0.14697272385298624,,,,,,,,,,,,,,,,,,,,,,,0.5,0.5,2.0,21,297.03252612295955,pullback,bull_ema21_pullback,12.0,strong_setup,ema21_above_ema50;ema50_above_ema200;ema8_slope_positive;low_near_ema8;low_near_ema21;reclaimed_ema8;close_upper_half_range;atr_pullback_controlled,close_above_ema21;ema8_above_ema21;ema21_slope_positive;recent_2_5_day_pullback;relative_strength_positive;volume_above_20d_average,293.70001220703125,296.17999267578125,293.55999755859375,296.010009765625,295.19000244140625,295.6574992658612,297.03252612295955,295.3520525342695,278.92342715028366,0.10071728564679461,-0.10225163573346663,0.02685539719817598,3.1221400669642856,0.93512090574477,0.0011908735790486292,0.013066446661467612,QQQ,"SPY,QQQ",50.0,770.1900024414062,757.749642905043,True,718.9600219726562,710.4548482967451,True
IWM,credit,pullup,bear_ema8_rejection,12,strong_setup,NO,RISK_REJECT,credit/width<20.0% (credit_width=18.7%),ema21_below_ema50;ema50_below_ema200;ema8_slope_negative;recent_2_5_day_bounce;failed_ema8_reclaim;close_lower_half_range;volume_above_20d_average,296.010009765625,2026-12-18,102,325.0,320.0,5.0,0.935,0.8599999999999999,0.07500000000000018,91.34212369506487,excellent,0.187,1.126815671231192,-0.19181567123119203,0.7859072742061879,0.23001230012300128,,0.028616852146263867,0.02714932126696835,75,28863,45,29465,0.0011908735790486292,0.003454330338842802,0.16735104726678376,0.27306060230899143,-0.0026522857709612158,-0.012775158723609126,0.8344855204251892,0.010547413816973068,True,False,"SPY: close=770.19, ema50=757.75, above=true; QQQ: close=718.96, ema50=710.45, above=true",0.4675,1.87,credit/width<20.0% (credit_width=18.7%),SELL credit call spread near mid on pullup day (trend down).,TP: buy back at 50% max profit (spread≈0.47); SL: buy back if spread≥1.87 OR close>EMA21 (≈297.03); Time-stop: exit by 21 days.,,False,credit/width<20.0% (credit_width=18.7%),2026-12-18,0.27945205479452057,0.045,IWM261218C00325000,IWM261218C00320000,2.18,2.24,2.2,2.21,"mid=avg(bid,ask)",True,0.17145603942871096,0.17145603942871096,3.1,3.19,3.14,3.145,"mid=avg(bid,ask)",True,0.17450776672363283,0.17450776672363283,0.14697272385298624,0.1729819030761719,2.8448031449662423,3.9716188161974344,-0.8467718118105861,-0.9374090035565362,0.19856116141169772,0.010389574691404642,43.61849320637671,-15.897833180123659,-0.6622983704318698,-0.7545488036413917,0.2538900104964189,0.011732376115532007,50.132670504274145,-18.856232116441813,0.05532884908472119,0.0013428014241273645,6.514177297897433,-2.9583989363181544,320.935,0.935,4.0649999999999995,0.5,0.5,2.0,21,297.03252612295955,pullup,bear_ema8_rejection,12.0,strong_setup,close_below_ema21;ema8_below_ema21;ema21_slope_negative;high_near_ema8;high_near_ema21;relative_weakness_negative;atr_bounce_controlled,ema21_below_ema50;ema50_below_ema200;ema8_slope_negative;recent_2_5_day_bounce;failed_ema8_reclaim;close_lower_half_range;volume_above_20d_average,293.70001220703125,296.17999267578125,293.55999755859375,296.010009765625,295.19000244140625,295.6574992658612,297.03252612295955,295.3520525342695,278.92342715028366,0.10071728564679461,-0.10225163573346663,0.02685539719817598,3.1221400669642856,0.93512090574477,-0.0011908735790486292,0.013066446661467612,QQQ,"SPY,QQQ",50.0,770.1900024414062,757.749642905043,True,718.9600219726562,710.4548482967451,True
IYR,debit,pullback,bull_continuation,6,watchlist,NO,SETUP_REJECT,watchlist setup; below option evaluation threshold,close_above_ema21;ema8_above_ema21;ema21_above_ema50;ema8_slope_positive;ema21_slope_positive;low_near_ema21;reclaimed_ema8;close_upper_half_range;relative_strength_positive,102.13999938964844,,-1,,,,,,,,,,,,,,,,,0,0,0,0,0.007718558432357714,0.015375255070774614,0.8351099623775449,1.5959700130334438,-0.01600365190741304,-0.018728557264948376,1.2393669568445969,0.010063212849480597,True,False,"SPY: close=770.19, ema50=757.75, above=true; QQQ: close=718.96, ema50=710.45, above=true",,,watchlist setup; below option evaluation threshold,,,SETUP_REJECT,False,watchlist setup; below option evaluation threshold,,,0.045,,,,,,,,False,,,,,,,,False,,,,,,,,,,,,,,,,,,,,,,,,,,0.5,0.5,2.0,21,103.71042793319305,pullback,bull_continuation,6.0,watchlist,ema50_above_ema200;low_near_ema8;recent_2_5_day_pullback;volume_above_20d_average;atr_pullback_controlled,close_above_ema21;ema8_above_ema21;ema21_above_ema50;ema8_slope_positive;ema21_slope_positive;low_near_ema21;reclaimed_ema8;close_upper_half_range;relative_strength_positive,102.27999877929688,102.95999908447266,102.06999969482422,102.13999938964844,102.87999725341797,102.92837294321842,103.71042793319305,103.80697381631585,101.94512584096582,-0.22524958673426454,-0.15704285435445797,-0.06803977251703941,1.0278565543038505,0.07865139643732748,-0.007718558432357714,-0.049759135056802184,QQQ,"SPY,QQQ",50.0,770.1900024414062,757.749642905043,True,718.9600219726562,710.4548482967451,True
IYR,credit,pullup,bear_ema8_rejection,20,strong_setup,NO,LIQUIDITY_REJECT,"short leg illiquid (vol=3, oi=22)",ema50_below_ema200,102.13999938964844,2026-12-18,102,,109.0,,,,,,,,,,,,,,,3,22,0,0,0.007718558432357714,0.015375255070774614,0.03076902231328948,0.7300910283426094,-0.01600365190741304,-0.018728557264948376,1.2393669568445969,0.010063212849480597,True,False,"SPY: close=770.19, ema50=757.75, above=true; QQQ: close=718.96, ema50=710.45, above=true",,,"short leg illiquid (vol=3, oi=22)",,,,False,"short leg illiquid (vol=3, oi=22)",2026-12-18,0.27945205479452057,0.045,,IYR261218C00109000,,,,,,False,,,0.0,3.8,3.26,3.26,mid=last (no valid bid/ask),False,0.29883513671874995,,0.15411350986851416,,,,,,,,,,,,,,,,,,,,,,,0.5,0.5,2.0,21,103.71042793319305,pullup,bear_ema8_rejection,20.0,strong_setup,close_below_ema21;ema8_below_ema21;ema21_below_ema50;ema8_slope_negative;ema21_slope_negative;high_near_ema8;high_near_ema21;recent_2_5_day_bounce;failed_ema8_reclaim;close_lower_half_range;relative_weakness_negative;volume_above_20d_average;atr_bounce_controlled,ema50_below_ema200,102.27999877929688,102.95999908447266,102.06999969482422,102.13999938964844,102.87999725341797,102.92837294321842,103.71042793319305,103.80697381631585,101.94512584096582,-0.22524958673426454,-0.15704285435445797,-0.06803977251703941,1.0278565543038505,0.07865139643732748,0.007718558432357714,-0.049759135056802184,QQQ,"SPY,QQQ",50.0,770.1900024414062,757.749642905043,True,718.9600219726562,710.4548482967451,True
JCI,debit,pullback,bull_ema8_pullback,14,strong_setup,NO,LIQUIDITY_REJECT,"short leg illiquid (vol=2, oi=33)",ema8_above_ema21;ema21_above_ema50;recent_2_5_day_pullback;reclaimed_ema8,144.94000244140625,2026-12-18,102,,165.0,,,,,,,,,,,,,0.3013698630136986,,2,33,0,0,0.019353007148909872,0.007010142351594463,0.004401783445706286,0.5200049761496124,0.03479513274836199,-0.04213388643444416,1.101391812264049,0.023536814832135877,True,False,"SPY: close=770.19, ema50=757.75, above=true; QQQ: close=718.96, ema50=710.45, above=true",,,"short leg illiquid (vol=2, oi=33)",,,,False,"short leg illiquid (vol=2, oi=33)",2026-12-18,0.27945205479452057,0.045,,JCI261218C00165000,,,,,,False,,,3.1,4.2,2.9,3.6500000000000004,"mid=avg(bid,ask)",True,0.35315588256835934,,0.3197851268930186,,,,,,,,,,,,,,,,,,,,,,,0.5,0.5,2.0,21,143.92395239185154,pullback,bull_ema8_pullback,14.0,strong_setup,close_above_ema21;ema50_above_ema200;ema8_slope_positive;ema21_slope_positive;low_near_ema8;low_near_ema21;close_upper_half_range;relative_strength_positive;volume_above_20d_average;atr_pullback_controlled,ema8_above_ema21;ema21_above_ema50;recent_2_5_day_pullback;reclaimed_ema8,142.14999389648438,144.97000122070312,142.14999389648438,144.94000244140625,142.22999572753906,142.1349775379947,143.92395239185154,144.30138606583017,141.0300496893717,0.8014356866890182,0.10160500495547353,0.026065974513329593,3.411425999232701,0.9893621626301322,0.019353007148909872,0.003611792845727324,QQQ,"SPY,QQQ",50.0,770.1900024414062,757.749642905043,True,718.9600219726562,710.4548482967451,True
JCI,credit,pullup,bear_continuation,10,valid_setup,NO,LIQUIDITY_REJECT,"short leg illiquid (vol=4, oi=35)",close_below_ema21;ema50_below_ema200;ema8_slope_negative;ema21_slope_negative;high_near_ema8;recent_2_5_day_bounce;failed_ema8_reclaim;close_lower_half_range,144.94000244140625,2026-12-18,102,,170.0,,,,,,,,,,,,,0.625,,4,35,0,0,0.019353007148909872,0.007010142351594463,0.8310377195184885,0.3066309599231698,0.03479513274836199,-0.04213388643444416,1.101391812264049,0.023536814832135877,True,False,"SPY: close=770.19, ema50=757.75, above=true; QQQ: close=718.96, ema50=710.45, above=true",,,"short leg illiquid (vol=4, oi=35)",,,,False,"short leg illiquid (vol=4, oi=35)",2026-12-18,0.27945205479452057,0.045,,JCI261218C00170000,,,,,,False,,,2.2,4.2,2.93,3.2,"mid=avg(bid,ask)",True,0.3936828210449219,,0.3197851268930186,,,,,,,,,,,,,,,,,,,,,,,0.5,0.5,2.0,21,143.92395239185154,pullup,bear_continuation,10.0,valid_setup,ema8_below_ema21;ema21_below_ema50;high_near_ema21;relative_weakness_negative;volume_above_20d_average;atr_bounce_controlled,close_below_ema21;ema50_below_ema200;ema8_slope_negative;ema21_slope_negative;high_near_ema8;recent_2_5_day_bounce;failed_ema8_reclaim;close_lower_half_range,142.14999389648438,144.97000122070312,142.14999389648438,144.94000244140625,142.22999572753906,142.1349775379947,143.92395239185154,144.30138606583017,141.0300496893717,0.8014356866890182,0.10160500495547353,0.026065974513329593,3.411425999232701,0.9893621626301322,-0.019353007148909872,0.003611792845727324,QQQ,"SPY,QQQ",50.0,770.1900024414062,757.749642905043,True,718.9600219726562,710.4548482967451,True
JETS,debit,pullback,bull_continuation,5,near_miss,NO,SETUP_REJECT,near_miss setup; below option evaluation threshold,close_above_ema21;ema8_above_ema21;ema21_above_ema50;ema8_slope_positive;ema21_slope_positive;low_near_ema8;low_near_ema21;reclaimed_ema8;relative_strength_positive,28.799999237060547,,-1,,,,,,,,,,,,,,,,,0,0,0,0,0.0009456244968720051,0.03114856039351779,0.7278256917528175,2.2096735436417676,-0.01655409436977673,-0.10930641379415007,1.020929620106588,0.020381941275648043,True,False,"SPY: close=770.19, ema50=757.75, above=true; QQQ: close=718.96, ema50=710.45, above=true",,,near_miss setup; below option evaluation threshold,,,SETUP_REJECT,False,near_miss setup; below option evaluation threshold,,,0.045,,,,,,,,False,,,,,,,,False,,,,,,,,,,,,,,,,,,,,,,,,,,0.5,0.5,2.0,21,29.697077752629394,pullback,bull_continuation,5.0,near_miss,ema50_above_ema200;recent_2_5_day_pullback;close_upper_half_range;volume_above_20d_average;atr_pullback_controlled,close_above_ema21;ema8_above_ema21;ema21_above_ema50;ema8_slope_positive;ema21_slope_positive;low_near_ema8;low_near_ema21;reclaimed_ema8;relative_strength_positive,28.489999771118164,28.90999984741211,28.399999618530273,28.799999237060547,28.420000076293945,28.827233221849006,29.697077752629394,30.132561094676994,28.33427580241614,-0.007781138510988939,-0.08970785155688432,-0.05439027990270873,0.5869998931884766,0.7843126255203132,-0.0009456244968720051,0.020452302132340172,QQQ,"SPY,QQQ",50.0,770.1900024414062,757.749642905043,True,718.9600219726562,710.4548482967451,True
JETS,credit,pullup,bear_ema8_rejection,17,strong_setup,NO,LIQUIDITY_REJECT,short leg bid/ask too wide (57.1%>15.0%),ema50_below_ema200;high_near_ema21;close_lower_half_range,28.799999237060547,2026-12-18,102,,33.0,,,,,,,,,,,,,0.5714285714285713,,125,522,0,0,0.0009456244968720051,0.03114856039351779,0.14099938777421192,1.3408484641147385,-0.01655409436977673,-0.10930641379415007,1.020929620106588,0.020381941275648043,True,False,"SPY: close=770.19, ema50=757.75, above=true; QQQ: close=718.96, ema50=710.45, above=true",,,short leg bid/ask too wide (57.1%>15.0%),,,,False,short leg bid/ask too wide (57.1%>15.0%),2026-12-18,0.27945205479452057,0.045,,JETS261218C00033000,,,,,,False,,,0.4,0.72,0.5,0.56,"mid=avg(bid,ask)",True,0.3391179370117187,,0.33311882962761274,,,,,,,,,,,,,,,,,,,,,,,0.5,0.5,2.0,21,29.697077752629394,pullup,bear_ema8_rejection,17.0,strong_setup,close_below_ema21;ema8_below_ema21;ema21_below_ema50;ema8_slope_negative;ema21_slope_negative;high_near_ema8;recent_2_5_day_bounce;failed_ema8_reclaim;relative_weakness_negative;volume_above_20d_average;atr_bounce_controlled,ema50_below_ema200;high_near_ema21;close_lower_half_range,28.489999771118164,28.90999984741211,28.399999618530273,28.799999237060547,28.420000076293945,28.827233221849006,29.697077752629394,30.132561094676994,28.33427580241614,-0.007781138510988939,-0.08970785155688432,-0.05439027990270873,0.5869998931884766,0.7843126255203132,0.0009456244968720051,0.020452302132340172,QQQ,"SPY,QQQ",50.0,770.1900024414062,757.749642905043,True,718.9600219726562,710.4548482967451,True
JOBY,debit,pullback,bull_continuation,2,reject,NO,SETUP_REJECT,setup_score_below_near_miss_threshold,close_above_ema21;ema8_above_ema21;ema21_above_ema50;ema50_above_ema200;ema8_slope_positive;ema21_slope_positive;low_near_ema8;low_near_ema21;reclaimed_ema8;close_upper_half_range;relative_strength_positive;volume_above_20d_average,6.739999771118164,,-1,,,,,,,,,,,,,,,,,0,0,0,0,0.02891018205637652,0.08043273497560686,0.6994781075625744,1.946059597172633,-0.03791542925440239,-0.2142783662984643,0.9099884293228311,0.04133107490256977,True,False,"SPY: close=770.19, ema50=757.75, above=true; QQQ: close=718.96, ema50=710.45, above=true",,,setup_score_below_near_miss_threshold,,,SETUP_REJECT,False,setup_score_below_near_miss_threshold,,,0.045,,,,,,,,False,,,,,,,,False,,,,,,,,,,,,,,,,,,,,,,,,,,0.5,0.5,2.0,21,7.282116386444162,pullback,bull_continuation,2.0,reject,recent_2_5_day_pullback;atr_pullback_controlled,close_above_ema21;ema8_above_ema21;ema21_above_ema50;ema50_above_ema200;ema8_slope_positive;ema21_slope_positive;low_near_ema8;low_near_ema21;reclaimed_ema8;close_upper_half_range;relative_strength_positive;volume_above_20d_average,6.889999866485596,6.934999942779541,6.739999771118164,6.739999771118164,6.869999885559082,6.934854391561126,7.282116386444162,7.808488768310274,8.862124095462978,-0.05567274869798933,-0.05421166153259982,-0.04361179580375918,0.27857143538338797,0.0,-0.02891018205637652,-0.27570605254040514,QQQ,"SPY,QQQ",50.0,770.1900024414062,757.749642905043,True,718.9600219726562,710.4548482967451,True
JOBY,credit,pullup,bear_ema8_rejection,18,strong_setup,NO,LIQUIDITY_REJECT,short leg bid/ask too wide (15.4%>15.0%),high_near_ema21;volume_above_20d_average,6.739999771118164,2026-11-20,74,,9.0,,,,,,,,,,,,,0.15384615384615397,,60,5097,0,0,0.02891018205637652,0.08043273497560686,0.0005224915405071424,1.2460589980695516,-0.03791542925440239,-0.2142783662984643,0.9099884293228311,0.04133107490256977,True,False,"SPY: close=770.19, ema50=757.75, above=true; QQQ: close=718.96, ema50=710.45, above=true",,,short leg bid/ask too wide (15.4%>15.0%),,,,False,short leg bid/ask too wide (15.4%>15.0%),2026-11-20,0.20273972602739726,0.045,,JOBY261120C00009000,,,,,,False,,,0.24,0.28,0.27,0.26,"mid=avg(bid,ask)",True,0.72070591796875,,0.6307963220829444,,,,,,,,,,,,,,,,,,,,,,,0.5,0.5,2.0,21,7.282116386444162,pullup,bear_ema8_rejection,18.0,strong_setup,close_below_ema21;ema8_below_ema21;ema21_below_ema50;ema50_below_ema200;ema8_slope_negative;ema21_slope_negative;high_near_ema8;recent_2_5_day_bounce;failed_ema8_reclaim;close_lower_half_range;relative_weakness_negative;atr_bounce_controlled,high_near_ema21;volume_above_20d_average,6.889999866485596,6.934999942779541,6.739999771118164,6.739999771118164,6.869999885559082,6.934854391561126,7.282116386444162,7.808488768310274,8.862124095462978,-0.05567274869798933,-0.05421166153259982,-0.04361179580375918,0.27857143538338797,0.0,0.02891018205637652,-0.27570605254040514,QQQ,"SPY,QQQ",50.0,770.1900024414062,757.749642905043,True,718.9600219726562,710.4548482967451,True
JPM,debit,pullback,bull_ema8_pullback,17,strong_setup,NO,LIQUIDITY_REJECT,"short leg illiquid (vol=32, oi=665)",reclaimed_ema8;close_upper_half_range;volume_above_20d_average,358.6400146484375,2026-12-18,102,,390.0,,,,,,,,,,,,,0.14084507042253522,,32,665,0,0,0.002643312093346348,0.006409255003252396,0.4351760447295172,0.19931916162847194,-0.0006791955416067808,0.008761862273260479,0.8931377660651633,0.015967068081250996,True,False,"SPY: close=770.19, ema50=757.75, above=true; QQQ: close=718.96, ema50=710.45, above=true",,,"short leg illiquid (vol=32, oi=665)",,,,False,"short leg illiquid (vol=32, oi=665)",2026-12-18,0.27945205479452057,0.045,,JPM261218C00390000,,,,,,False,,,6.6,7.6,7.0,7.1,"mid=avg(bid,ask)",True,0.24451439086914065,,0.19977638791384775,,,,,,,,,,,,,,,,,,,,,,,0.5,0.5,2.0,21,356.3413993401855,pullback,bull_ema8_pullback,17.0,strong_setup,close_above_ema21;ema8_above_ema21;ema21_above_ema50;ema50_above_ema200;ema8_slope_positive;ema21_slope_positive;low_near_ema8;low_near_ema21;recent_2_5_day_pullback;relative_strength_positive;atr_pullback_controlled,reclaimed_ema8;close_upper_half_range;volume_above_20d_average,361.0,362.8599853515625,355.20001220703125,358.6400146484375,362.05999755859375,357.6920171605594,356.3413993401855,348.2956919122062,320.45841354961584,0.27085642510797925,0.22986153082518967,0.422217254540044,5.726429530552456,0.44908805507525834,0.002643312093346348,0.12369321633936115,QQQ,"SPY,QQQ",50.0,770.1900024414062,757.749642905043,True,718.9600219726562,710.4548482967451,True
JPM,credit,pullup,bear_continuation,7,watchlist,NO,SETUP_REJECT,watchlist setup; below option evaluation threshold,close_below_ema21;ema8_below_ema21;ema21_below_ema50;ema50_below_ema200;ema8_slope_negative;ema21_slope_negative;high_near_ema21;failed_ema8_reclaim;volume_above_20d_average,358.6400146484375,,-1,,,,,,,,,,,,,,,,,0,0,0,0,0.002643312093346348,0.006409255003252396,0.9024765193442532,1.1383334024452985,-0.0006791955416067808,0.008761862273260479,0.8931377660651633,0.015967068081250996,True,False,"SPY: close=770.19, ema50=757.75, above=true; QQQ: close=718.96, ema50=710.45, above=true",,,watchlist setup; below option evaluation threshold,,,SETUP_REJECT,False,watchlist setup; below option evaluation threshold,,,0.045,,,,,,,,False,,,,,,,,False,,,,,,,,,,,,,,,,,,,,,,,,,,0.5,0.5,2.0,21,356.3413993401855,pullup,bear_continuation,7.0,watchlist,high_near_ema8;recent_2_5_day_bounce;close_lower_half_range;relative_weakness_negative;atr_bounce_controlled,close_below_ema21;ema8_below_ema21;ema21_below_ema50;ema50_below_ema200;ema8_slope_negative;ema21_slope_negative;high_near_ema21;failed_ema8_reclaim;volume_above_20d_average,361.0,362.8599853515625,355.20001220703125,358.6400146484375,362.05999755859375,357.6920171605594,356.3413993401855,348.2956919122062,320.45841354961584,0.27085642510797925,0.22986153082518967,0.422217254540044,5.726429530552456,0.44908805507525834,-0.002643312093346348,0.12369321633936115,QQQ,"SPY,QQQ",50.0,770.1900024414062,757.749642905043,True,718.9600219726562,710.4548482967451,True
KLAC,debit,pullback,bull_continuation,9,valid_setup,NO,LIQUIDITY_REJECT,"short leg illiquid (vol=17, oi=71)",close_above_ema21;ema8_above_ema21;ema21_above_ema50;ema21_slope_positive;low_near_ema8;low_near_ema21;recent_2_5_day_pullback,185.60000610351562,2026-12-18,102,,230.0,,,,,,,,,,,,,0.2288557213930347,,17,71,0,0,0.03629733017502811,0.0015074072106829705,0.7053806721227581,1.6213808192300307,0.05377751100880146,-0.0575176101410666,1.4086675134914246,0.04127154073620883,True,False,"SPY: close=770.19, ema50=757.75, above=true; QQQ: close=718.96, ema50=710.45, above=true",,,"short leg illiquid (vol=17, oi=71)",,,,False,"short leg illiquid (vol=17, oi=71)",2026-12-18,0.27945205479452057,0.045,,KLAC261218C00230000,,,,,,False,,,8.9,11.2,9.2,10.05,"mid=avg(bid,ask)",True,0.6077920080566408,,0.8280580194516662,,,,,,,,,,,,,,,,,,,,,,,0.5,0.5,2.0,21,185.87978089101887,pullback,bull_continuation,9.0,valid_setup,ema50_above_ema200;ema8_slope_positive;reclaimed_ema8;close_upper_half_range;relative_strength_positive;volume_above_20d_average;atr_pullback_controlled,close_above_ema21;ema8_above_ema21;ema21_above_ema50;ema21_slope_positive;low_near_ema8;low_near_ema21;recent_2_5_day_pullback,177.89999389648438,187.36000061035156,173.4600067138672,185.60000610351562,172.94000244140625,178.86322140148908,185.87978089101887,195.91113043258378,181.70815558834002,1.9247956291504522,-0.027977478750301543,-0.42086221751299036,7.659998212541852,0.8733816345573303,0.03629733017502811,-0.16736802783947702,QQQ,"SPY,QQQ",50.0,770.1900024414062,757.749642905043,True,718.9600219726562,710.4548482967451,True
KLAC,credit,pullup,bear_ema21_rejection,13,strong_setup,NO,LIQUIDITY_REJECT,"short leg illiquid (vol=10, oi=83)",ema50_below_ema200;ema8_slope_negative;high_near_ema8;recent_2_5_day_bounce;failed_ema8_reclaim;close_lower_half_range,185.60000610351562,2026-12-18,102,,238.0,,,,,,,,,,,,,0.32941176470588246,,10,83,0,0,0.03629733017502811,0.0015074072106829705,1.1092403644364497,0.19324021732917698,0.05377751100880146,-0.0575176101410666,1.4086675134914246,0.04127154073620883,True,False,"SPY: close=770.19, ema50=757.75, above=true; QQQ: close=718.96, ema50=710.45, above=true",,,"short leg illiquid (vol=10, oi=83)",,,,False,"short leg illiquid (vol=10, oi=83)",2026-12-18,0.27945205479452057,0.045,,KLAC261218C00238000,,,,,,False,,,7.1,9.9,7.99,8.5,"mid=avg(bid,ask)",True,0.6068764898681642,,0.8280580194516662,,,,,,,,,,,,,,,,,,,,,,,0.5,0.5,2.0,21,185.87978089101887,pullup,bear_ema21_rejection,13.0,strong_setup,close_below_ema21;ema8_below_ema21;ema21_below_ema50;ema21_slope_negative;high_near_ema21;relative_weakness_negative;volume_above_20d_average;atr_bounce_controlled,ema50_below_ema200;ema8_slope_negative;high_near_ema8;recent_2_5_day_bounce;failed_ema8_reclaim;close_lower_half_range,177.89999389648438,187.36000061035156,173.4600067138672,185.60000610351562,172.94000244140625,178.86322140148908,185.87978089101887,195.91113043258378,181.70815558834002,1.9247956291504522,-0.027977478750301543,-0.42086221751299036,7.659998212541852,0.8733816345573303,-0.03629733017502811,-0.16736802783947702,QQQ,"SPY,QQQ",50.0,770.1900024414062,757.749642905043,True,718.9600219726562,710.4548482967451,True
KRE,debit,pullback,bull_ema21_pullback,16,strong_setup,NO,LIQUIDITY_REJECT,"short leg illiquid (vol=22, oi=121)",ema8_above_ema21;recent_2_5_day_pullback;reclaimed_ema8,75.2699966430664,2026-12-18,102,,82.0,,,,,,,,,,,,,1.6893203883495145,,22,121,0,0,0.009878090639596767,0.0033287019703028995,0.05684975400301888,0.4784504672889651,0.009523655235404549,-0.0067052729109826625,1.1181922359568115,0.015534576823288754,True,False,"SPY: close=770.19, ema50=757.75, above=true; QQQ: close=718.96, ema50=710.45, above=true",,,"short leg illiquid (vol=22, oi=121)",,,,False,"short leg illiquid (vol=22, oi=121)",2026-12-18,0.27945205479452057,0.045,,KRE261218C00082000,,,,,,False,,,0.16,1.9,1.42,1.03,"mid=avg(bid,ask)",True,0.2694164855957031,,0.1710542451864209,,,,,,,,,,,,,,,,,,,,,,,0.5,0.5,2.0,21,75.01944525693594,pullback,bull_ema21_pullback,16.0,strong_setup,close_above_ema21;ema21_above_ema50;ema50_above_ema200;ema8_slope_positive;ema21_slope_positive;low_near_ema8;low_near_ema21;close_upper_half_range;relative_strength_positive;volume_above_20d_average;atr_pullback_controlled,ema8_above_ema21;recent_2_5_day_pullback;reclaimed_ema8,74.58000183105469,75.5,74.45999908447266,75.2699966430664,74.87000274658203,74.52647279378405,75.01944525693594,74.72484351350057,70.89468594219484,0.21243538550925223,0.025055138613041095,0.022251148145542743,1.1692875453404017,0.7788431207130543,0.009878090639596767,0.01424157502861001,QQQ,"SPY,QQQ",50.0,770.1900024414062,757.749642905043,True,718.9600219726562,710.4548482967451,True
KRE,credit,pullup,bear_continuation,10,valid_setup,NO,LIQUIDITY_REJECT,"short leg illiquid (vol=18, oi=650)",close_below_ema21;ema21_below_ema50;ema50_below_ema200;ema8_slope_negative;ema21_slope_negative;recent_2_5_day_bounce;failed_ema8_reclaim;close_lower_half_range,75.2699966430664,2026-12-18,102,,85.0,,,,,,,,,,,,,,,18,650,0,0,0.009878090639596767,0.0033287019703028995,0.8325815237624343,0.41098081047648805,0.009523655235404549,-0.0067052729109826625,1.1181922359568115,0.015534576823288754,True,False,"SPY: close=770.19, ema50=757.75, above=true; QQQ: close=718.96, ema50=710.45, above=true",,,"short leg illiquid (vol=18, oi=650)",,,,False,"short leg illiquid (vol=18, oi=650)",2026-12-18,0.27945205479452057,0.045,,KRE261218C00085000,,,,,,False,,,0.0,1.75,0.86,0.86,mid=last (no valid bid/ask),False,0.3092110095214844,,0.1710542451864209,,,,,,,,,,,,,,,,,,,,,,,0.5,0.5,2.0,21,75.01944525693594,pullup,bear_continuation,10.0,valid_setup,ema8_below_ema21;high_near_ema8;high_near_ema21;relative_weakness_negative;volume_above_20d_average;atr_bounce_controlled,close_below_ema21;ema21_below_ema50;ema50_below_ema200;ema8_slope_negative;ema21_slope_negative;recent_2_5_day_bounce;failed_ema8_reclaim;close_lower_half_range,74.58000183105469,75.5,74.45999908447266,75.2699966430664,74.87000274658203,74.52647279378405,75.01944525693594,74.72484351350057,70.89468594219484,0.21243538550925223,0.025055138613041095,0.022251148145542743,1.1692875453404017,0.7788431207130543,-0.009878090639596767,0.01424157502861001,QQQ,"SPY,QQQ",50.0,770.1900024414062,757.749642905043,True,718.9600219726562,710.4548482967451,True
KTOS,debit,pullback,bull_continuation,2,reject,NO,SETUP_REJECT,setup_score_below_near_miss_threshold,close_above_ema21;ema8_above_ema21;ema21_above_ema50;ema50_above_ema200;ema8_slope_positive;ema21_slope_positive;low_near_ema8;low_near_ema21;reclaimed_ema8;close_upper_half_range;relative_strength_positive;volume_above_20d_average,47.81999969482422,,-1,,,,,,,,,,,,,,,,,0,0,0,0,0.05056361249098528,0.1072325904917022,1.1750287271158428,2.1995697022381218,-0.08391606092332726,-0.2074694807238916,0.8763702517375959,0.05531157794245708,True,False,"SPY: close=770.19, ema50=757.75, above=true; QQQ: close=718.96, ema50=710.45, above=true",,,setup_score_below_near_miss_threshold,,,SETUP_REJECT,False,setup_score_below_near_miss_threshold,,,0.045,,,,,,,,False,,,,,,,,False,,,,,,,,,,,,,,,,,,,,,,,,,,0.5,0.5,2.0,21,52.94786213941263,pullback,bull_continuation,2.0,reject,recent_2_5_day_pullback;atr_pullback_controlled,close_above_ema21;ema8_above_ema21;ema21_above_ema50;ema50_above_ema200;ema8_slope_positive;ema21_slope_positive;low_near_ema8;low_near_ema21;reclaimed_ema8;close_upper_half_range;relative_strength_positive;volume_above_20d_average,47.75,48.66999816894531,47.130001068115234,47.81999969482422,48.099998474121094,50.237951628712345,52.94786213941263,54.123922333925556,65.62790995843847,-0.6908434096823228,-0.5127862444588374,-0.2573029648612817,2.6449996403285434,0.44805189979712706,-0.05056361249098528,-0.16411902838557813,QQQ,"SPY,QQQ",50.0,770.1900024414062,757.749642905043,True,718.9600219726562,710.4548482967451,True
KTOS,credit,pullup,bear_continuation,14,strong_setup,NO,LIQUIDITY_REJECT,short leg bid/ask too wide (25.0%>15.0%),high_near_ema8;high_near_ema21;failed_ema8_reclaim;volume_above_20d_average,47.81999969482422,2026-11-20,74,,60.0,,,,,,,,,,,,,0.25,,106,1074,0,0,0.05056361249098528,0.1072325904917022,0.5927991202192648,1.6173400953415438,-0.08391606092332726,-0.2074694807238916,0.8763702517375959,0.05531157794245708,True,False,"SPY: close=770.19, ema50=757.75, above=true; QQQ: close=718.96, ema50=710.45, above=true",,,short leg bid/ask too wide (25.0%>15.0%),,,,False,short leg bid/ask too wide (25.0%>15.0%),2026-11-20,0.20273972602739726,0.045,,KTOS261120C00060000,,,,,,False,,,2.1,2.7,2.14,2.4000000000000004,"mid=avg(bid,ask)",True,0.7065459033203125,,0.6209562329038946,,,,,,,,,,,,,,,,,,,,,,,0.5,0.5,2.0,21,52.94786213941263,pullup,bear_continuation,14.0,strong_setup,close_below_ema21;ema8_below_ema21;ema21_below_ema50;ema50_below_ema200;ema8_slope_negative;ema21_slope_negative;recent_2_5_day_bounce;close_lower_half_range;relative_weakness_negative;atr_bounce_controlled,high_near_ema8;high_near_ema21;failed_ema8_reclaim;volume_above_20d_average,47.75,48.66999816894531,47.130001068115234,47.81999969482422,48.099998474121094,50.237951628712345,52.94786213941263,54.123922333925556,65.62790995843847,-0.6908434096823228,-0.5127862444588374,-0.2573029648612817,2.6449996403285434,0.44805189979712706,0.05056361249098528,-0.16411902838557813,QQQ,"SPY,QQQ",50.0,770.1900024414062,757.749642905043,True,718.9600219726562,710.4548482967451,True
KWEB,debit,pullback,bull_ema8_reclaim,8,valid_setup,NO,LIQUIDITY_REJECT,short leg bid/ask too wide (22.5%>15.0%),close_above_ema21;ema8_above_ema21;ema21_above_ema50;ema50_above_ema200;ema21_slope_positive;low_near_ema21;relative_strength_positive;volume_above_20d_average,26.049999237060547,2026-12-18,102,,29.0,,,,,,,,,,,,,0.22516556291390719,,1242,124268,0,0,0.002521585061019309,0.016291326310641452,0.19640148822910103,1.3380105551931645,-0.013789815843741726,-0.085438613343651,0.8658235854547804,0.016479293933509876,True,False,"SPY: close=770.19, ema50=757.75, above=true; QQQ: close=718.96, ema50=710.45, above=true",,,short leg bid/ask too wide (22.5%>15.0%),,,,False,short leg bid/ask too wide (22.5%>15.0%),2026-12-18,0.27945205479452057,0.045,,KWEB261218C00029000,,,,,,False,,,0.67,0.84,0.75,0.755,"mid=avg(bid,ask)",True,0.3393620751953125,,0.2505000439898754,,,,,,,,,,,,,,,,,,,,,,,0.5,0.5,2.0,21,26.47438827502346,pullback,bull_ema8_reclaim,8.0,valid_setup,ema8_slope_positive;low_near_ema8;recent_2_5_day_pullback;reclaimed_ema8;close_upper_half_range;atr_pullback_controlled,close_above_ema21;ema8_above_ema21;ema21_above_ema50;ema50_above_ema200;ema21_slope_positive;low_near_ema21;relative_strength_positive;volume_above_20d_average,25.969999313354492,26.110000610351562,25.899999618530273,26.049999237060547,25.540000915527344,25.98431194814481,26.47438827502346,26.789588521831003,27.870871187264683,0.018767796833067507,-0.04243890379629178,-0.03018731774573169,0.4292855943952288,0.7142805242459197,0.002521585061019309,-0.05117883078607244,QQQ,"SPY,QQQ",50.0,770.1900024414062,757.749642905043,True,718.9600219726562,710.4548482967451,True
KWEB,credit,pullup,bear_ema8_rejection,16,strong_setup,NO,LIQUIDITY_REJECT,short leg bid/ask too wide (44.7%>15.0%),ema8_slope_negative;failed_ema8_reclaim;close_lower_half_range;volume_above_20d_average,26.049999237060547,2026-12-18,102,,30.0,,,,,,,,,,,,,0.4466019417475728,,1367,31550,0,0,0.002521585061019309,0.016291326310641452,0.29278565096930453,0.848823415994759,-0.013789815843741726,-0.085438613343651,0.8658235854547804,0.016479293933509876,True,False,"SPY: close=770.19, ema50=757.75, above=true; QQQ: close=718.96, ema50=710.45, above=true",,,short leg bid/ask too wide (44.7%>15.0%),,,,False,short leg bid/ask too wide (44.7%>15.0%),2026-12-18,0.27945205479452057,0.045,,KWEB261218C00030000,,,,,,False,,,0.4,0.63,0.55,0.515,"mid=avg(bid,ask)",True,0.340826904296875,,0.2505000439898754,,,,,,,,,,,,,,,,,,,,,,,0.5,0.5,2.0,21,26.47438827502346,pullup,bear_ema8_rejection,16.0,strong_setup,close_below_ema21;ema8_below_ema21;ema21_below_ema50;ema50_below_ema200;ema21_slope_negative;high_near_ema8;high_near_ema21;recent_2_5_day_bounce;relative_weakness_negative;atr_bounce_controlled,ema8_slope_negative;failed_ema8_reclaim;close_lower_half_range;volume_above_20d_average,25.969999313354492,26.110000610351562,25.899999618530273,26.049999237060547,25.540000915527344,25.98431194814481,26.47438827502346,26.789588521831003,27.870871187264683,0.018767796833067507,-0.04243890379629178,-0.03018731774573169,0.4292855943952288,0.7142805242459197,-0.002521585061019309,-0.05117883078607244,QQQ,"SPY,QQQ",50.0,770.1900024414062,757.749642905043,True,718.9600219726562,710.4548482967451,True
LABU,debit,pullback,bull_ema21_pullback,15,strong_setup,NO,LIQUIDITY_REJECT,"short leg illiquid (vol=0, oi=4)",ema8_slope_positive;low_near_ema8;reclaimed_ema8;volume_above_20d_average,303.54998779296875,2026-12-18,102,,420.0,,,,,,,,,,,,,0.15584415584415573,,0,4,0,0,0.011068736171482529,0.015410817272732788,0.44526973726156077,0.11721736276931011,0.022807408619640812,0.10056823131669923,0.47840583081336746,0.08071745703776585,True,False,"SPY: close=770.19, ema50=757.75, above=true; QQQ: close=718.96, ema50=710.45, above=true",,,"short leg illiquid (vol=0, oi=4)",,,,False,"short leg illiquid (vol=0, oi=4)",2026-12-18,0.27945205479452057,0.045,,LABU261218C00420000,,,,,,False,,,21.3,24.9,36.5,23.1,"mid=avg(bid,ask)",True,0.8695691754150392,,0.8707112994329032,,,,,,,,,,,,,,,,,,,,,,,0.5,0.5,2.0,21,298.87203439795104,pullback,bull_ema21_pullback,15.0,strong_setup,close_above_ema21;ema8_above_ema21;ema21_above_ema50;ema50_above_ema200;ema21_slope_positive;low_near_ema21;recent_2_5_day_pullback;close_upper_half_range;relative_strength_positive;atr_pullback_controlled,ema8_slope_positive;low_near_ema8;reclaimed_ema8;volume_above_20d_average,299.6000061035156,305.7300109863281,296.0,303.54998779296875,305.8599853515625,306.90990252270586,298.87203439795104,276.0486381298515,215.3945581316515,-0.959975637067771,0.46779533950177665,1.1225040678823461,24.501783098493302,0.7759485373220464,-0.011068736171482529,0.8592187487292167,QQQ,"SPY,QQQ",50.0,770.1900024414062,757.749642905043,True,718.9600219726562,710.4548482967451,True
LABU,credit,pullup,bear_breakdown_retest,7,watchlist,NO,SETUP_REJECT,watchlist setup; below option evaluation threshold,close_below_ema21;ema8_below_ema21;ema21_below_ema50;ema50_below_ema200;ema21_slope_negative;failed_ema8_reclaim;close_lower_half_range;relative_weakness_negative;volume_above_20d_average,303.54998779296875,,-1,,,,,,,,,,,,,,,,,0,0,0,0,0.011068736171482529,0.015410817272732788,0.0481553334969443,0.2798970409953064,0.022807408619640812,0.10056823131669923,0.47840583081336746,0.08071745703776585,True,False,"SPY: close=770.19, ema50=757.75, above=true; QQQ: close=718.96, ema50=710.45, above=true",,,watchlist setup; below option evaluation threshold,,,SETUP_REJECT,False,watchlist setup; below option evaluation threshold,,,0.045,,,,,,,,False,,,,,,,,False,,,,,,,,,,,,,,,,,,,,,,,,,,0.5,0.5,2.0,21,298.87203439795104,pullup,bear_breakdown_retest,7.0,watchlist,ema8_slope_negative;high_near_ema8;high_near_ema21;recent_2_5_day_bounce;atr_bounce_controlled,close_below_ema21;ema8_below_ema21;ema21_below_ema50;ema50_below_ema200;ema21_slope_negative;failed_ema8_reclaim;close_lower_half_range;relative_weakness_negative;volume_above_20d_average,299.6000061035156,305.7300109863281,296.0,303.54998779296875,305.8599853515625,306.90990252270586,298.87203439795104,276.0486381298515,215.3945581316515,-0.959975637067771,0.46779533950177665,1.1225040678823461,24.501783098493302,0.7759485373220464,0.011068736171482529,0.8592187487292167,QQQ,"SPY,QQQ",50.0,770.1900024414062,757.749642905043,True,718.9600219726562,710.4548482967451,True
LCID,debit,pullback,bull_continuation,3,reject,NO,SETUP_REJECT,setup_score_below_near_miss_threshold,close_above_ema21;ema8_above_ema21;ema21_above_ema50;ema50_above_ema200;ema8_slope_positive;ema21_slope_positive;low_near_ema8;low_near_ema21;reclaimed_ema8;relative_strength_positive;volume_above_20d_average,4.679999828338623,,-1,,,,,,,,,,,,,,,,,0,0,0,0,0.03745607476471982,0.1598383037421915,1.0709374361950081,2.5479100276948086,-0.06939978008255088,-0.3295981949108623,0.9964924982082987,0.08286018960798584,True,False,"SPY: close=770.19, ema50=757.75, above=true; QQQ: close=718.96, ema50=710.45, above=true",,,setup_score_below_near_miss_threshold,,,SETUP_REJECT,False,setup_score_below_near_miss_threshold,,,0.045,,,,,,,,False,,,,,,,,False,,,,,,,,,,,,,,,,,,,,,,,,,,0.5,0.5,2.0,21,5.428043062414016,pullback,bull_continuation,3.0,reject,recent_2_5_day_pullback;close_upper_half_range;atr_pullback_controlled,close_above_ema21;ema8_above_ema21;ema21_above_ema50;ema50_above_ema200;ema8_slope_positive;ema21_slope_positive;low_near_ema8;low_near_ema21;reclaimed_ema8;relative_strength_positive;volume_above_20d_average,4.590000152587891,4.679999828338623,4.440000057220459,4.679999828338623,4.599999904632568,4.85529425180775,5.428043062414016,5.9341820134509895,7.428579058326478,-0.05008412099117976,-0.07480432340753929,-0.05119110959642281,0.3877856731414795,1.0,-0.03745607476471982,-0.040683719078272174,QQQ,"SPY,QQQ",50.0,770.1900024414062,757.749642905043,True,718.9600219726562,710.4548482967451,True
LCID,credit,pullup,bear_continuation,13,strong_setup,NO,LIQUIDITY_REJECT,"short leg illiquid (vol=38, oi=2170)",high_near_ema8;high_near_ema21;failed_ema8_reclaim;close_lower_half_range;volume_above_20d_average,4.679999828338623,2026-12-18,102,,7.0,,,,,,,,,,,,,0.5454545454545455,,38,2170,0,0,0.03745607476471982,0.1598383037421915,0.4520394527447461,1.9290120442445464,-0.06939978008255088,-0.3295981949108623,0.9964924982082987,0.08286018960798584,True,False,"SPY: close=770.19, ema50=757.75, above=true; QQQ: close=718.96, ema50=710.45, above=true",,,"short leg illiquid (vol=38, oi=2170)",,,,False,"short leg illiquid (vol=38, oi=2170)",2026-12-18,0.27945205479452057,0.045,,LCID261218C00007000,,,,,,False,,,0.24,0.42,0.3,0.32999999999999996,"mid=avg(bid,ask)",True,0.9355475195312499,,1.1471867471330681,,,,,,,,,,,,,,,,,,,,,,,0.5,0.5,2.0,21,5.428043062414016,pullup,bear_continuation,13.0,strong_setup,close_below_ema21;ema8_below_ema21;ema21_below_ema50;ema50_below_ema200;ema8_slope_negative;ema21_slope_negative;recent_2_5_day_bounce;relative_weakness_negative;atr_bounce_controlled,high_near_ema8;high_near_ema21;failed_ema8_reclaim;close_lower_half_range;volume_above_20d_average,4.590000152587891,4.679999828338623,4.440000057220459,4.679999828338623,4.599999904632568,4.85529425180775,5.428043062414016,5.9341820134509895,7.428579058326478,-0.05008412099117976,-0.07480432340753929,-0.05119110959642281,0.3877856731414795,1.0,0.03745607476471982,-0.040683719078272174,QQQ,"SPY,QQQ",50.0,770.1900024414062,757.749642905043,True,718.9600219726562,710.4548482967451,True
LITE,debit,pullback,bull_ema8_reclaim,14,strong_setup,NO,LIQUIDITY_REJECT,"short leg illiquid (vol=3, oi=19)",low_near_ema8;low_near_ema21;relative_strength_positive;volume_above_20d_average,881.2550048828125,2026-12-18,102,,1180.0,,,,,,,,,,,,,0.11184210526315796,,3,19,0,0,0.0009932183298431165,0.013080106737130129,0.6325618491485836,0.46128939207960706,-0.018888976113731748,-0.004385817876951137,0.7696616819438257,0.07057111583574269,True,False,"SPY: close=770.19, ema50=757.75, above=true; QQQ: close=718.96, ema50=710.45, above=true",,,"short leg illiquid (vol=3, oi=19)",,,,False,"short leg illiquid (vol=3, oi=19)",2026-12-18,0.27945205479452057,0.045,,LITE261218C01180000,,,,,,False,,,57.4,64.2,58.2,60.8,"mid=avg(bid,ask)",True,0.7897207307434082,,0.9630637730603161,,,,,,,,,,,,,,,,,,,,,,,0.5,0.5,2.0,21,869.7280953563152,pullback,bull_ema8_reclaim,14.0,strong_setup,close_above_ema21;ema8_above_ema21;ema21_above_ema50;ema50_above_ema200;ema8_slope_positive;ema21_slope_positive;recent_2_5_day_pullback;reclaimed_ema8;close_upper_half_range;atr_pullback_controlled,low_near_ema8;low_near_ema21;relative_strength_positive;volume_above_20d_average,861.385009765625,885.8300170898438,841.0399780273438,881.2550048828125,847.3699951171875,880.3797262586969,869.7280953563152,848.0090562224526,786.8828243343892,0.2500796068902673,1.1526909526497775,1.3569774963411874,62.191149030412944,0.8978564809767797,0.0009932183298431165,-0.003618949724895293,QQQ,"SPY,QQQ",50.0,770.1900024414062,757.749642905043,True,718.9600219726562,710.4548482967451,True
LITE,credit,pullup,bear_continuation,8,valid_setup,NO,LIQUIDITY_REJECT,"short leg illiquid (vol=4, oi=309)",close_below_ema21;ema8_below_ema21;ema21_below_ema50;ema50_below_ema200;ema8_slope_negative;ema21_slope_negative;failed_ema8_reclaim;close_lower_half_range;volume_above_20d_average,881.2550048828125,2026-12-18,102,,1260.0,,,,,,,,,,,,,0.1825726141078839,,4,309,0,0,0.0009932183298431165,0.013080106737130129,0.0876377252409587,0.2589101823099353,-0.018888976113731748,-0.004385817876951137,0.7696616819438257,0.07057111583574269,True,False,"SPY: close=770.19, ema50=757.75, above=true; QQQ: close=718.96, ema50=710.45, above=true",,,"short leg illiquid (vol=4, oi=309)",,,,False,"short leg illiquid (vol=4, oi=309)",2026-12-18,0.27945205479452057,0.045,,LITE261218C01260000,,,,,,False,,,43.8,52.6,42.2,48.2,"mid=avg(bid,ask)",True,0.792421509399414,,0.9630637730603161,,,,,,,,,,,,,,,,,,,,,,,0.5,0.5,2.0,21,869.7280953563152,pullup,bear_continuation,8.0,valid_setup,high_near_ema8;high_near_ema21;recent_2_5_day_bounce;relative_weakness_negative;atr_bounce_controlled,close_below_ema21;ema8_below_ema21;ema21_below_ema50;ema50_below_ema200;ema8_slope_negative;ema21_slope_negative;failed_ema8_reclaim;close_lower_half_range;volume_above_20d_average,861.385009765625,885.8300170898438,841.0399780273438,881.2550048828125,847.3699951171875,880.3797262586969,869.7280953563152,848.0090562224526,786.8828243343892,0.2500796068902673,1.1526909526497775,1.3569774963411874,62.191149030412944,0.8978564809767797,-0.0009932183298431165,-0.003618949724895293,QQQ,"SPY,QQQ",50.0,770.1900024414062,757.749642905043,True,718.9600219726562,710.4548482967451,True
LPSN,debit,pullback,bull_ema8_pullback,11,strong_setup,NO,LIQUIDITY_REJECT,"short leg illiquid (vol=2, oi=318)",ema50_above_ema200;low_near_ema8;low_near_ema21;recent_2_5_day_pullback;reclaimed_ema8;close_upper_half_range;volume_above_20d_average,3.0999999046325684,2027-01-15,130,,3.0,,,,,,,,,,,,,,,2,318,0,0,0.035012339505111074,0.1074298552284174,0.638460386197877,1.9590152451339256,0.09575933267691306,0.18883522075057002,0.0,0.0548387030143163,True,False,"SPY: close=770.19, ema50=757.75, above=true; QQQ: close=718.96, ema50=710.45, above=true",,,"short leg illiquid (vol=2, oi=318)",,,,False,"short leg illiquid (vol=2, oi=318)",2027-01-15,0.3561643835616438,0.045,,LPSN270115C00003000,,,,,,False,,,0.0,0.0,0.45,0.45,mid=last (no valid bid/ask),False,,,0.8038010599438765,,,,,,,,,,,,,,,,,,,,,,,0.5,0.5,2.0,21,2.766967363669784,pullback,bull_ema8_pullback,11.0,strong_setup,close_above_ema21;ema8_above_ema21;ema21_above_ema50;ema8_slope_positive;ema21_slope_positive;relative_strength_positive;atr_pullback_controlled,ema50_above_ema200;low_near_ema8;low_near_ema21;recent_2_5_day_pullback;reclaimed_ema8;close_upper_half_range;volume_above_20d_average,3.0999999046325684,3.0999999046325684,3.0999999046325684,3.0999999046325684,3.0999999046325684,2.991461655505761,2.766967363669784,2.4784592689723066,2.6429702457920645,0.031010928321944853,0.03330325409627877,0.025369005537153377,0.16999997411455428,,0.035012339505111074,0.45395622038703487,QQQ,"SPY,QQQ",50.0,770.1900024414062,757.749642905043,True,718.9600219726562,710.4548482967451,True
LPSN,credit,pullup,bear_failed_reclaim,2,reject,NO,SETUP_REJECT,setup_score_below_near_miss_threshold,close_below_ema21;ema8_below_ema21;ema21_below_ema50;ema8_slope_negative;ema21_slope_negative;high_near_ema8;high_near_ema21;recent_2_5_day_bounce;failed_ema8_reclaim;close_lower_half_range;relative_weakness_negative;volume_above_20d_average,3.0999999046325684,,-1,,,,,,,,,,,,,,,,,0,0,0,0,0.035012339505111074,0.1074298552284174,0.638460386197877,1.9590152451339256,0.09575933267691306,0.18883522075057002,0.0,0.0548387030143163,True,False,"SPY: close=770.19, ema50=757.75, above=true; QQQ: close=718.96, ema50=710.45, above=true",,,setup_score_below_near_miss_threshold,,,SETUP_REJECT,False,setup_score_below_near_miss_threshold,,,0.045,,,,,,,,False,,,,,,,,False,,,,,,,,,,,,,,,,,,,,,,,,,,0.5,0.5,2.0,21,2.766967363669784,pullup,bear_failed_reclaim,2.0,reject,ema50_below_ema200;atr_bounce_controlled,close_below_ema21;ema8_below_ema21;ema21_below_ema50;ema8_slope_negative;ema21_slope_negative;high_near_ema8;high_near_ema21;recent_2_5_day_bounce;failed_ema8_reclaim;close_lower_half_range;relative_weakness_negative;volume_above_20d_average,3.0999999046325684,3.0999999046325684,3.0999999046325684,3.0999999046325684,3.0999999046325684,2.991461655505761,2.766967363669784,2.4784592689723066,2.6429702457920645,0.031010928321944853,0.03330325409627877,0.025369005537153377,0.16999997411455428,,-0.035012339505111074,0.45395622038703487,QQQ,"SPY,QQQ",50.0,770.1900024414062,757.749642905043,True,718.9600219726562,710.4548482967451,True
LQD,debit,pullback,bull_breakout_pullback,6,watchlist,NO,SETUP_REJECT,watchlist setup; below option evaluation threshold,close_above_ema21;ema8_above_ema21;ema21_above_ema50;ema50_above_ema200;ema8_slope_positive;ema21_slope_positive;reclaimed_ema8;close_upper_half_range;relative_strength_positive;volume_above_20d_average,105.4800033569336,,-1,,,,,,,,,,,,,,,,,0,0,0,0,0.002773905633930412,0.005966472606894821,0.6438154824538056,1.360308016194849,-0.011711929840797275,-0.004413131943332482,0.7761623190872647,0.004455827273307324,True,False,"SPY: close=770.19, ema50=757.75, above=true; QQQ: close=718.96, ema50=710.45, above=true",,,watchlist setup; below option evaluation threshold,,,SETUP_REJECT,False,watchlist setup; below option evaluation threshold,,,0.045,,,,,,,,False,,,,,,,,False,,,,,,,,,,,,,,,,,,,,,,,,,,0.5,0.5,2.0,21,106.10934690753791,pullback,bull_breakout_pullback,6.0,watchlist,low_near_ema8;low_near_ema21;recent_2_5_day_pullback;atr_pullback_controlled,close_above_ema21;ema8_above_ema21;ema21_above_ema50;ema50_above_ema200;ema8_slope_positive;ema21_slope_positive;reclaimed_ema8;close_upper_half_range;relative_strength_positive;volume_above_20d_average,105.55999755859375,105.68000030517578,105.47000122070312,105.4800033569336,105.5,105.77259493251239,106.10934690753791,106.74117629763661,108.48774739780576,-0.08359759302251746,-0.06293435506043465,-0.051476446559306055,0.4700006757463728,0.047629427792915534,-0.002773905633930412,-0.061206512306289707,QQQ,"SPY,QQQ",50.0,770.1900024414062,757.749642905043,True,718.9600219726562,710.4548482967451,True
LQD,credit,pullup,bear_ema8_rejection,18,strong_setup,NO,LIQUIDITY_REJECT,short leg bid<0.05 (bid=0.01),failed_ema8_reclaim;volume_above_20d_average,105.4800033569336,2026-12-18,102,,109.0,,,,,,,,,,,,,1.8666666666666665,,2001,66762,0,0,0.002773905633930412,0.005966472606894821,0.19700956214491994,0.9135020958859634,-0.011711929840797275,-0.004413131943332482,0.7761623190872647,0.004455827273307324,True,False,"SPY: close=770.19, ema50=757.75, above=true; QQQ: close=718.96, ema50=710.45, above=true",,,short leg bid<0.05 (bid=0.01),,,,False,short leg bid<0.05 (bid=0.01),2026-12-18,0.27945205479452057,0.045,,LQD261218C00109000,,,,,,False,,,0.01,0.29,0.3,0.15,"mid=avg(bid,ask)",True,0.06153282226562501,,0.05554137389071417,,,,,,,,,,,,,,,,,,,,,,,0.5,0.5,2.0,21,106.10934690753791,pullup,bear_ema8_rejection,18.0,strong_setup,close_below_ema21;ema8_below_ema21;ema21_below_ema50;ema50_below_ema200;ema8_slope_negative;ema21_slope_negative;high_near_ema8;high_near_ema21;recent_2_5_day_bounce;close_lower_half_range;relative_weakness_negative;atr_bounce_controlled,failed_ema8_reclaim;volume_above_20d_average,105.55999755859375,105.68000030517578,105.47000122070312,105.4800033569336,105.5,105.77259493251239,106.10934690753791,106.74117629763661,108.48774739780576,-0.08359759302251746,-0.06293435506043465,-0.051476446559306055,0.4700006757463728,0.047629427792915534,0.002773905633930412,-0.061206512306289707,QQQ,"SPY,QQQ",50.0,770.1900024414062,757.749642905043,True,718.9600219726562,710.4548482967451,True
LRCX,debit,pullback,bull_continuation,11,strong_setup,NO,LIQUIDITY_REJECT,"short leg illiquid (vol=1, oi=3)",close_above_ema21;ema8_above_ema21;ema21_above_ema50;ema21_slope_positive;low_near_ema21;recent_2_5_day_pullback,307.6499938964844,2026-12-18,102,,1380.0,,,,,,,,,,,,,0.20855057351407716,,1,3,0,0,0.01960085941875447,0.0014807892007891177,0.30038959731950604,0.7599076345824122,0.01551460245078129,-0.006254672510084158,1.118782708711455,0.04587773908749102,True,False,"SPY: close=770.19, ema50=757.75, above=true; QQQ: close=718.96, ema50=710.45, above=true",,,"short leg illiquid (vol=1, oi=3)",,,,False,"short leg illiquid (vol=1, oi=3)",2026-12-18,0.27945205479452057,0.045,,LRCX261218C01380000,,,,,,False,,,42.95,52.95,67.75,47.95,"mid=avg(bid,ask)",True,2.492282822036743,,0.8296563763832012,,,,,,,,,,,,,,,,,,,,,,,0.5,0.5,2.0,21,308.1055586850691,pullback,bull_continuation,11.0,strong_setup,ema50_above_ema200;ema8_slope_positive;low_near_ema8;reclaimed_ema8;close_upper_half_range;relative_strength_positive;volume_above_20d_average;atr_pullback_controlled,close_above_ema21;ema8_above_ema21;ema21_above_ema50;ema21_slope_positive;low_near_ema21;recent_2_5_day_pullback,303.4700012207031,310.29998779296875,297.3800048828125,307.6499938964844,292.6600036621094,301.6197896159387,308.1055586850691,313.8929934000467,280.7440276877334,1.7229155087273398,-0.04555647885848657,-0.2548163062677986,14.114286150251116,0.7948918419697564,0.01960085941875447,-0.0803997973302012,QQQ,"SPY,QQQ",50.0,770.1900024414062,757.749642905043,True,718.9600219726562,710.4548482967451,True
LRCX,credit,pullup,bear_ema21_rejection,13,strong_setup,NO,LIQUIDITY_REJECT,"short leg illiquid (vol=4, oi=410)",ema50_below_ema200;ema8_slope_negative;high_near_ema8;recent_2_5_day_bounce;failed_ema8_reclaim;close_lower_half_range,307.6499938964844,2026-12-18,102,,410.0,,,,,,,,,,,,,0.21261261261261255,,4,410,0,0,0.01960085941875447,0.0014807892007891177,0.6149937789716415,0.15547574170873535,0.01551460245078129,-0.006254672510084158,1.118782708711455,0.04587773908749102,True,False,"SPY: close=770.19, ema50=757.75, above=true; QQQ: close=718.96, ema50=710.45, above=true",,,"short leg illiquid (vol=4, oi=410)",,,,False,"short leg illiquid (vol=4, oi=410)",2026-12-18,0.27945205479452057,0.045,,LRCX261218C00410000,,,,,,False,,,12.4,15.35,13.75,13.875,"mid=avg(bid,ask)",True,0.6511875701904297,,0.8296563763832012,,,,,,,,,,,,,,,,,,,,,,,0.5,0.5,2.0,21,308.1055586850691,pullup,bear_ema21_rejection,13.0,strong_setup,close_below_ema21;ema8_below_ema21;ema21_below_ema50;ema21_slope_negative;high_near_ema21;relative_weakness_negative;volume_above_20d_average;atr_bounce_controlled,ema50_below_ema200;ema8_slope_negative;high_near_ema8;recent_2_5_day_bounce;failed_ema8_reclaim;close_lower_half_range,303.4700012207031,310.29998779296875,297.3800048828125,307.6499938964844,292.6600036621094,301.6197896159387,308.1055586850691,313.8929934000467,280.7440276877334,1.7229155087273398,-0.04555647885848657,-0.2548163062677986,14.114286150251116,0.7948918419697564,-0.01960085941875447,-0.0803997973302012,QQQ,"SPY,QQQ",50.0,770.1900024414062,757.749642905043,True,718.9600219726562,710.4548482967451,True
LSCC,debit,pullback,bull_ema8_reclaim,10,valid_setup,NO,LIQUIDITY_REJECT,"short leg illiquid (vol=1, oi=3)",close_above_ema21;ema8_above_ema21;ema21_above_ema50;ema21_slope_positive;low_near_ema21;recent_2_5_day_pullback;volume_above_20d_average,115.9000015258789,2026-12-18,102,,145.0,,,,,,,,,,,,,0.16438356164383564,,1,3,0,0,0.0031964371624744773,0.031277387350424096,0.19333765079062445,0.9819634529956164,0.00958044826705362,-0.10303811193856727,0.6894094981915996,0.043713792290982635,True,False,"SPY: close=770.19, ema50=757.75, above=true; QQQ: close=718.96, ema50=710.45, above=true",,,"short leg illiquid (vol=1, oi=3)",,,,False,"short leg illiquid (vol=1, oi=3)",2026-12-18,0.27945205479452057,0.045,,LSCC261218C00145000,,,,,,False,,,6.7,7.9,10.66,7.300000000000001,"mid=avg(bid,ask)",True,0.6675448284912111,,0.6676861736969536,,,,,,,,,,,,,,,,,,,,,,,0.5,0.5,2.0,21,119.52505076751856,pullback,bull_ema8_reclaim,10.0,valid_setup,ema50_above_ema200;ema8_slope_positive;low_near_ema8;reclaimed_ema8;close_upper_half_range;relative_strength_positive;atr_pullback_controlled,close_above_ema21;ema8_above_ema21;ema21_above_ema50;ema21_slope_positive;low_near_ema21;recent_2_5_day_pullback;volume_above_20d_average,115.91999816894531,117.01000213623047,114.55000305175781,115.9000015258789,113.62999725341797,115.52953445387074,119.52505076751856,124.61162487224846,115.72498566264954,0.10584773485948062,-0.3625049241639573,-0.3555764631171172,5.066428593226841,0.5487800717659573,0.0031964371624744773,-0.1608523231231933,QQQ,"SPY,QQQ",50.0,770.1900024414062,757.749642905043,True,718.9600219726562,710.4548482967451,True
LSCC,credit,pullup,bear_ema8_rejection,12,strong_setup,NO,LIQUIDITY_REJECT,"short leg illiquid (vol=20, oi=55)",ema50_below_ema200;ema8_slope_negative;high_near_ema21;recent_2_5_day_bounce;failed_ema8_reclaim;close_lower_half_range;volume_above_20d_average,115.9000015258789,2026-12-18,102,,155.0,,,,,,,,,,,,,0.49541284403669733,,20,55,0,0,0.0031964371624744773,0.031277387350424096,0.2922112993636038,0.4964145028413881,0.00958044826705362,-0.10303811193856727,0.6894094981915996,0.043713792290982635,True,False,"SPY: close=770.19, ema50=757.75, above=true; QQQ: close=718.96, ema50=710.45, above=true",,,"short leg illiquid (vol=20, oi=55)",,,,False,"short leg illiquid (vol=20, oi=55)",2026-12-18,0.27945205479452057,0.045,,LSCC261218C00155000,,,,,,False,,,4.1,6.8,7.4,5.449999999999999,"mid=avg(bid,ask)",True,0.6667513793945314,,0.6676861736969536,,,,,,,,,,,,,,,,,,,,,,,0.5,0.5,2.0,21,119.52505076751856,pullup,bear_ema8_rejection,12.0,strong_setup,close_below_ema21;ema8_below_ema21;ema21_below_ema50;ema21_slope_negative;high_near_ema8;relative_weakness_negative;atr_bounce_controlled,ema50_below_ema200;ema8_slope_negative;high_near_ema21;recent_2_5_day_bounce;failed_ema8_reclaim;close_lower_half_range;volume_above_20d_average,115.91999816894531,117.01000213623047,114.55000305175781,115.9000015258789,113.62999725341797,115.52953445387074,119.52505076751856,124.61162487224846,115.72498566264954,0.10584773485948062,-0.3625049241639573,-0.3555764631171172,5.066428593226841,0.5487800717659573,-0.0031964371624744773,-0.1608523231231933,QQQ,"SPY,QQQ",50.0,770.1900024414062,757.749642905043,True,718.9600219726562,710.4548482967451,True
MAR,debit,pullback,bull_continuation,3,reject,NO,SETUP_REJECT,setup_score_below_near_miss_threshold,close_above_ema21;ema8_above_ema21;ema21_above_ema50;ema8_slope_positive;ema21_slope_positive;low_near_ema8;low_near_ema21;reclaimed_ema8;close_upper_half_range;relative_strength_positive;volume_above_20d_average,336.510009765625,,-1,,,,,,,,,,,,,,,,,0,0,0,0,0.015259975519606927,0.04004592196079978,1.130282003896951,2.399936285755902,-0.045031887897979295,-0.043535925607138815,0.8349789035530111,0.01952180746785871,True,False,"SPY: close=770.19, ema50=757.75, above=true; QQQ: close=718.96, ema50=710.45, above=true",,,setup_score_below_near_miss_threshold,,,SETUP_REJECT,False,setup_score_below_near_miss_threshold,,,0.045,,,,,,,,False,,,,,,,,False,,,,,,,,,,,,,,,,,,,,,,,,,,0.5,0.5,2.0,21,349.9858633557272,pullback,bull_continuation,3.0,reject,ema50_above_ema200;recent_2_5_day_pullback;atr_pullback_controlled,close_above_ema21;ema8_above_ema21;ema21_above_ema50;ema8_slope_positive;ema21_slope_positive;low_near_ema8;low_near_ema21;reclaimed_ema8;close_upper_half_range;relative_strength_positive;volume_above_20d_average,334.2200012207031,339.29998779296875,334.2200012207031,336.510009765625,336.07000732421875,341.6451442767511,349.9858633557272,358.3071728890437,353.50681826460715,-1.4671812888932436,-1.3475853590102815,-0.8896801274864288,6.569283621651786,0.4507902751995963,-0.015259975519606927,-0.16515998812060118,QQQ,"SPY,QQQ",50.0,770.1900024414062,757.749642905043,True,718.9600219726562,710.4548482967451,True
MAR,credit,pullup,bear_ema8_rejection,15,strong_setup,NO,LIQUIDITY_REJECT,"short leg illiquid (vol=1, oi=93)",ema50_below_ema200;high_near_ema21;failed_ema8_reclaim;volume_above_20d_average,336.510009765625,2026-12-18,102,,380.0,,,,,,,,,,,,,0.7289719626168225,,1,93,0,0,0.015259975519606927,0.04004592196079978,0.35698816170045455,1.6266424435594053,-0.045031887897979295,-0.043535925607138815,0.8349789035530111,0.01952180746785871,True,False,"SPY: close=770.19, ema50=757.75, above=true; QQQ: close=718.96, ema50=710.45, above=true",,,"short leg illiquid (vol=1, oi=93)",,,,False,"short leg illiquid (vol=1, oi=93)",2026-12-18,0.27945205479452057,0.045,,MAR261218C00380000,,,,,,False,,,3.4,7.3,5.15,5.35,"mid=avg(bid,ask)",True,0.2999642758178711,,0.26645419274762777,,,,,,,,,,,,,,,,,,,,,,,0.5,0.5,2.0,21,349.9858633557272,pullup,bear_ema8_rejection,15.0,strong_setup,close_below_ema21;ema8_below_ema21;ema21_below_ema50;ema8_slope_negative;ema21_slope_negative;high_near_ema8;recent_2_5_day_bounce;close_lower_half_range;relative_weakness_negative;atr_bounce_controlled,ema50_below_ema200;high_near_ema21;failed_ema8_reclaim;volume_above_20d_average,334.2200012207031,339.29998779296875,334.2200012207031,336.510009765625,336.07000732421875,341.6451442767511,349.9858633557272,358.3071728890437,353.50681826460715,-1.4671812888932436,-1.3475853590102815,-0.8896801274864288,6.569283621651786,0.4507902751995963,0.015259975519606927,-0.16515998812060118,QQQ,"SPY,QQQ",50.0,770.1900024414062,757.749642905043,True,718.9600219726562,710.4548482967451,True
MARA,debit,pullback,bull_ema8_pullback,15,strong_setup,NO,LIQUIDITY_REJECT,"short leg illiquid (vol=28, oi=3277)",ema21_above_ema50;reclaimed_ema8;close_upper_half_range;volume_above_20d_average,11.3100004196167,2026-12-18,102,,16.0,,,,,,,,,,,,,0.08000000000000007,,28,3277,0,0,0.027264275228183397,0.036670540524836946,0.18984978432656582,0.2970771394926509,0.056449847935165165,0.12654091708947812,0.7628358450627396,0.08772262714196515,True,False,"SPY: close=770.19, ema50=757.75, above=true; QQQ: close=718.96, ema50=710.45, above=true",,,"short leg illiquid (vol=28, oi=3277)",,,,False,"short leg illiquid (vol=28, oi=3277)",2026-12-18,0.27945205479452057,0.045,,MARA261218C00016000,,,,,,False,,,0.84,0.91,0.86,0.875,"mid=avg(bid,ask)",True,0.90429783203125,,0.9372775862221125,,,,,,,,,,,,,,,,,,,,,,,0.5,0.5,2.0,21,10.895256590893222,pullback,bull_ema8_pullback,15.0,strong_setup,close_above_ema21;ema8_above_ema21;ema50_above_ema200;ema8_slope_positive;ema21_slope_positive;low_near_ema8;low_near_ema21;recent_2_5_day_pullback;relative_strength_positive;atr_pullback_controlled,ema21_above_ema50;reclaimed_ema8;close_upper_half_range;volume_above_20d_average,11.1899995803833,11.5,11.1899995803833,11.3100004196167,11.600000381469727,11.0016414553454,10.895256590893222,11.292546102681348,10.821508532140117,0.08810256122037252,0.04147438287234806,0.0007124210994025049,0.992142949785505,0.3870989574200376,0.027264275228183397,-0.1402318489671136,QQQ,"SPY,QQQ",50.0,770.1900024414062,757.749642905043,True,718.9600219726562,710.4548482967451,True
MARA,credit,pullup,bear_breakdown_retest,5,near_miss,NO,SETUP_REJECT,near_miss setup; below option evaluation threshold,close_below_ema21;ema8_below_ema21;ema50_below_ema200;ema8_slope_negative;ema21_slope_negative;high_near_ema8;high_near_ema21;failed_ema8_reclaim;relative_weakness_negative;volume_above_20d_average,11.3100004196167,,-1,,,,,,,,,,,,,,,,,0,0,0,0,0.027264275228183397,0.036670540524836946,0.5023051816901406,0.6095325368562257,0.056449847935165165,0.12654091708947812,0.7628358450627396,0.08772262714196515,True,False,"SPY: close=770.19, ema50=757.75, above=true; QQQ: close=718.96, ema50=710.45, above=true",,,near_miss setup; below option evaluation threshold,,,SETUP_REJECT,False,near_miss setup; below option evaluation threshold,,,0.045,,,,,,,,False,,,,,,,,False,,,,,,,,,,,,,,,,,,,,,,,,,,0.5,0.5,2.0,21,10.895256590893222,pullup,bear_breakdown_retest,5.0,near_miss,ema21_below_ema50;recent_2_5_day_bounce;close_lower_half_range;atr_bounce_controlled,close_below_ema21;ema8_below_ema21;ema50_below_ema200;ema8_slope_negative;ema21_slope_negative;high_near_ema8;high_near_ema21;failed_ema8_reclaim;relative_weakness_negative;volume_above_20d_average,11.1899995803833,11.5,11.1899995803833,11.3100004196167,11.600000381469727,11.0016414553454,10.895256590893222,11.292546102681348,10.821508532140117,0.08810256122037252,0.04147438287234806,0.0007124210994025049,0.992142949785505,0.3870989574200376,-0.027264275228183397,-0.1402318489671136,QQQ,"SPY,QQQ",50.0,770.1900024414062,757.749642905043,True,718.9600219726562,710.4548482967451,True
MBLY,debit,pullback,bull_ema8_reclaim,7,watchlist,NO,SETUP_REJECT,watchlist setup; below option evaluation threshold,close_above_ema21;ema8_above_ema21;ema21_above_ema50;ema21_slope_positive;low_near_ema8;low_near_ema21;relative_strength_positive;volume_above_20d_average,8.5600004196167,,-1,,,,,,,,,,,,,,,,,0,0,0,0,0.004031855178075739,0.007599708916003334,0.8745953423966208,1.169294523224366,-0.005862384223232708,-0.013843883250081457,0.7682203210666516,0.039469278677356924,True,False,"SPY: close=770.19, ema50=757.75, above=true; QQQ: close=718.96, ema50=710.45, above=true",,,watchlist setup; below option evaluation threshold,,,SETUP_REJECT,False,watchlist setup; below option evaluation threshold,,,0.045,,,,,,,,False,,,,,,,,False,,,,,,,,,,,,,,,,,,,,,,,,,,0.5,0.5,2.0,21,8.625053931126653,pullback,bull_ema8_reclaim,7.0,watchlist,ema50_above_ema200;ema8_slope_positive;recent_2_5_day_pullback;reclaimed_ema8;close_upper_half_range;atr_pullback_controlled,close_above_ema21;ema8_above_ema21;ema21_above_ema50;ema21_slope_positive;low_near_ema8;low_near_ema21;relative_strength_positive;volume_above_20d_average,8.3100004196167,8.59000015258789,8.229999542236328,8.5600004196167,8.319999694824219,8.525487737600537,8.625053931126653,8.738776905973907,8.581159750450572,0.009860766290332279,-0.006505351150995153,-0.0072969994431506535,0.3378570420401437,0.916667549696944,0.004031855178075739,-0.09988572349970604,QQQ,"SPY,QQQ",50.0,770.1900024414062,757.749642905043,True,718.9600219726562,710.4548482967451,True
MBLY,credit,pullup,bear_ema8_rejection,15,strong_setup,NO,LIQUIDITY_REJECT,short leg bid/ask too wide (116.4%>15.0%),ema50_below_ema200;ema8_slope_negative;failed_ema8_reclaim;close_lower_half_range;volume_above_20d_average,8.5600004196167,2026-11-20,74,,11.0,,,,,,,,,,,,,1.164179104477612,,232,2137,0,0,0.004031855178075739,0.007599708916003334,0.19094589415036736,0.10375328667737777,-0.005862384223232708,-0.013843883250081457,0.7682203210666516,0.039469278677356924,True,False,"SPY: close=770.19, ema50=757.75, above=true; QQQ: close=718.96, ema50=710.45, above=true",,,short leg bid/ask too wide (116.4%>15.0%),,,,False,short leg bid/ask too wide (116.4%>15.0%),2026-11-20,0.20273972602739726,0.045,,MBLY261120C00011000,,,,,,False,,,0.14,0.53,0.29,0.335,"mid=avg(bid,ask)",True,0.6689486230468751,,0.6925458148157919,,,,,,,,,,,,,,,,,,,,,,,0.5,0.5,2.0,21,8.625053931126653,pullup,bear_ema8_rejection,15.0,strong_setup,close_below_ema21;ema8_below_ema21;ema21_below_ema50;ema21_slope_negative;high_near_ema8;high_near_ema21;recent_2_5_day_bounce;relative_weakness_negative;atr_bounce_controlled,ema50_below_ema200;ema8_slope_negative;failed_ema8_reclaim;close_lower_half_range;volume_above_20d_average,8.3100004196167,8.59000015258789,8.229999542236328,8.5600004196167,8.319999694824219,8.525487737600537,8.625053931126653,8.738776905973907,8.581159750450572,0.009860766290332279,-0.006505351150995153,-0.0072969994431506535,0.3378570420401437,0.916667549696944,-0.004031855178075739,-0.09988572349970604,QQQ,"SPY,QQQ",50.0,770.1900024414062,757.749642905043,True,718.9600219726562,710.4548482967451,True
MCHP,debit,pullback,bull_continuation,10,valid_setup,NO,LIQUIDITY_REJECT,"short leg illiquid (vol=40, oi=291)",close_above_ema21;ema8_above_ema21;ema21_above_ema50;ema21_slope_positive;low_near_ema21;recent_2_5_day_pullback;volume_above_20d_average,74.16999816894531,2026-12-18,102,,87.5,,,,,,,,,,,,,0.2535211267605634,,40,291,0,0,0.006459516061924348,0.019063304599343328,0.19883496469239068,0.9815394373187422,0.013471136205286394,-0.11858868353915697,0.9498938778440831,0.032608502383570506,True,False,"SPY: close=770.19, ema50=757.75, above=true; QQQ: close=718.96, ema50=710.45, above=true",,,"short leg illiquid (vol=40, oi=291)",,,,False,"short leg illiquid (vol=40, oi=291)",2026-12-18,0.27945205479452057,0.045,,MCHP261218C00087500,,,,,,False,,,3.1,4.0,3.5,3.55,"mid=avg(bid,ask)",True,0.5061084545898438,,0.6020388396392425,,,,,,,,,,,,,,,,,,,,,,,0.5,0.5,2.0,21,75.58392343617265,pullback,bull_continuation,10.0,valid_setup,ema50_above_ema200;ema8_slope_positive;low_near_ema8;reclaimed_ema8;close_upper_half_range;relative_strength_positive;atr_pullback_controlled,close_above_ema21;ema8_above_ema21;ema21_above_ema50;ema21_slope_positive;low_near_ema21;recent_2_5_day_pullback;volume_above_20d_average,73.77999877929688,74.86000061035156,73.20999908447266,74.16999816894531,73.11000061035156,73.69089587446011,75.58392343617265,79.2281385389353,78.1848266515762,0.1368863698529168,-0.14139252672273983,-0.20645470897918017,2.418572562081473,0.5818170889031715,0.006459516061924348,-0.19272467182518782,QQQ,"SPY,QQQ",50.0,770.1900024414062,757.749642905043,True,718.9600219726562,710.4548482967451,True
MCHP,credit,pullup,bear_ema21_rejection,12,strong_setup,NO,LIQUIDITY_REJECT,"short leg illiquid (vol=96, oi=56)",ema50_below_ema200;ema8_slope_negative;high_near_ema8;recent_2_5_day_bounce;failed_ema8_reclaim;close_lower_half_range;volume_above_20d_average,74.16999816894531,2026-12-18,102,,92.5,,,,,,,,,,,,,0.17475728155339795,,96,56,0,0,0.006459516061924348,0.019063304599343328,0.4833862561002909,0.2993182165260606,0.013471136205286394,-0.11858868353915697,0.9498938778440831,0.032608502383570506,True,False,"SPY: close=770.19, ema50=757.75, above=true; QQQ: close=718.96, ema50=710.45, above=true",,,"short leg illiquid (vol=96, oi=56)",,,,False,"short leg illiquid (vol=96, oi=56)",2026-12-18,0.27945205479452057,0.045,,MCHP261218C00092500,,,,,,False,,,2.35,2.8,2.6,2.575,"mid=avg(bid,ask)",True,0.5070850073242188,,0.6020388396392425,,,,,,,,,,,,,,,,,,,,,,,0.5,0.5,2.0,21,75.58392343617265,pullup,bear_ema21_rejection,12.0,strong_setup,close_below_ema21;ema8_below_ema21;ema21_below_ema50;ema21_slope_negative;high_near_ema21;relative_weakness_negative;atr_bounce_controlled,ema50_below_ema200;ema8_slope_negative;high_near_ema8;recent_2_5_day_bounce;failed_ema8_reclaim;close_lower_half_range;volume_above_20d_average,73.77999877929688,74.86000061035156,73.20999908447266,74.16999816894531,73.11000061035156,73.69089587446011,75.58392343617265,79.2281385389353,78.1848266515762,0.1368863698529168,-0.14139252672273983,-0.20645470897918017,2.418572562081473,0.5818170889031715,-0.006459516061924348,-0.19272467182518782,QQQ,"SPY,QQQ",50.0,770.1900024414062,757.749642905043,True,718.9600219726562,710.4548482967451,True
MDB,debit,pullback,bull_continuation,5,near_miss,NO,SETUP_REJECT,near_miss setup; below option evaluation threshold,close_above_ema21;ema8_above_ema21;ema8_slope_positive;ema21_slope_positive;low_near_ema8;low_near_ema21;recent_2_5_day_pullback;reclaimed_ema8;close_upper_half_range;relative_strength_positive,368.739990234375,,-1,,,,,,,,,,,,,,,,,0,0,0,0,0.09235021937792245,0.10055159001823136,1.5312791392630638,1.6567996039910757,-0.17790787989711976,-0.06974702597250393,1.0646370204381255,0.06533891232860153,True,False,"SPY: close=770.19, ema50=757.75, above=true; QQQ: close=718.96, ema50=710.45, above=true",,,near_miss setup; below option evaluation threshold,,,SETUP_REJECT,False,near_miss setup; below option evaluation threshold,,,0.045,,,,,,,,False,,,,,,,,False,,,,,,,,,,,,,,,,,,,,,,,,,,0.5,0.5,2.0,21,405.8173825557485,pullback,bull_continuation,5.0,near_miss,ema21_above_ema50;ema50_above_ema200;volume_above_20d_average;atr_pullback_controlled,close_above_ema21;ema8_above_ema21;ema8_slope_positive;ema21_slope_positive;low_near_ema8;low_near_ema21;recent_2_5_day_pullback;reclaimed_ema8;close_upper_half_range;relative_strength_positive,378.3399963378906,381.25,365.8999938964844,368.739990234375,384.45001220703125,402.7932092259325,405.8173825557485,381.69630805638326,319.70935960393695,-9.72949114044502,-3.707739232137328,-0.5288292988574312,24.093069893973215,0.18501597450441262,-0.09235021937792245,0.02231740853956099,QQQ,"SPY,QQQ",50.0,770.1900024414062,757.749642905043,True,718.9600219726562,710.4548482967451,True
MDB,credit,pullup,bear_ema8_rejection,11,strong_setup,NO,LIQUIDITY_REJECT,"short leg illiquid (vol=3, oi=86)",ema21_below_ema50;ema50_below_ema200;high_near_ema8;high_near_ema21;recent_2_5_day_bounce;failed_ema8_reclaim,368.739990234375,2026-12-18,102,,480.0,,,,,,,,,,,,,0.28228228228228225,,3,86,0,0,0.09235021937792245,0.10055159001823136,0.8941662196116179,1.01968668433963,-0.17790787989711976,-0.06974702597250393,1.0646370204381255,0.06533891232860153,True,False,"SPY: close=770.19, ema50=757.75, above=true; QQQ: close=718.96, ema50=710.45, above=true",,,"short leg illiquid (vol=3, oi=86)",,,,False,"short leg illiquid (vol=3, oi=86)",2026-12-18,0.27945205479452057,0.045,,MDB261218C00480000,,,,,,False,,,14.3,19.0,16.25,16.65,"mid=avg(bid,ask)",True,0.6222266781616211,,0.6679841367413859,,,,,,,,,,,,,,,,,,,,,,,0.5,0.5,2.0,21,405.8173825557485,pullup,bear_ema8_rejection,11.0,strong_setup,close_below_ema21;ema8_below_ema21;ema8_slope_negative;ema21_slope_negative;close_lower_half_range;relative_weakness_negative;volume_above_20d_average;atr_bounce_controlled,ema21_below_ema50;ema50_below_ema200;high_near_ema8;high_near_ema21;recent_2_5_day_bounce;failed_ema8_reclaim,378.3399963378906,381.25,365.8999938964844,368.739990234375,384.45001220703125,402.7932092259325,405.8173825557485,381.69630805638326,319.70935960393695,-9.72949114044502,-3.707739232137328,-0.5288292988574312,24.093069893973215,0.18501597450441262,0.09235021937792245,0.02231740853956099,QQQ,"SPY,QQQ",50.0,770.1900024414062,757.749642905043,True,718.9600219726562,710.4548482967451,True
META,debit,pullback,bull_ema8_pullback,10,valid_setup,NO,LIQUIDITY_REJECT,"short leg illiquid (vol=13, oi=488)",ema21_above_ema50;ema50_above_ema200;low_near_ema8;low_near_ema21;recent_2_5_day_pullback;reclaimed_ema8;volume_above_20d_average,616.77001953125,2026-12-18,102,,710.0,,,,,,,,,,,,,0.02688728024819022,,13,488,0,0,0.04113671775443241,0.05377156255233332,0.7418974843937575,1.1586721357240448,0.06350776086055498,0.04729443378213427,0.9961426317142718,0.030315770783017216,True,False,"SPY: close=770.19, ema50=757.75, above=true; QQQ: close=718.96, ema50=710.45, above=true",,,"short leg illiquid (vol=13, oi=488)",,,,False,"short leg illiquid (vol=13, oi=488)",2026-12-18,0.27945205479452057,0.045,,META261218C00710000,,,,,,False,,,23.85,24.5,23.78,24.175,"mid=avg(bid,ask)",True,0.4278621667480469,,0.4516419189409183,,,,,,,,,,,,,,,,,,,,,,,0.5,0.5,2.0,21,583.6053318456215,pullback,bull_ema8_pullback,10.0,valid_setup,close_above_ema21;ema8_above_ema21;ema8_slope_positive;ema21_slope_positive;close_upper_half_range;relative_strength_positive;atr_pullback_controlled,ema21_above_ema50;ema50_above_ema200;low_near_ema8;low_near_ema21;recent_2_5_day_pullback;reclaimed_ema8;volume_above_20d_average,612.3499755859375,617.4600219726562,605.27001953125,616.77001953125,610.6799926757812,591.3981253183972,583.6053318456215,589.7581974708378,617.459585667024,7.249112632243623,3.3164687685627996,1.1025233494045779,18.697858537946427,0.9433960374722739,0.04113671775443241,0.04376712077239797,QQQ,"SPY,QQQ",50.0,770.1900024414062,757.749642905043,True,718.9600219726562,710.4548482967451,True
META,credit,pullup,bear_continuation,4,near_miss,NO,SETUP_REJECT,near_miss setup; below option evaluation threshold,close_below_ema21;ema8_below_ema21;ema8_slope_negative;ema21_slope_negative;high_near_ema8;high_near_ema21;recent_2_5_day_bounce;failed_ema8_reclaim;close_lower_half_range;relative_weakness_negative;volume_above_20d_average,616.77001953125,,-1,,,,,,,,,,,,,,,,,0,0,0,0,0.04113671775443241,0.05377156255233332,1.3938439314517033,1.8106185827819905,0.06350776086055498,0.04729443378213427,0.9961426317142718,0.030315770783017216,True,False,"SPY: close=770.19, ema50=757.75, above=true; QQQ: close=718.96, ema50=710.45, above=true",,,near_miss setup; below option evaluation threshold,,,SETUP_REJECT,False,near_miss setup; below option evaluation threshold,,,0.045,,,,,,,,False,,,,,,,,False,,,,,,,,,,,,,,,,,,,,,,,,,,0.5,0.5,2.0,21,583.6053318456215,pullup,bear_continuation,4.0,near_miss,ema21_below_ema50;ema50_below_ema200;atr_bounce_controlled,close_below_ema21;ema8_below_ema21;ema8_slope_negative;ema21_slope_negative;high_near_ema8;high_near_ema21;recent_2_5_day_bounce;failed_ema8_reclaim;close_lower_half_range;relative_weakness_negative;volume_above_20d_average,612.3499755859375,617.4600219726562,605.27001953125,616.77001953125,610.6799926757812,591.3981253183972,583.6053318456215,589.7581974708378,617.459585667024,7.249112632243623,3.3164687685627996,1.1025233494045779,18.697858537946427,0.9433960374722739,-0.04113671775443241,0.04376712077239797,QQQ,"SPY,QQQ",50.0,770.1900024414062,757.749642905043,True,718.9600219726562,710.4548482967451,True
MPWR,debit,pullback,bull_continuation,5,near_miss,NO,SETUP_REJECT,near_miss setup; below option evaluation threshold,close_above_ema21;ema8_above_ema21;ema21_above_ema50;ema8_slope_positive;ema21_slope_positive;low_near_ema8;low_near_ema21;reclaimed_ema8;relative_strength_positive,1223.8599853515625,,-1,,,,,,,,,,,,,,,,,0,0,0,0,0.01979228733753468,0.055953493044378695,0.8817901502613826,1.8213995732199555,-0.029322298379289347,-0.12114576958900147,1.0971174155777002,0.03848535872807903,True,False,"SPY: close=770.19, ema50=757.75, above=true; QQQ: close=718.96, ema50=710.45, above=true",,,near_miss setup; below option evaluation threshold,,,SETUP_REJECT,False,near_miss setup; below option evaluation threshold,,,0.045,,,,,,,,False,,,,,,,,False,,,,,,,,,,,,,,,,,,,,,,,,,,0.5,0.5,2.0,21,1292.3392265292246,pullback,bull_continuation,5.0,near_miss,ema50_above_ema200;recent_2_5_day_pullback;close_upper_half_range;volume_above_20d_average;atr_pullback_controlled,close_above_ema21;ema8_above_ema21;ema21_above_ema50;ema8_slope_positive;ema21_slope_positive;low_near_ema8;low_near_ema21;reclaimed_ema8;relative_strength_positive,1239.1300048828125,1239.1300048828125,1206.550048828125,1223.8599853515625,1213.6500244140625,1248.0829738425516,1292.3392265292246,1338.6419814494586,1294.4467381476052,-6.92085385456835,-6.847924117766297,-4.684979432567161,47.10069056919643,0.5313063189643867,-0.01979228733753468,-0.20558881161306886,QQQ,"SPY,QQQ",50.0,770.1900024414062,757.749642905043,True,718.9600219726562,710.4548482967451,True
MPWR,credit,pullup,bear_ema8_rejection,15,strong_setup,NO,LIQUIDITY_REJECT,"short leg illiquid (vol=1, oi=2)",ema50_below_ema200;high_near_ema21;failed_ema8_reclaim;close_lower_half_range,1223.8599853515625,2026-12-18,102,,1560.0,,,,,,,,,,,,,0.348813209494324,,1,2,0,0,0.01979228733753468,0.055953493044378695,0.19008147973087888,1.1296909026894517,-0.029322298379289347,-0.12114576958900147,1.0971174155777002,0.03848535872807903,True,False,"SPY: close=770.19, ema50=757.75, above=true; QQQ: close=718.96, ema50=710.45, above=true",,,"short leg illiquid (vol=1, oi=2)",,,,False,"short leg illiquid (vol=1, oi=2)",2026-12-18,0.27945205479452057,0.045,,MPWR261218C01560000,,,,,,False,,,40.0,56.9,52.5,48.45,"mid=avg(bid,ask)",True,0.5633893759155274,,0.6271070872696397,,,,,,,,,,,,,,,,,,,,,,,0.5,0.5,2.0,21,1292.3392265292246,pullup,bear_ema8_rejection,15.0,strong_setup,close_below_ema21;ema8_below_ema21;ema21_below_ema50;ema8_slope_negative;ema21_slope_negative;high_near_ema8;recent_2_5_day_bounce;relative_weakness_negative;volume_above_20d_average;atr_bounce_controlled,ema50_below_ema200;high_near_ema21;failed_ema8_reclaim;close_lower_half_range,1239.1300048828125,1239.1300048828125,1206.550048828125,1223.8599853515625,1213.6500244140625,1248.0829738425516,1292.3392265292246,1338.6419814494586,1294.4467381476052,-6.92085385456835,-6.847924117766297,-4.684979432567161,47.10069056919643,0.5313063189643867,0.01979228733753468,-0.20558881161306886,QQQ,"SPY,QQQ",50.0,770.1900024414062,757.749642905043,True,718.9600219726562,710.4548482967451,True
MRVL,debit,pullback,bull_ema8_reclaim,13,strong_setup,NO,PRICING_REJECT,spread mid/width too high (24.4%>20.0%),ema8_above_ema21;low_near_ema8;low_near_ema21;recent_2_5_day_pullback;volume_above_20d_average,223.5500030517578,2026-12-18,102,240.0,290.0,50.0,12.200000000000001,13.100000000000001,0.9000000000000004,87.6775535751909,good,0.24400000000000002,,,,,,0.07050092764378474,0.03310613437195721,76,1279,78,2372,0.021046207238733156,0.011868524733141305,0.4966274875559198,0.6243892186924239,0.028460103542955917,0.027712135376051328,0.8644967153988771,0.07183436248046894,True,False,"SPY: close=770.19, ema50=757.75, above=true; QQQ: close=718.96, ema50=710.45, above=true",,,spread mid/width too high (24.4%>20.0%),,,PRICING_REJECT,False,spread mid/width too high (24.4%>20.0%),2026-12-18,0.27945205479452057,0.045,MRVL261218C00240000,MRVL261218C00290000,25.25,26.1,25.36,25.675,"mid=avg(bid,ask)",True,0.6809419113159182,,13.0,13.95,12.96,13.475,"mid=avg(bid,ask)",True,0.7017852087402343,,0.9643200940665836,,,,,,,,,,,,,,,,,,,,,,,0.5,0.5,2.0,21,220.8967943114442,pullback,bull_ema8_reclaim,13.0,strong_setup,close_above_ema21;ema21_above_ema50;ema50_above_ema200;ema8_slope_positive;ema21_slope_positive;reclaimed_ema8;close_upper_half_range;relative_strength_positive;atr_pullback_controlled,ema8_above_ema21;low_near_ema8;low_near_ema21;recent_2_5_day_pullback;volume_above_20d_average,211.66000366210938,223.6699981689453,210.8699951171875,223.5500030517578,208.8300018310547,218.8451233593111,220.8967943114442,219.52890562695706,168.7159049416818,1.34425134069906,0.2653208740313744,0.1641264255020758,16.05857195172991,0.9906253837048092,0.021046207238733156,-0.15139730086999048,QQQ,"SPY,QQQ",50.0,770.1900024414062,757.749642905043,True,718.9600219726562,710.4548482967451,True
MRVL,credit,pullup,bear_ema8_rejection,7,watchlist,NO,SETUP_REJECT,watchlist setup; below option evaluation threshold,close_below_ema21;ema21_below_ema50;ema50_below_ema200;ema8_slope_negative;ema21_slope_negative;recent_2_5_day_bounce;failed_ema8_reclaim;close_lower_half_range;relative_weakness_negative;volume_above_20d_average,223.5500030517578,,-1,,,,,,,,,,,,,,,,,0,0,0,0,0.021046207238733156,0.011868524733141305,0.3004547866483523,0.1726930555118482,0.028460103542955917,0.027712135376051328,0.8644967153988771,0.07183436248046894,True,False,"SPY: close=770.19, ema50=757.75, above=true; QQQ: close=718.96, ema50=710.45, above=true",,,watchlist setup; below option evaluation threshold,,,SETUP_REJECT,False,watchlist setup; below option evaluation threshold,,,0.045,,,,,,,,False,,,,,,,,False,,,,,,,,,,,,,,,,,,,,,,,,,,0.5,0.5,2.0,21,220.8967943114442,pullup,bear_ema8_rejection,7.0,watchlist,ema8_below_ema21;high_near_ema8;high_near_ema21;atr_bounce_controlled,close_below_ema21;ema21_below_ema50;ema50_below_ema200;ema8_slope_negative;ema21_slope_negative;recent_2_5_day_bounce;failed_ema8_reclaim;close_lower_half_range;relative_weakness_negative;volume_above_20d_average,211.66000366210938,223.6699981689453,210.8699951171875,223.5500030517578,208.8300018310547,218.8451233593111,220.8967943114442,219.52890562695706,168.7159049416818,1.34425134069906,0.2653208740313744,0.1641264255020758,16.05857195172991,0.9906253837048092,-0.021046207238733156,-0.15139730086999048,QQQ,"SPY,QQQ",50.0,770.1900024414062,757.749642905043,True,718.9600219726562,710.4548482967451,True
MSFT,debit,pullback,bull_ema8_pullback,14,strong_setup,NO,PRICING_REJECT,spread mid/width too high (34.2%>20.0%),ema8_slope_positive;low_near_ema21;reclaimed_ema8;close_upper_half_range;volume_above_20d_average,499.70001220703125,2026-12-18,102,510.0,555.0,45.0,15.375,16.450000000000003,1.0750000000000028,87.23230237330199,good,0.3416666666666667,,,,,,0.06766917293233085,0.043591979075850044,798,2102,54,2068,0.0028854696151634877,0.02148770567092828,0.176525101536805,1.0300255956873785,-0.030462712041262274,0.005049130932620383,0.785966669993275,0.02020070548395954,True,False,"SPY: close=770.19, ema50=757.75, above=true; QQQ: close=718.96, ema50=710.45, above=true",,,spread mid/width too high (34.2%>20.0%),,,PRICING_REJECT,False,spread mid/width too high (34.2%>20.0%),2026-12-18,0.27945205479452057,0.045,MSFT261218C00510000,MSFT261218C00555000,28.05,29.3,28.5,28.675,"mid=avg(bid,ask)",True,0.3200293827819824,,12.85,13.75,13.22,13.3,"mid=avg(bid,ask)",True,0.3101417863464356,,0.42057505865608114,,,,,,,,,,,,,,,,,,,,,,,0.5,0.5,2.0,21,488.9626054209673,pullback,bull_ema8_pullback,14.0,strong_setup,close_above_ema21;ema8_above_ema21;ema21_above_ema50;ema50_above_ema200;ema21_slope_positive;low_near_ema8;recent_2_5_day_pullback;relative_strength_positive;atr_pullback_controlled,ema8_slope_positive;low_near_ema21;reclaimed_ema8;close_upper_half_range;volume_above_20d_average,510.0,511.0,499.3599853515625,499.70001220703125,510.1199951171875,501.14188140895146,488.9626054209673,460.44555354747547,423.964041257894,-0.41196262912006887,1.0737406786063843,1.6022228024308447,10.094292776925224,0.02921189240207645,-0.0028854696151634877,0.22112150213486315,QQQ,"SPY,QQQ",50.0,770.1900024414062,757.749642905043,True,718.9600219726562,710.4548482967451,True
MSFT,credit,pullup,bear_failed_reclaim,6,watchlist,NO,SETUP_REJECT,watchlist setup; below option evaluation threshold,close_below_ema21;ema8_below_ema21;ema21_below_ema50;ema50_below_ema200;ema21_slope_negative;high_near_ema8;high_near_ema21;failed_ema8_reclaim;volume_above_20d_average,499.70001220703125,,-1,,,,,,,,,,,,,,,,,0,0,0,0,0.0028854696151634877,0.02148770567092828,0.9766031963708679,2.1831538935950516,-0.030462712041262274,0.005049130932620383,0.785966669993275,0.02020070548395954,True,False,"SPY: close=770.19, ema50=757.75, above=true; QQQ: close=718.96, ema50=710.45, above=true",,,watchlist setup; below option evaluation threshold,,,SETUP_REJECT,False,watchlist setup; below option evaluation threshold,,,0.045,,,,,,,,False,,,,,,,,False,,,,,,,,,,,,,,,,,,,,,,,,,,0.5,0.5,2.0,21,488.9626054209673,pullup,bear_failed_reclaim,6.0,watchlist,ema8_slope_negative;recent_2_5_day_bounce;close_lower_half_range;relative_weakness_negative;atr_bounce_controlled,close_below_ema21;ema8_below_ema21;ema21_below_ema50;ema50_below_ema200;ema21_slope_negative;high_near_ema8;high_near_ema21;failed_ema8_reclaim;volume_above_20d_average,510.0,511.0,499.3599853515625,499.70001220703125,510.1199951171875,501.14188140895146,488.9626054209673,460.44555354747547,423.964041257894,-0.41196262912006887,1.0737406786063843,1.6022228024308447,10.094292776925224,0.02921189240207645,0.0028854696151634877,0.22112150213486315,QQQ,"SPY,QQQ",50.0,770.1900024414062,757.749642905043,True,718.9600219726562,710.4548482967451,True
MSOS,debit,pullback,bull_ema8_reclaim,16,strong_setup,NO,LIQUIDITY_REJECT,"short leg illiquid (vol=45, oi=11066)",low_near_ema8;low_near_ema21;recent_2_5_day_pullback,5.110000133514404,2026-12-18,102,,5.0,,,,,,,,,,,,,0.23529411764705876,,45,11066,0,0,0.030296563000384944,0.061240626978752585,0.3588762570282255,0.39589303333356807,0.02051673024997891,0.1722957652646554,1.002881333179918,0.0409980432080574,True,False,"SPY: close=770.19, ema50=757.75, above=true; QQQ: close=718.96, ema50=710.45, above=true",,,"short leg illiquid (vol=45, oi=11066)",,,,False,"short leg illiquid (vol=45, oi=11066)",2026-12-18,0.27945205479452057,0.045,,MSOS261218C00005000,,,,,,False,,,0.75,0.95,0.84,0.85,"mid=avg(bid,ask)",True,0.7460962890625,,0.5134945735222146,,,,,,,,,,,,,,,,,,,,,,,0.5,0.5,2.0,21,4.797060521476473,pullback,bull_ema8_reclaim,16.0,strong_setup,close_above_ema21;ema8_above_ema21;ema21_above_ema50;ema50_above_ema200;ema8_slope_positive;ema21_slope_positive;reclaimed_ema8;close_upper_half_range;relative_strength_positive;volume_above_20d_average;atr_pullback_controlled,low_near_ema8;low_near_ema21;recent_2_5_day_pullback,4.949999809265137,5.110000133514404,4.880000114440918,5.110000133514404,4.949999809265137,4.95518469253741,4.797060521476473,4.6748903212931445,4.336244021719282,0.04423298313628443,0.0312939612037928,0.017759584172296172,0.20950000626700266,1.0,0.030296563000384944,-0.0830701936977929,QQQ,"SPY,QQQ",50.0,770.1900024414062,757.749642905043,True,718.9600219726562,710.4548482967451,True
MSOS,credit,pullup,bear_continuation,2,reject,NO,SETUP_REJECT,setup_score_below_near_miss_threshold,close_below_ema21;ema8_below_ema21;ema21_below_ema50;ema50_below_ema200;ema8_slope_negative;ema21_slope_negative;high_near_ema8;high_near_ema21;recent_2_5_day_bounce;failed_ema8_reclaim;close_lower_half_range;relative_weakness_negative,5.110000133514404,,-1,,,,,,,,,,,,,,,,,0,0,0,0,0.030296563000384944,0.061240626978752585,0.7389758298130364,1.49374512017483,0.02051673024997891,0.1722957652646554,1.002881333179918,0.0409980432080574,True,False,"SPY: close=770.19, ema50=757.75, above=true; QQQ: close=718.96, ema50=710.45, above=true",,,setup_score_below_near_miss_threshold,,,SETUP_REJECT,False,setup_score_below_near_miss_threshold,,,0.045,,,,,,,,False,,,,,,,,False,,,,,,,,,,,,,,,,,,,,,,,,,,0.5,0.5,2.0,21,4.797060521476473,pullup,bear_continuation,2.0,reject,volume_above_20d_average;atr_bounce_controlled,close_below_ema21;ema8_below_ema21;ema21_below_ema50;ema50_below_ema200;ema8_slope_negative;ema21_slope_negative;high_near_ema8;high_near_ema21;recent_2_5_day_bounce;failed_ema8_reclaim;close_lower_half_range;relative_weakness_negative,4.949999809265137,5.110000133514404,4.880000114440918,5.110000133514404,4.949999809265137,4.95518469253741,4.797060521476473,4.6748903212931445,4.336244021719282,0.04423298313628443,0.0312939612037928,0.017759584172296172,0.20950000626700266,1.0,-0.030296563000384944,-0.0830701936977929,QQQ,"SPY,QQQ",50.0,770.1900024414062,757.749642905043,True,718.9600219726562,710.4548482967451,True
MTCH,debit,pullback,bull_ema8_pullback,15,strong_setup,NO,LIQUIDITY_REJECT,"short leg illiquid (vol=2, oi=63)",low_near_ema21;reclaimed_ema8;close_upper_half_range;volume_above_20d_average,41.86000061035156,2026-12-18,102,,47.5,,,,,,,,,,,,,0.7692307692307692,,2,63,0,0,0.004062838610253912,0.030448449915922528,0.09325982077488879,0.802991378036129,0.0032025374095767667,0.12908595571115555,0.618574304112117,0.029439973235932317,True,False,"SPY: close=770.19, ema50=757.75, above=true; QQQ: close=718.96, ema50=710.45, above=true",,,"short leg illiquid (vol=2, oi=63)",,,,False,"short leg illiquid (vol=2, oi=63)",2026-12-18,0.27945205479452057,0.045,,MTCH261218C00047500,,,,,,False,,,0.8,1.8,1.35,1.3,"mid=avg(bid,ask)",True,0.4243221630859375,,0.35808623704740095,,,,,,,,,,,,,,,,,,,,,,,0.5,0.5,2.0,21,40.58542847828679,pullback,bull_ema8_pullback,15.0,strong_setup,close_above_ema21;ema8_above_ema21;ema21_above_ema50;ema50_above_ema200;ema8_slope_positive;ema21_slope_positive;low_near_ema8;recent_2_5_day_pullback;relative_strength_positive;atr_pullback_controlled,low_near_ema21;reclaimed_ema8;close_upper_half_range;volume_above_20d_average,42.27000045776367,42.38999938964844,41.57500076293945,41.86000061035156,42.43000030517578,41.689930183646574,40.58542847828679,39.17455648954738,35.54399779572591,0.04859155048713859,0.1274572132064833,0.10960996411446189,1.2323572976248605,0.34969365355001475,0.004062838610253912,0.18220340025608484,QQQ,"SPY,QQQ",50.0,770.1900024414062,757.749642905043,True,718.9600219726562,710.4548482967451,True
MTCH,credit,pullup,bear_breakdown_retest,3,reject,NO,SETUP_REJECT,setup_score_below_near_miss_threshold,close_below_ema21;ema8_below_ema21;ema21_below_ema50;ema50_below_ema200;ema8_slope_negative;ema21_slope_negative;high_near_ema8;high_near_ema21;failed_ema8_reclaim;relative_weakness_negative;volume_above_20d_average,41.86000061035156,,-1,,,,,,,,,,,,,,,,,0,0,0,0,0.004062838610253912,0.030448449915922528,0.5680732425175044,1.4643244413285221,0.0032025374095767667,0.12908595571115555,0.618574304112117,0.029439973235932317,True,False,"SPY: close=770.19, ema50=757.75, above=true; QQQ: close=718.96, ema50=710.45, above=true",,,setup_score_below_near_miss_threshold,,,SETUP_REJECT,False,setup_score_below_near_miss_threshold,,,0.045,,,,,,,,False,,,,,,,,False,,,,,,,,,,,,,,,,,,,,,,,,,,0.5,0.5,2.0,21,40.58542847828679,pullup,bear_breakdown_retest,3.0,reject,recent_2_5_day_bounce;close_lower_half_range;atr_bounce_controlled,close_below_ema21;ema8_below_ema21;ema21_below_ema50;ema50_below_ema200;ema8_slope_negative;ema21_slope_negative;high_near_ema8;high_near_ema21;failed_ema8_reclaim;relative_weakness_negative;volume_above_20d_average,42.27000045776367,42.38999938964844,41.57500076293945,41.86000061035156,42.43000030517578,41.689930183646574,40.58542847828679,39.17455648954738,35.54399779572591,0.04859155048713859,0.1274572132064833,0.10960996411446189,1.2323572976248605,0.34969365355001475,-0.004062838610253912,0.18220340025608484,QQQ,"SPY,QQQ",50.0,770.1900024414062,757.749642905043,True,718.9600219726562,710.4548482967451,True
MU,debit,pullback,bull_ema8_pullback,18,strong_setup,NO,PRICING_REJECT,spread mid/width too high (26.5%>20.0%),low_near_ema21;recent_2_5_day_pullback,1016.5900268554688,2026-12-18,102,1070.0,1300.0,230.0,60.900000000000006,67.55000000000001,6.650000000000006,81.70522897578124,good,0.2647826086956522,,,,,,0.09160924199432507,0.06241076891698964,351,1609,19,370,0.05341727522123566,0.07184012315479917,0.14382496655656024,0.5450533305677486,0.08622483974893225,0.16404383288811453,1.2677189174827135,0.04591611557414663,True,False,"SPY: close=770.19, ema50=757.75, above=true; QQQ: close=718.96, ema50=710.45, above=true",,,spread mid/width too high (26.5%>20.0%),,,PRICING_REJECT,False,spread mid/width too high (26.5%>20.0%),2026-12-18,0.27945205479452057,0.045,MU261218C01070000,MU261218C01300000,118.75,126.4,116.92,122.575,"mid=avg(bid,ask)",True,0.6718782812500002,,58.85,64.5,61.74,61.675,"mid=avg(bid,ask)",True,0.6849091567993165,,0.9713879499943416,,,,,,,,,,,,,,,,,,,,,,,0.5,0.5,2.0,21,943.5580741282313,pullback,bull_ema8_pullback,18.0,strong_setup,close_above_ema21;ema8_above_ema21;ema21_above_ema50;ema50_above_ema200;ema8_slope_positive;ema21_slope_positive;low_near_ema8;reclaimed_ema8;close_upper_half_range;relative_strength_positive;volume_above_20d_average;atr_pullback_controlled,low_near_ema21;recent_2_5_day_pullback,971.3400268554688,1017.77001953125,969.0,1016.5900268554688,958.1599731445312,962.2865576037668,943.5580741282313,921.3514298229254,710.3902038850838,15.515276929057677,7.3031952727237694,3.8872896747977848,46.677865164620535,0.9758049578999008,0.05341727522123566,0.1033998480687146,QQQ,"SPY,QQQ",50.0,770.1900024414062,757.749642905043,True,718.9600219726562,710.4548482967451,True
MU,credit,pullup,bear_continuation,2,reject,NO,SETUP_REJECT,setup_score_below_near_miss_threshold,close_below_ema21;ema8_below_ema21;ema21_below_ema50;ema50_below_ema200;ema8_slope_negative;ema21_slope_negative;high_near_ema8;high_near_ema21;recent_2_5_day_bounce;failed_ema8_reclaim;close_lower_half_range;relative_weakness_negative,1016.5900268554688,,-1,,,,,,,,,,,,,,,,,0,0,0,0,0.05341727522123566,0.07184012315479917,1.1886460902144436,1.589874454225632,0.08622483974893225,0.16404383288811453,1.2677189174827135,0.04591611557414663,True,False,"SPY: close=770.19, ema50=757.75, above=true; QQQ: close=718.96, ema50=710.45, above=true",,,setup_score_below_near_miss_threshold,,,SETUP_REJECT,False,setup_score_below_near_miss_threshold,,,0.045,,,,,,,,False,,,,,,,,False,,,,,,,,,,,,,,,,,,,,,,,,,,0.5,0.5,2.0,21,943.5580741282313,pullup,bear_continuation,2.0,reject,volume_above_20d_average;atr_bounce_controlled,close_below_ema21;ema8_below_ema21;ema21_below_ema50;ema50_below_ema200;ema8_slope_negative;ema21_slope_negative;high_near_ema8;high_near_ema21;recent_2_5_day_bounce;failed_ema8_reclaim;close_lower_half_range;relative_weakness_negative,971.3400268554688,1017.77001953125,969.0,1016.5900268554688,958.1599731445312,962.2865576037668,943.5580741282313,921.3514298229254,710.3902038850838,15.515276929057677,7.3031952727237694,3.8872896747977848,46.677865164620535,0.9758049578999008,-0.05341727522123566,0.1033998480687146,QQQ,"SPY,QQQ",50.0,770.1900024414062,757.749642905043,True,718.9600219726562,710.4548482967451,True
NEE,debit,pullback,bull_continuation,9,valid_setup,NO,LIQUIDITY_REJECT,"short leg illiquid (vol=22, oi=2815)",close_above_ema21;ema8_above_ema21;ema21_above_ema50;ema50_above_ema200;ema8_slope_positive;ema21_slope_positive;reclaimed_ema8;close_upper_half_range,83.43000030517578,2026-12-18,102,,90.0,,,,,,,,,,,,,0.23529411764705876,,22,2815,0,0,0.0005749951219254484,0.011916239352990255,0.1909549815738671,0.9196015356842093,0.015896762168192913,-0.008783201445858979,1.0415142895841798,0.015564808708815154,True,False,"SPY: close=770.19, ema50=757.75, above=true; QQQ: close=718.96, ema50=710.45, above=true",,,"short leg illiquid (vol=22, oi=2815)",,,,False,"short leg illiquid (vol=22, oi=2815)",2026-12-18,0.27945205479452057,0.045,,NEE261218C00090000,,,,,,False,,,1.5,1.9,1.72,1.7,"mid=avg(bid,ask)",True,0.24134059448242187,,0.15012155728832813,,,,,,,,,,,,,,,,,,,,,,,0.5,0.5,2.0,21,84.4241721580323,pullback,bull_continuation,9.0,valid_setup,low_near_ema8;low_near_ema21;recent_2_5_day_pullback;relative_strength_positive;volume_above_20d_average;atr_pullback_controlled,close_above_ema21;ema8_above_ema21;ema21_above_ema50;ema50_above_ema200;ema8_slope_positive;ema21_slope_positive;reclaimed_ema8;close_upper_half_range,83.69999694824219,84.12000274658203,83.2300033569336,83.43000030517578,84.05999755859375,83.4779721483735,84.4241721580323,85.94389686495843,88.95740620244766,-0.013706240913634815,-0.09941718528565957,-0.10260802284827264,1.298571995326451,0.22471582628971146,-0.0005749951219254484,-0.05628275516439707,QQQ,"SPY,QQQ",50.0,770.1900024414062,757.749642905043,True,718.9600219726562,710.4548482967451,True
NEE,credit,pullup,bear_ema8_rejection,21,strong_setup,NO,LIQUIDITY_REJECT,"short leg illiquid (vol=2, oi=973)",,83.43000030517578,2026-12-18,102,,92.5,,,,,,,,,,,,,0.19455252918287938,,2,973,0,0,0.0005749951219254484,0.011916239352990255,0.49441278613677,0.23423376797357223,0.015896762168192913,-0.008783201445858979,1.0415142895841798,0.015564808708815154,True,False,"SPY: close=770.19, ema50=757.75, above=true; QQQ: close=718.96, ema50=710.45, above=true",,,"short leg illiquid (vol=2, oi=973)",,,,False,"short leg illiquid (vol=2, oi=973)",2026-12-18,0.27945205479452057,0.045,,NEE261218C00092500,,,,,,False,,,1.16,1.41,1.16,1.285,"mid=avg(bid,ask)",True,0.24646749633789064,,0.15012155728832813,,,,,,,,,,,,,,,,,,,,,,,0.5,0.5,2.0,21,84.4241721580323,pullup,bear_ema8_rejection,21.0,strong_setup,close_below_ema21;ema8_below_ema21;ema21_below_ema50;ema50_below_ema200;ema8_slope_negative;ema21_slope_negative;high_near_ema8;high_near_ema21;recent_2_5_day_bounce;failed_ema8_reclaim;close_lower_half_range;relative_weakness_negative;volume_above_20d_average;atr_bounce_controlled,,83.69999694824219,84.12000274658203,83.2300033569336,83.43000030517578,84.05999755859375,83.4779721483735,84.4241721580323,85.94389686495843,88.95740620244766,-0.013706240913634815,-0.09941718528565957,-0.10260802284827264,1.298571995326451,0.22471582628971146,0.0005749951219254484,-0.05628275516439707,QQQ,"SPY,QQQ",50.0,770.1900024414062,757.749642905043,True,718.9600219726562,710.4548482967451,True
NET,debit,pullback,bull_ema21_pullback,5,near_miss,NO,SETUP_REJECT,near_miss setup; below option evaluation threshold,close_above_ema21;ema8_above_ema21;ema8_slope_positive;ema21_slope_positive;low_near_ema8;low_near_ema21;reclaimed_ema8;close_upper_half_range;relative_strength_positive;volume_above_20d_average,278.9200134277344,,-1,,,,,,,,,,,,,,,,,0,0,0,0,0.026503241880054245,0.03614228036239135,0.5685238413143698,0.7437230794522935,-0.073301927815836,-0.06547349695632565,0.525721765689768,0.055017582181201445,True,False,"SPY: close=770.19, ema50=757.75, above=true; QQQ: close=718.96, ema50=710.45, above=true",,,near_miss setup; below option evaluation threshold,,,SETUP_REJECT,False,near_miss setup; below option evaluation threshold,,,0.045,,,,,,,,False,,,,,,,,False,,,,,,,,,,,,,,,,,,,,,,,,,,0.5,0.5,2.0,21,289.0008187517215,pullback,bull_ema21_pullback,5.0,near_miss,ema21_above_ema50;ema50_above_ema200;recent_2_5_day_pullback;atr_pullback_controlled,close_above_ema21;ema8_above_ema21;ema8_slope_positive;ema21_slope_positive;low_near_ema8;low_near_ema21;reclaimed_ema8;close_upper_half_range;relative_strength_positive;volume_above_20d_average,282.25,284.7170104980469,277.5880126953125,278.9200134277344,284.510009765625,286.3122980087976,289.0008187517215,278.03083306880285,236.08103623468426,-2.11208130887519,-1.0080805323987079,0.0362930758747666,15.345504760742188,0.18684263472643758,-0.026503241880054245,0.23329443386289128,QQQ,"SPY,QQQ",50.0,770.1900024414062,757.749642905043,True,718.9600219726562,710.4548482967451,True
NET,credit,pullup,bear_ema8_rejection,15,strong_setup,NO,LIQUIDITY_REJECT,"short leg illiquid (vol=5, oi=163)",ema21_below_ema50;ema50_below_ema200;failed_ema8_reclaim;volume_above_20d_average,278.9200134277344,2026-12-18,102,,360.0,,,,,,,,,,,,,0.22823984526112193,,5,163,0,0,0.026503241880054245,0.03614228036239135,0.10395796916579017,0.2791572073037139,-0.073301927815836,-0.06547349695632565,0.525721765689768,0.055017582181201445,True,False,"SPY: close=770.19, ema50=757.75, above=true; QQQ: close=718.96, ema50=710.45, above=true",,,"short leg illiquid (vol=5, oi=163)",,,,False,"short leg illiquid (vol=5, oi=163)",2026-12-18,0.27945205479452057,0.045,,NET261218C00360000,,,,,,False,,,11.45,14.4,11.58,12.925,"mid=avg(bid,ask)",True,0.6182289154052736,,0.5447779089480487,,,,,,,,,,,,,,,,,,,,,,,0.5,0.5,2.0,21,289.0008187517215,pullup,bear_ema8_rejection,15.0,strong_setup,close_below_ema21;ema8_below_ema21;ema8_slope_negative;ema21_slope_negative;high_near_ema8;high_near_ema21;recent_2_5_day_bounce;close_lower_half_range;relative_weakness_negative;atr_bounce_controlled,ema21_below_ema50;ema50_below_ema200;failed_ema8_reclaim;volume_above_20d_average,282.25,284.7170104980469,277.5880126953125,278.9200134277344,284.510009765625,286.3122980087976,289.0008187517215,278.03083306880285,236.08103623468426,-2.11208130887519,-1.0080805323987079,0.0362930758747666,15.345504760742188,0.18684263472643758,0.026503241880054245,0.23329443386289128,QQQ,"SPY,QQQ",50.0,770.1900024414062,757.749642905043,True,718.9600219726562,710.4548482967451,True
NFLX,debit,pullback,bull_ema21_pullback,10,valid_setup,NO,PRICING_REJECT,spread mid/width too high (33.7%>20.0%),close_above_ema21;ema50_above_ema200;ema8_slope_positive;ema21_slope_positive;low_near_ema8;recent_2_5_day_pullback;reclaimed_ema8;close_upper_half_range,78.25,2026-12-18,102,80.0,89.0,9.0,3.035,3.22,0.18500000000000005,88.86390912960805,good,0.33722222222222226,,,,,,0.0723684210526315,0.024691358024691416,59,3140,868,8262,0.03114116163229895,0.011232775942584414,1.0547402279451759,0.3859384521165085,-0.04599351956311293,0.06106476954736573,1.428942594534659,0.029767244061287657,True,False,"SPY: close=770.19, ema50=757.75, above=true; QQQ: close=718.96, ema50=710.45, above=true",,,spread mid/width too high (33.7%>20.0%),,,PRICING_REJECT,False,spread mid/width too high (33.7%>20.0%),2026-12-18,0.27945205479452057,0.045,NFLX261218C00080000,NFLX261218C00089000,6.0,6.15,6.05,6.075,"mid=avg(bid,ask)",True,0.4177304321289062,,2.93,3.15,3.0,3.04,"mid=avg(bid,ask)",True,0.4133359448242187,,0.37699514139944446,,,,,,,,,,,,,,,,,,,,,,,0.5,0.5,2.0,21,79.12896471750723,pullback,bull_ema21_pullback,10.0,valid_setup,ema8_above_ema21;ema21_above_ema50;low_near_ema21;relative_strength_positive;volume_above_20d_average;atr_pullback_controlled,close_above_ema21;ema50_above_ema200;ema8_slope_positive;ema21_slope_positive;low_near_ema8;recent_2_5_day_pullback;reclaimed_ema8;close_upper_half_range,82.16999816894531,82.69000244140625,78.2300033569336,78.25,82.66999816894531,80.6867958977274,79.12896471750723,78.22325560575395,86.56664501788345,-0.6962273993506898,-0.08789647175072446,0.0010916079284015723,2.329286847795759,0.004483553177403987,-0.03114116163229895,-0.08216011113190913,QQQ,"SPY,QQQ",50.0,770.1900024414062,757.749642905043,True,718.9600219726562,710.4548482967451,True
NFLX,credit,pullup,bear_failed_reclaim,12,strong_setup,NO,LIQUIDITY_REJECT,"short leg illiquid (vol=26, oi=2565)",ema8_below_ema21;ema21_below_ema50;high_near_ema8;high_near_ema21;recent_2_5_day_bounce,78.25,2026-12-18,102,,92.0,,,,,,,,,,,,,0.09361702127659563,,26,2565,0,0,0.03114116163229895,0.011232775942584414,0.8600085238855503,1.5288102997142177,-0.04599351956311293,0.06106476954736573,1.428942594534659,0.029767244061287657,True,False,"SPY: close=770.19, ema50=757.75, above=true; QQQ: close=718.96, ema50=710.45, above=true",,,"short leg illiquid (vol=26, oi=2565)",,,,False,"short leg illiquid (vol=26, oi=2565)",2026-12-18,0.27945205479452057,0.045,,NFLX261218C00092000,,,,,,False,,,2.24,2.46,2.37,2.35,"mid=avg(bid,ask)",True,0.411138701171875,,0.37699514139944446,,,,,,,,,,,,,,,,,,,,,,,0.5,0.5,2.0,21,79.12896471750723,pullup,bear_failed_reclaim,12.0,strong_setup,close_below_ema21;ema50_below_ema200;ema8_slope_negative;ema21_slope_negative;failed_ema8_reclaim;close_lower_half_range;relative_weakness_negative;volume_above_20d_average;atr_bounce_controlled,ema8_below_ema21;ema21_below_ema50;high_near_ema8;high_near_ema21;recent_2_5_day_bounce,82.16999816894531,82.69000244140625,78.2300033569336,78.25,82.66999816894531,80.6867958977274,79.12896471750723,78.22325560575395,86.56664501788345,-0.6962273993506898,-0.08789647175072446,0.0010916079284015723,2.329286847795759,0.004483553177403987,0.03114116163229895,-0.08216011113190913,QQQ,"SPY,QQQ",50.0,770.1900024414062,757.749642905043,True,718.9600219726562,710.4548482967451,True
NICE,debit,pullback,bull_ema8_pullback,14,strong_setup,NO,LIQUIDITY_REJECT,"short leg illiquid (vol=1, oi=1588)",ema50_above_ema200;ema8_slope_positive;recent_2_5_day_pullback;reclaimed_ema8;close_upper_half_range;volume_above_20d_average,105.5,2026-11-20,74,,125.0,,,,,,,,,,,,,0.9668874172185429,,1,1588,0,0,0.0040093546111977215,0.019389234445288006,0.46184273271032666,0.2818569977943032,-0.03421865439128613,0.04146612933497329,0.6166401187021319,0.03146241432763308,True,False,"SPY: close=770.19, ema50=757.75, above=true; QQQ: close=718.96, ema50=710.45, above=true",,,"short leg illiquid (vol=1, oi=1588)",,,,False,"short leg illiquid (vol=1, oi=1588)",2026-11-20,0.20273972602739726,0.045,,NICE261120C00125000,,,,,,False,,,1.95,5.6,4.5,3.775,"mid=avg(bid,ask)",True,0.5229539892578124,,0.469784955900329,,,,,,,,,,,,,,,,,,,,,,,0.5,0.5,2.0,21,103.45443576602212,pullback,bull_ema8_pullback,14.0,strong_setup,close_above_ema21;ema8_above_ema21;ema21_above_ema50;ema21_slope_positive;low_near_ema8;low_near_ema21;relative_strength_positive;atr_pullback_controlled,ema50_above_ema200;ema8_slope_positive;recent_2_5_day_pullback;reclaimed_ema8;close_upper_half_range;volume_above_20d_average,107.83000183105469,108.77999877929688,104.38999938964844,105.5,108.30999755859375,105.92298691148136,103.45443576602212,100.76945974304083,107.81809892560678,-0.12085340328039251,0.2045564233977899,0.19308327579426532,3.3192847115652904,0.2528475545962329,-0.0040093546111977215,0.15755076403546897,QQQ,"SPY,QQQ",50.0,770.1900024414062,757.749642905043,True,718.9600219726562,710.4548482967451,True
NICE,credit,pullup,bear_failed_reclaim,6,watchlist,NO,SETUP_REJECT,watchlist setup; below option evaluation threshold,close_below_ema21;ema8_below_ema21;ema21_below_ema50;ema21_slope_negative;high_near_ema8;high_near_ema21;recent_2_5_day_bounce;failed_ema8_reclaim;volume_above_20d_average,105.5,,-1,,,,,,,,,,,,,,,,,0,0,0,0,0.0040093546111977215,0.019389234445288006,0.8607311864092011,1.6044309169138309,-0.03421865439128613,0.04146612933497329,0.6166401187021319,0.03146241432763308,True,False,"SPY: close=770.19, ema50=757.75, above=true; QQQ: close=718.96, ema50=710.45, above=true",,,watchlist setup; below option evaluation threshold,,,SETUP_REJECT,False,watchlist setup; below option evaluation threshold,,,0.045,,,,,,,,False,,,,,,,,False,,,,,,,,,,,,,,,,,,,,,,,,,,0.5,0.5,2.0,21,103.45443576602212,pullup,bear_failed_reclaim,6.0,watchlist,ema50_below_ema200;ema8_slope_negative;close_lower_half_range;relative_weakness_negative;atr_bounce_controlled,close_below_ema21;ema8_below_ema21;ema21_below_ema50;ema21_slope_negative;high_near_ema8;high_near_ema21;recent_2_5_day_bounce;failed_ema8_reclaim;volume_above_20d_average,107.83000183105469,108.77999877929688,104.38999938964844,105.5,108.30999755859375,105.92298691148136,103.45443576602212,100.76945974304083,107.81809892560678,-0.12085340328039251,0.2045564233977899,0.19308327579426532,3.3192847115652904,0.2528475545962329,0.0040093546111977215,0.15755076403546897,QQQ,"SPY,QQQ",50.0,770.1900024414062,757.749642905043,True,718.9600219726562,710.4548482967451,True
NOK,debit,pullback,bull_continuation,8,valid_setup,NO,PRICING_REJECT,spread mid/width too high (23.0%>20.0%),close_above_ema21;ema8_above_ema21;ema21_above_ema50;ema8_slope_positive;ema21_slope_positive;low_near_ema21;reclaimed_ema8;volume_above_20d_average,10.029999732971191,2026-12-18,102,11.0,13.0,2.0,0.4600000000000001,0.5,0.039999999999999925,86.08836366194801,good,0.23000000000000004,,,,,,0.06185567010309284,0.05291005291005284,274,8644,164,21497,0.000323299552260368,0.009391522149406998,0.2681614342239224,0.5044063605103483,-0.021161244224624398,0.07721030595583078,0.6726805300353824,0.038384835347330275,True,False,"SPY: close=770.19, ema50=757.75, above=true; QQQ: close=718.96, ema50=710.45, above=true",,,spread mid/width too high (23.0%>20.0%),,,PRICING_REJECT,False,spread mid/width too high (23.0%>20.0%),2026-12-18,0.27945205479452057,0.045,NOK261218C00011000,NOK261218C00013000,0.92,0.97,0.95,0.9450000000000001,"mid=avg(bid,ask)",True,0.6210975390625001,,0.47,0.5,0.49,0.485,"mid=avg(bid,ask)",True,0.6347692773437501,,0.6357782953257982,,,,,,,,,,,,,,,,,,,,,,,0.5,0.5,2.0,21,10.124196697621937,pullback,bull_continuation,8.0,valid_setup,ema50_above_ema200;low_near_ema8;recent_2_5_day_pullback;close_upper_half_range;relative_strength_positive;atr_pullback_controlled,close_above_ema21;ema8_above_ema21;ema21_above_ema50;ema8_slope_positive;ema21_slope_positive;low_near_ema21;reclaimed_ema8;volume_above_20d_average,10.0,10.109999656677246,9.930000305175781,10.029999732971191,9.770000457763672,10.033242427394033,10.124196697621937,10.633115696616642,10.318062474981069,-0.0009264841208107555,-0.009419696465075234,-0.024616978107978582,0.3849998882838658,0.5555543781756145,-0.000323299552260368,-0.28792093974736355,QQQ,"SPY,QQQ",50.0,770.1900024414062,757.749642905043,True,718.9600219726562,710.4548482967451,True
NOK,credit,pullup,bear_ema8_rejection,18,strong_setup,NO,LIQUIDITY_REJECT,long leg bid/ask too wide (30.8%>15.0%),ema50_below_ema200;close_lower_half_range;volume_above_20d_average,10.029999732971191,2026-12-18,102,18.0,13.0,5.0,,,,,,,,,,,,0.06185567010309284,0.30769230769230765,274,8644,70,11844,0.000323299552260368,0.009391522149406998,0.1993694845610431,0.0368754417253827,-0.021161244224624398,0.07721030595583078,0.6726805300353824,0.038384835347330275,True,False,"SPY: close=770.19, ema50=757.75, above=true; QQQ: close=718.96, ema50=710.45, above=true",,,long leg bid/ask too wide (30.8%>15.0%),,,,False,long leg bid/ask too wide (30.8%>15.0%),2026-12-18,0.27945205479452057,0.045,NOK261218C00018000,NOK261218C00013000,0.11,0.15,0.12,0.13,"mid=avg(bid,ask)",True,0.70898728515625,,0.47,0.5,0.49,0.485,"mid=avg(bid,ask)",True,0.6347692773437501,,0.6357782953257982,,,,,,,,,,,,,,,,,,,,,,,0.5,0.5,2.0,21,10.124196697621937,pullup,bear_ema8_rejection,18.0,strong_setup,close_below_ema21;ema8_below_ema21;ema21_below_ema50;ema8_slope_negative;ema21_slope_negative;high_near_ema8;high_near_ema21;recent_2_5_day_bounce;failed_ema8_reclaim;relative_weakness_negative;atr_bounce_controlled,ema50_below_ema200;close_lower_half_range;volume_above_20d_average,10.0,10.109999656677246,9.930000305175781,10.029999732971191,9.770000457763672,10.033242427394033,10.124196697621937,10.633115696616642,10.318062474981069,-0.0009264841208107555,-0.009419696465075234,-0.024616978107978582,0.3849998882838658,0.5555543781756145,0.000323299552260368,-0.28792093974736355,QQQ,"SPY,QQQ",50.0,770.1900024414062,757.749642905043,True,718.9600219726562,710.4548482967451,True
NOW,debit,pullback,bull_ema8_pullback,15,strong_setup,NO,LIQUIDITY_REJECT,"short leg illiquid (vol=11, oi=1479)",low_near_ema21;reclaimed_ema8;close_upper_half_range;volume_above_20d_average,141.25999450683594,2026-12-18,102,,172.0,,,,,,,,,,,,,0.052980132450331174,,11,1479,0,0,0.011953824017645727,0.06758605775469544,0.11479085009888405,1.0546452795179155,-0.027372307937287177,0.13679499877156232,0.7124503021220395,0.047571844522436006,True,False,"SPY: close=770.19, ema50=757.75, above=true; QQQ: close=718.96, ema50=710.45, above=true",,,"short leg illiquid (vol=11, oi=1479)",,,,False,"short leg illiquid (vol=11, oi=1479)",2026-12-18,0.27945205479452057,0.045,,NOW261218C00172000,,,,,,False,,,7.35,7.75,7.9,7.55,"mid=avg(bid,ask)",True,0.5799602551269532,,0.608676956386897,,,,,,,,,,,,,,,,,,,,,,,0.5,0.5,2.0,21,131.71278835966896,pullback,bull_ema8_pullback,15.0,strong_setup,close_above_ema21;ema8_above_ema21;ema21_above_ema50;ema50_above_ema200;ema8_slope_positive;ema21_slope_positive;low_near_ema8;recent_2_5_day_pullback;relative_strength_positive;atr_pullback_controlled,low_near_ema21;reclaimed_ema8;close_upper_half_range;volume_above_20d_average,143.32000732421875,145.25999450683594,138.8000030517578,141.25999450683594,145.58999633789062,139.57139739176762,131.71278835966896,121.38314706989851,113.66480955331501,0.4824563185909483,0.954720614716706,0.8112998953852042,6.719998495919364,0.380804134523174,0.011953824017645727,0.2954591858373856,QQQ,"SPY,QQQ",50.0,770.1900024414062,757.749642905043,True,718.9600219726562,710.4548482967451,True
NOW,credit,pullup,bear_breakdown_retest,5,near_miss,NO,SETUP_REJECT,near_miss setup; below option evaluation threshold,close_below_ema21;ema8_below_ema21;ema21_below_ema50;ema50_below_ema200;ema8_slope_negative;ema21_slope_negative;high_near_ema8;high_near_ema21;failed_ema8_reclaim;volume_above_20d_average,141.25999450683594,,-1,,,,,,,,,,,,,,,,,0,0,0,0,0.011953824017645727,0.06758605775469544,0.8465176173064101,2.0159537469232096,-0.027372307937287177,0.13679499877156232,0.7124503021220395,0.047571844522436006,True,False,"SPY: close=770.19, ema50=757.75, above=true; QQQ: close=718.96, ema50=710.45, above=true",,,near_miss setup; below option evaluation threshold,,,SETUP_REJECT,False,near_miss setup; below option evaluation threshold,,,0.045,,,,,,,,False,,,,,,,,False,,,,,,,,,,,,,,,,,,,,,,,,,,0.5,0.5,2.0,21,131.71278835966896,pullup,bear_breakdown_retest,5.0,near_miss,recent_2_5_day_bounce;close_lower_half_range;relative_weakness_negative;atr_bounce_controlled,close_below_ema21;ema8_below_ema21;ema21_below_ema50;ema50_below_ema200;ema8_slope_negative;ema21_slope_negative;high_near_ema8;high_near_ema21;failed_ema8_reclaim;volume_above_20d_average,143.32000732421875,145.25999450683594,138.8000030517578,141.25999450683594,145.58999633789062,139.57139739176762,131.71278835966896,121.38314706989851,113.66480955331501,0.4824563185909483,0.954720614716706,0.8112998953852042,6.719998495919364,0.380804134523174,-0.011953824017645727,0.2954591858373856,QQQ,"SPY,QQQ",50.0,770.1900024414062,757.749642905043,True,718.9600219726562,710.4548482967451,True
NRG,debit,pullback,bull_ema8_reclaim,11,strong_setup,NO,LIQUIDITY_REJECT,"short leg illiquid (vol=13, oi=675)",ema8_above_ema21;ema21_above_ema50;ema50_above_ema200;low_near_ema8;low_near_ema21;recent_2_5_day_pullback,119.0199966430664,2026-12-18,102,,140.0,,,,,,,,,,,,,0.18803418803418814,,13,675,0,0,0.0441565873705972,0.017902945691443052,0.543756215715787,1.2303976015358111,0.06756281610055503,0.013163166238227109,1.3926994008439857,0.03823486644021703,True,False,"SPY: close=770.19, ema50=757.75, above=true; QQQ: close=718.96, ema50=710.45, above=true",,,"short leg illiquid (vol=13, oi=675)",,,,False,"short leg illiquid (vol=13, oi=675)",2026-12-18,0.27945205479452057,0.045,,NRG261218C00140000,,,,,,False,,,5.3,6.4,5.25,5.85,"mid=avg(bid,ask)",True,0.508793974609375,,0.5834352390719807,,,,,,,,,,,,,,,,,,,,,,,0.5,0.5,2.0,21,116.88918810696985,pullback,bull_ema8_reclaim,11.0,strong_setup,close_above_ema21;ema8_slope_positive;ema21_slope_positive;reclaimed_ema8;close_upper_half_range;relative_strength_positive;volume_above_20d_average;atr_pullback_controlled,ema8_above_ema21;ema21_above_ema50;ema50_above_ema200;low_near_ema8;low_near_ema21;recent_2_5_day_pullback,111.29000091552734,119.25,111.29000091552734,119.0199966430664,111.83999633789062,113.76447976244866,116.88918810696985,124.11279794030634,141.3892070638426,1.5015762516050586,0.2130808536096538,-0.20786944070366076,4.550713675362723,0.9711051025894897,0.0441565873705972,-0.049938597450953415,QQQ,"SPY,QQQ",50.0,770.1900024414062,757.749642905043,True,718.9600219726562,710.4548482967451,True
NRG,credit,pullup,bear_ema21_rejection,7,watchlist,NO,SETUP_REJECT,watchlist setup; below option evaluation threshold,close_below_ema21;ema8_slope_negative;ema21_slope_negative;high_near_ema8;high_near_ema21;recent_2_5_day_bounce;failed_ema8_reclaim;close_lower_half_range;relative_weakness_negative,119.0199966430664,,-1,,,,,,,,,,,,,,,,,0,0,0,0,0.0441565873705972,0.017902945691443052,1.2054197712437067,0.5187783854236826,0.06756281610055503,0.013163166238227109,1.3926994008439857,0.03823486644021703,True,False,"SPY: close=770.19, ema50=757.75, above=true; QQQ: close=718.96, ema50=710.45, above=true",,,watchlist setup; below option evaluation threshold,,,SETUP_REJECT,False,watchlist setup; below option evaluation threshold,,,0.045,,,,,,,,False,,,,,,,,False,,,,,,,,,,,,,,,,,,,,,,,,,,0.5,0.5,2.0,21,116.88918810696985,pullup,bear_ema21_rejection,7.0,watchlist,ema8_below_ema21;ema21_below_ema50;ema50_below_ema200;volume_above_20d_average;atr_bounce_controlled,close_below_ema21;ema8_slope_negative;ema21_slope_negative;high_near_ema8;high_near_ema21;recent_2_5_day_bounce;failed_ema8_reclaim;close_lower_half_range;relative_weakness_negative,111.29000091552734,119.25,111.29000091552734,119.0199966430664,111.83999633789062,113.76447976244866,116.88918810696985,124.11279794030634,141.3892070638426,1.5015762516050586,0.2130808536096538,-0.20786944070366076,4.550713675362723,0.9711051025894897,-0.0441565873705972,-0.049938597450953415,QQQ,"SPY,QQQ",50.0,770.1900024414062,757.749642905043,True,718.9600219726562,710.4548482967451,True
NTAP,debit,pullback,bull_ema21_pullback,6,watchlist,NO,SETUP_REJECT,watchlist setup; below option evaluation threshold,close_above_ema21;ema8_above_ema21;ema8_slope_positive;ema21_slope_positive;low_near_ema8;low_near_ema21;reclaimed_ema8;relative_strength_positive;volume_above_20d_average,185.58999633789062,,-1,,,,,,,,,,,,,,,,,0,0,0,0,0.0035740480195022863,0.010698236685190021,0.6816012496964972,0.8363582674925487,-0.011177722965326264,-0.015107540521755114,0.8681879464268468,0.04603467272208896,True,False,"SPY: close=770.19, ema50=757.75, above=true; QQQ: close=718.96, ema50=710.45, above=true",,,watchlist setup; below option evaluation threshold,,,SETUP_REJECT,False,watchlist setup; below option evaluation threshold,,,0.045,,,,,,,,False,,,,,,,,False,,,,,,,,,,,,,,,,,,,,,,,,,,0.5,0.5,2.0,21,187.57548204511693,pullback,bull_ema21_pullback,6.0,watchlist,ema21_above_ema50;ema50_above_ema200;recent_2_5_day_pullback;close_upper_half_range;atr_pullback_controlled,close_above_ema21;ema8_above_ema21;ema8_slope_positive;ema21_slope_positive;low_near_ema8;low_near_ema21;reclaimed_ema8;relative_strength_positive;volume_above_20d_average,182.58999633789062,188.8300018310547,180.42999267578125,185.58999633789062,185.3800048828125,186.2533038967415,187.57548204511693,178.68950639688694,141.40316625576588,-0.18951644538594792,-0.198548570722636,0.2816526506532,8.543574741908483,0.614285480733075,-0.0035740480195022863,0.11874396085292882,QQQ,"SPY,QQQ",50.0,770.1900024414062,757.749642905043,True,718.9600219726562,710.4548482967451,True
NTAP,credit,pullup,bear_ema8_rejection,16,strong_setup,NO,LIQUIDITY_REJECT,"short leg illiquid (vol=2, oi=40)",ema21_below_ema50;ema50_below_ema200;close_lower_half_range;volume_above_20d_average,185.58999633789062,2026-12-18,102,,230.0,,,,,,,,,,,,,0.3768115942028985,,2,40,0,0,0.0035740480195022863,0.010698236685190021,0.30159482560312917,0.1468378078070775,-0.011177722965326264,-0.015107540521755114,0.8681879464268468,0.04603467272208896,True,False,"SPY: close=770.19, ema50=757.75, above=true; QQQ: close=718.96, ema50=710.45, above=true",,,"short leg illiquid (vol=2, oi=40)",,,,False,"short leg illiquid (vol=2, oi=40)",2026-12-18,0.27945205479452057,0.045,,NTAP261218C00230000,,,,,,False,,,5.6,8.2,6.94,6.8999999999999995,"mid=avg(bid,ask)",True,0.5134936346435546,,0.39489382647557736,,,,,,,,,,,,,,,,,,,,,,,0.5,0.5,2.0,21,187.57548204511693,pullup,bear_ema8_rejection,16.0,strong_setup,close_below_ema21;ema8_below_ema21;ema8_slope_negative;ema21_slope_negative;high_near_ema8;high_near_ema21;recent_2_5_day_bounce;failed_ema8_reclaim;relative_weakness_negative;atr_bounce_controlled,ema21_below_ema50;ema50_below_ema200;close_lower_half_range;volume_above_20d_average,182.58999633789062,188.8300018310547,180.42999267578125,185.58999633789062,185.3800048828125,186.2533038967415,187.57548204511693,178.68950639688694,141.40316625576588,-0.18951644538594792,-0.198548570722636,0.2816526506532,8.543574741908483,0.614285480733075,0.0035740480195022863,0.11874396085292882,QQQ,"SPY,QQQ",50.0,770.1900024414062,757.749642905043,True,718.9600219726562,710.4548482967451,True
NVDA,debit,pullback,bull_continuation,13,strong_setup,NO,PRICING_REJECT,spread mid/width too high (35.3%>20.0%),low_near_ema8;low_near_ema21;recent_2_5_day_pullback;reclaimed_ema8;close_upper_half_range,230.36000061035156,2026-12-18,102,235.0,260.0,25.0,8.825000000000003,9.1,0.2749999999999968,94.17111999146941,excellent,0.3530000000000001,,,,,,0.03988603988603985,0.011363636363636322,1715,19663,846,12632,0.030268269251624198,0.04913357466845293,0.8193162617803705,1.389686405151386,0.055351563680533955,0.03420560201210521,1.0469122454942141,0.033075548634664755,True,False,"SPY: close=770.19, ema50=757.75, above=true; QQQ: close=718.96, ema50=710.45, above=true",,,spread mid/width too high (35.3%>20.0%),,,PRICING_REJECT,False,spread mid/width too high (35.3%>20.0%),2026-12-18,0.27945205479452057,0.045,NVDA261218C00235000,NVDA261218C00260000,17.5,17.7,17.66,17.6,"mid=avg(bid,ask)",True,0.4049742120361328,,8.6,8.95,9.0,8.774999999999999,"mid=avg(bid,ask)",True,0.3945983392333985,,0.4050939700260285,,,,,,,,,,,,,,,,,,,,,,,0.5,0.5,2.0,21,219.041590319738,pullback,bull_continuation,13.0,strong_setup,close_above_ema21;ema8_above_ema21;ema21_above_ema50;ema50_above_ema200;ema8_slope_positive;ema21_slope_positive;relative_strength_positive;volume_above_20d_average;atr_pullback_controlled,low_near_ema8;low_near_ema21;recent_2_5_day_pullback;reclaimed_ema8;close_upper_half_range,231.08999633789062,234.75999450683594,229.6300048828125,230.36000061035156,228.4499969482422,223.38740208707313,219.041590319738,213.8168527049035,200.6287640879224,1.9921710066509775,1.1318410290613485,0.6752305267530119,7.619283403669085,0.14229964990972607,0.030268269251624198,0.11295789852495419,QQQ,"SPY,QQQ",50.0,770.1900024414062,757.749642905043,True,718.9600219726562,710.4548482967451,True
NVDA,credit,pullup,bear_continuation,3,reject,NO,SETUP_REJECT,setup_score_below_near_miss_threshold,close_below_ema21;ema8_below_ema21;ema21_below_ema50;ema50_below_ema200;ema8_slope_negative;ema21_slope_negative;high_near_ema8;high_near_ema21;recent_2_5_day_bounce;failed_ema8_reclaim;relative_weakness_negative,230.36000061035156,,-1,,,,,,,,,,,,,,,,,0,0,0,0,0.030268269251624198,0.04913357466845293,1.4926065637992032,2.0629767071702187,0.055351563680533955,0.03420560201210521,1.0469122454942141,0.033075548634664755,True,False,"SPY: close=770.19, ema50=757.75, above=true; QQQ: close=718.96, ema50=710.45, above=true",,,setup_score_below_near_miss_threshold,,,SETUP_REJECT,False,setup_score_below_near_miss_threshold,,,0.045,,,,,,,,False,,,,,,,,False,,,,,,,,,,,,,,,,,,,,,,,,,,0.5,0.5,2.0,21,219.041590319738,pullup,bear_continuation,3.0,reject,close_lower_half_range;volume_above_20d_average;atr_bounce_controlled,close_below_ema21;ema8_below_ema21;ema21_below_ema50;ema50_below_ema200;ema8_slope_negative;ema21_slope_negative;high_near_ema8;high_near_ema21;recent_2_5_day_bounce;failed_ema8_reclaim;relative_weakness_negative,231.08999633789062,234.75999450683594,229.6300048828125,230.36000061035156,228.4499969482422,223.38740208707313,219.041590319738,213.8168527049035,200.6287640879224,1.9921710066509775,1.1318410290613485,0.6752305267530119,7.619283403669085,0.14229964990972607,-0.030268269251624198,0.11295789852495419,QQQ,"SPY,QQQ",50.0,770.1900024414062,757.749642905043,True,718.9600219726562,710.4548482967451,True
NXPI,debit,pullback,bull_continuation,11,strong_setup,NO,LIQUIDITY_REJECT,"short leg illiquid (vol=1, oi=976)",close_above_ema21;ema8_above_ema21;ema21_above_ema50;ema21_slope_positive;low_near_ema21;volume_above_20d_average,227.83999633789062,2026-12-18,102,,270.0,,,,,,,,,,,,,0.24096385542168683,,1,976,0,0,0.008389171226233035,0.011935964146540289,0.16372479636711634,0.9890882622587505,0.015522118215140601,-0.04388911108670479,0.9968833458834265,0.024625678519482597,True,False,"SPY: close=770.19, ema50=757.75, above=true; QQQ: close=718.96, ema50=710.45, above=true",,,"short leg illiquid (vol=1, oi=976)",,,,False,"short leg illiquid (vol=1, oi=976)",2026-12-18,0.27945205479452057,0.045,,NXPI261218C00270000,,,,,,False,,,7.3,9.3,8.25,8.3,"mid=avg(bid,ask)",True,0.4745535943603516,,0.4680109890398358,,,,,,,,,,,,,,,,,,,,,,,0.5,0.5,2.0,21,230.55948636532756,pullback,bull_continuation,11.0,strong_setup,ema50_above_ema200;ema8_slope_positive;low_near_ema8;recent_2_5_day_pullback;reclaimed_ema8;close_upper_half_range;relative_strength_positive;atr_pullback_controlled,close_above_ema21;ema8_above_ema21;ema21_above_ema50;ema21_slope_positive;low_near_ema21;volume_above_20d_average,228.08999633789062,228.6199951171875,225.00999450683594,227.83999633789062,224.99000549316406,225.92860759642775,230.55948636532756,245.23211829347784,243.27327649239442,0.5461110689893758,-0.27194900274369616,-0.7098825287994828,5.610714503696987,0.7839338926812773,0.008389171226233035,-0.23855755955857627,QQQ,"SPY,QQQ",50.0,770.1900024414062,757.749642905043,True,718.9600219726562,710.4548482967451,True
NXPI,credit,pullup,bear_ema8_rejection,15,strong_setup,NO,LIQUIDITY_REJECT,"short leg illiquid (vol=1, oi=146)",ema50_below_ema200;ema8_slope_negative;failed_ema8_reclaim;close_lower_half_range;volume_above_20d_average,227.83999633789062,2026-12-18,102,,280.0,,,,,,,,,,,,,0.14492753623188406,,1,146,0,0,0.008389171226233035,0.011935964146540289,0.4796871270114261,0.3456763388802081,0.015522118215140601,-0.04388911108670479,0.9968833458834265,0.024625678519482597,True,False,"SPY: close=770.19, ema50=757.75, above=true; QQQ: close=718.96, ema50=710.45, above=true",,,"short leg illiquid (vol=1, oi=146)",,,,False,"short leg illiquid (vol=1, oi=146)",2026-12-18,0.27945205479452057,0.045,,NXPI261218C00280000,,,,,,False,,,6.4,7.4,5.8,6.9,"mid=avg(bid,ask)",True,0.4750113534545898,,0.4680109890398358,,,,,,,,,,,,,,,,,,,,,,,0.5,0.5,2.0,21,230.55948636532756,pullup,bear_ema8_rejection,15.0,strong_setup,close_below_ema21;ema8_below_ema21;ema21_below_ema50;ema21_slope_negative;high_near_ema8;high_near_ema21;recent_2_5_day_bounce;relative_weakness_negative;atr_bounce_controlled,ema50_below_ema200;ema8_slope_negative;failed_ema8_reclaim;close_lower_half_range;volume_above_20d_average,228.08999633789062,228.6199951171875,225.00999450683594,227.83999633789062,224.99000549316406,225.92860759642775,230.55948636532756,245.23211829347784,243.27327649239442,0.5461110689893758,-0.27194900274369616,-0.7098825287994828,5.610714503696987,0.7839338926812773,-0.008389171226233035,-0.23855755955857627,QQQ,"SPY,QQQ",50.0,770.1900024414062,757.749642905043,True,718.9600219726562,710.4548482967451,True
OKTA,debit,pullback,bull_ema8_pullback,14,strong_setup,NO,LIQUIDITY_REJECT,"short leg illiquid (vol=10, oi=92)",low_near_ema8;low_near_ema21;reclaimed_ema8;volume_above_20d_average,170.60000610351562,2026-12-18,102,,210.0,,,,,,,,,,,,,0.14563106796116504,,10,92,0,0,0.04285818102143995,0.09712917712834886,0.4256391919786676,1.36806212986104,0.022757500282498677,0.15584483268027005,0.5988699841951357,0.05758666722273975,True,False,"SPY: close=770.19, ema50=757.75, above=true; QQQ: close=718.96, ema50=710.45, above=true",,,"short leg illiquid (vol=10, oi=92)",,,,False,"short leg illiquid (vol=10, oi=92)",2026-12-18,0.27945205479452057,0.045,,OKTA261218C00210000,,,,,,False,,,9.55,11.05,9.2,10.3,"mid=avg(bid,ask)",True,0.6315344464111328,,0.7034676151835372,,,,,,,,,,,,,,,,,,,,,,,0.5,0.5,2.0,21,154.02976789258986,pullback,bull_ema8_pullback,14.0,strong_setup,close_above_ema21;ema8_above_ema21;ema21_above_ema50;ema50_above_ema200;ema8_slope_positive;ema21_slope_positive;recent_2_5_day_pullback;close_upper_half_range;relative_strength_positive;atr_pullback_controlled,low_near_ema8;low_near_ema21;reclaimed_ema8;volume_above_20d_average,168.3800048828125,172.9499969482422,167.47000122070312,170.60000610351562,170.4199981689453,163.2884001596724,154.02976789258986,142.95130608619155,110.21180891776663,2.089030269669479,1.6570238210925652,1.128518368054074,9.824285779680524,0.5711692195457444,0.04285818102143995,0.4480826370982909,QQQ,"SPY,QQQ",50.0,770.1900024414062,757.749642905043,True,718.9600219726562,710.4548482967451,True
OKTA,credit,pullup,bear_failed_reclaim,2,reject,NO,SETUP_REJECT,setup_score_below_near_miss_threshold,close_below_ema21;ema8_below_ema21;ema21_below_ema50;ema50_below_ema200;ema8_slope_negative;ema21_slope_negative;high_near_ema8;high_near_ema21;failed_ema8_reclaim;close_lower_half_range;relative_weakness_negative;volume_above_20d_average,170.60000610351562,,-1,,,,,,,,,,,,,,,,,0,0,0,0,0.04285818102143995,0.09712917712834886,0.983440120253096,1.9258630581354683,0.022757500282498677,0.15584483268027005,0.5988699841951357,0.05758666722273975,True,False,"SPY: close=770.19, ema50=757.75, above=true; QQQ: close=718.96, ema50=710.45, above=true",,,setup_score_below_near_miss_threshold,,,SETUP_REJECT,False,setup_score_below_near_miss_threshold,,,0.045,,,,,,,,False,,,,,,,,False,,,,,,,,,,,,,,,,,,,,,,,,,,0.5,0.5,2.0,21,154.02976789258986,pullup,bear_failed_reclaim,2.0,reject,recent_2_5_day_bounce;atr_bounce_controlled,close_below_ema21;ema8_below_ema21;ema21_below_ema50;ema50_below_ema200;ema8_slope_negative;ema21_slope_negative;high_near_ema8;high_near_ema21;failed_ema8_reclaim;close_lower_half_range;relative_weakness_negative;volume_above_20d_average,168.3800048828125,172.9499969482422,167.47000122070312,170.60000610351562,170.4199981689453,163.2884001596724,154.02976789258986,142.95130608619155,110.21180891776663,2.089030269669479,1.6570238210925652,1.128518368054074,9.824285779680524,0.5711692195457444,-0.04285818102143995,0.4480826370982909,QQQ,"SPY,QQQ",50.0,770.1900024414062,757.749642905043,True,718.9600219726562,710.4548482967451,True
ON,debit,pullback,bull_continuation,10,valid_setup,NO,LIQUIDITY_REJECT,"short leg illiquid (vol=12, oi=392)",close_above_ema21;ema8_above_ema21;ema21_above_ema50;ema21_slope_positive;low_near_ema21;recent_2_5_day_pullback;close_upper_half_range,74.37999725341797,2026-12-18,102,,90.0,,,,,,,,,,,,,0.5310734463276836,,12,392,0,0,0.007481437399983559,0.029700269670685515,0.09197707566052539,1.0952952875460698,0.020845321495016833,-0.07802250998520732,1.4524806285014191,0.03705873832469679,True,False,"SPY: close=770.19, ema50=757.75, above=true; QQQ: close=718.96, ema50=710.45, above=true",,,"short leg illiquid (vol=12, oi=392)",,,,False,"short leg illiquid (vol=12, oi=392)",2026-12-18,0.27945205479452057,0.045,,ON261218C00090000,,,,,,False,,,3.25,5.6,4.1,4.425,"mid=avg(bid,ask)",True,0.6029092443847659,,0.8229793627078074,,,,,,,,,,,,,,,,,,,,,,,0.5,0.5,2.0,21,76.58910322994933,pullback,bull_continuation,10.0,valid_setup,ema50_above_ema200;ema8_slope_positive;low_near_ema8;reclaimed_ema8;relative_strength_positive;volume_above_20d_average;atr_pullback_controlled,close_above_ema21;ema8_above_ema21;ema21_above_ema50;ema21_slope_positive;low_near_ema21;recent_2_5_day_pullback;close_upper_half_range,75.2300033569336,75.33000183105469,73.56999969482422,74.37999725341797,73.6500015258789,73.82352796015557,76.58910322994933,83.5039930051341,81.52691826848191,0.15899122664640686,-0.2209105976531447,-0.37240798986596246,2.7564288548060825,0.46022532695817275,0.007481437399983559,-0.3612899950862045,QQQ,"SPY,QQQ",50.0,770.1900024414062,757.749642905043,True,718.9600219726562,710.4548482967451,True
ON,credit,pullup,bear_ema8_rejection,12,strong_setup,NO,LIQUIDITY_REJECT,"short leg illiquid (vol=24, oi=341)",ema50_below_ema200;ema8_slope_negative;high_near_ema8;high_near_ema21;recent_2_5_day_bounce;failed_ema8_reclaim,74.37999725341797,2026-12-18,102,,95.0,,,,,,,,,,,,,0.28169014084507044,,24,341,0,0,0.007481437399983559,0.029700269670685515,0.5465310190293652,0.4567871928561791,0.020845321495016833,-0.07802250998520732,1.4524806285014191,0.03705873832469679,True,False,"SPY: close=770.19, ema50=757.75, above=true; QQQ: close=718.96, ema50=710.45, above=true",,,"short leg illiquid (vol=24, oi=341)",,,,False,"short leg illiquid (vol=24, oi=341)",2026-12-18,0.27945205479452057,0.045,,ON261218C00095000,,,,,,False,,,3.05,4.05,3.43,3.55,"mid=avg(bid,ask)",True,0.6126747717285157,,0.8229793627078074,,,,,,,,,,,,,,,,,,,,,,,0.5,0.5,2.0,21,76.58910322994933,pullup,bear_ema8_rejection,12.0,strong_setup,close_below_ema21;ema8_below_ema21;ema21_below_ema50;ema21_slope_negative;close_lower_half_range;relative_weakness_negative;volume_above_20d_average;atr_bounce_controlled,ema50_below_ema200;ema8_slope_negative;high_near_ema8;high_near_ema21;recent_2_5_day_bounce;failed_ema8_reclaim,75.2300033569336,75.33000183105469,73.56999969482422,74.37999725341797,73.6500015258789,73.82352796015557,76.58910322994933,83.5039930051341,81.52691826848191,0.15899122664640686,-0.2209105976531447,-0.37240798986596246,2.7564288548060825,0.46022532695817275,-0.007481437399983559,-0.3612899950862045,QQQ,"SPY,QQQ",50.0,770.1900024414062,757.749642905043,True,718.9600219726562,710.4548482967451,True
ONDS,debit,pullback,bull_ema8_reclaim,3,reject,NO,SETUP_REJECT,setup_score_below_near_miss_threshold,close_above_ema21;ema8_above_ema21;ema21_above_ema50;ema50_above_ema200;ema8_slope_positive;ema21_slope_positive;low_near_ema8;low_near_ema21;reclaimed_ema8;relative_strength_positive;volume_above_20d_average,7.619999885559082,,-1,,,,,,,,,,,,,,,,,0,0,0,0,0.0224570784451527,0.06772401102927247,0.655132764436141,1.3375913286818693,-0.03897450377478684,-0.15792741372592312,0.6085459628106409,0.06632920290794506,True,False,"SPY: close=770.19, ema50=757.75, above=true; QQQ: close=718.96, ema50=710.45, above=true",,,setup_score_below_near_miss_threshold,,,SETUP_REJECT,False,setup_score_below_near_miss_threshold,,,0.045,,,,,,,,False,,,,,,,,False,,,,,,,,,,,,,,,,,,,,,,,,,,0.5,0.5,2.0,21,8.13605684185174,pullback,bull_ema8_reclaim,3.0,reject,recent_2_5_day_pullback;close_upper_half_range;atr_pullback_controlled,close_above_ema21;ema8_above_ema21;ema21_above_ema50;ema50_above_ema200;ema8_slope_positive;ema21_slope_positive;low_near_ema8;low_near_ema21;reclaimed_ema8;relative_strength_positive;volume_above_20d_average,7.610000133514404,7.685999870300293,7.460000038146973,7.619999885559082,7.630000114440918,7.791122820741137,8.13605684185174,8.388041501489454,9.366755764817462,-0.04889226719487372,-0.051605695629266535,-0.03134863738491234,0.5054285185677665,0.707964452396425,-0.0224570784451527,-0.21795369467268488,QQQ,"SPY,QQQ",50.0,770.1900024414062,757.749642905043,True,718.9600219726562,710.4548482967451,True
ONDS,credit,pullup,bear_ema8_rejection,15,strong_setup,NO,LIQUIDITY_REJECT,short leg bid/ask too wide (17.8%>15.0%),high_near_ema21;failed_ema8_reclaim;close_lower_half_range;volume_above_20d_average,7.619999885559082,2026-12-18,102,,11.0,,,,,,,,,,,,,0.17821782178217827,,133,4947,0,0,0.0224570784451527,0.06772401102927247,0.20798776993971574,0.890446334185444,-0.03897450377478684,-0.15792741372592312,0.6085459628106409,0.06632920290794506,True,False,"SPY: close=770.19, ema50=757.75, above=true; QQQ: close=718.96, ema50=710.45, above=true",,,short leg bid/ask too wide (17.8%>15.0%),,,,False,short leg bid/ask too wide (17.8%>15.0%),2026-12-18,0.27945205479452057,0.045,,ONDS261218C00011000,,,,,,False,,,0.46,0.55,0.53,0.505,"mid=avg(bid,ask)",True,0.86914193359375,,0.838395469282413,,,,,,,,,,,,,,,,,,,,,,,0.5,0.5,2.0,21,8.13605684185174,pullup,bear_ema8_rejection,15.0,strong_setup,close_below_ema21;ema8_below_ema21;ema21_below_ema50;ema50_below_ema200;ema8_slope_negative;ema21_slope_negative;high_near_ema8;recent_2_5_day_bounce;relative_weakness_negative;atr_bounce_controlled,high_near_ema21;failed_ema8_reclaim;close_lower_half_range;volume_above_20d_average,7.610000133514404,7.685999870300293,7.460000038146973,7.619999885559082,7.630000114440918,7.791122820741137,8.13605684185174,8.388041501489454,9.366755764817462,-0.04889226719487372,-0.051605695629266535,-0.03134863738491234,0.5054285185677665,0.707964452396425,0.0224570784451527,-0.21795369467268488,QQQ,"SPY,QQQ",50.0,770.1900024414062,757.749642905043,True,718.9600219726562,710.4548482967451,True
ORCL,debit,pullback,bull_ema8_pullback,11,strong_setup,NO,PRICING_REJECT,spread mid/width too high (28.4%>20.0%),ema21_above_ema50;ema50_above_ema200;low_near_ema8;low_near_ema21;recent_2_5_day_pullback;reclaimed_ema8,158.77999877929688,2026-12-18,102,165.0,200.0,35.0,9.950000000000003,10.75,0.7999999999999972,87.16796256055054,good,0.28428571428571436,,,,,,0.04324324324324309,0.06249999999999995,1384,13305,86,1823,0.05211063899374205,0.07337189589861345,0.9980224410396401,1.5410774048283804,0.04903728658081352,0.08561817603701549,1.1633209761207595,0.03915120627300347,True,False,"SPY: close=770.19, ema50=757.75, above=true; QQQ: close=718.96, ema50=710.45, above=true",,,spread mid/width too high (28.4%>20.0%),,,PRICING_REJECT,False,spread mid/width too high (28.4%>20.0%),2026-12-18,0.27945205479452057,0.045,ORCL261218C00165000,ORCL261218C00200000,18.6,19.8,18.79,19.200000000000003,"mid=avg(bid,ask)",True,0.6494786029052735,,9.05,9.45,9.2,9.25,"mid=avg(bid,ask)",True,0.6517979156494143,,0.5731820688670245,,,,,,,,,,,,,,,,,,,,,,,0.5,0.5,2.0,21,147.13000923808033,pullback,bull_ema8_pullback,11.0,strong_setup,close_above_ema21;ema8_above_ema21;ema8_slope_positive;ema21_slope_positive;close_upper_half_range;relative_strength_positive;volume_above_20d_average;atr_pullback_controlled,ema21_above_ema50;ema50_above_ema200;low_near_ema8;low_near_ema21;recent_2_5_day_pullback;reclaimed_ema8,159.4600067138672,159.6999969482422,156.7100067138672,158.77999877929688,154.0399932861328,150.50587158348213,147.13000923808033,148.74663851509732,157.14638894285062,2.364036341661347,1.1649989541216428,0.40952490874283853,6.216428484235491,0.6923072997468768,0.05211063899374205,-0.24749864572571,QQQ,"SPY,QQQ",50.0,770.1900024414062,757.749642905043,True,718.9600219726562,710.4548482967451,True
ORCL,credit,pullup,bear_continuation,5,near_miss,NO,SETUP_REJECT,near_miss setup; below option evaluation threshold,close_below_ema21;ema8_below_ema21;ema8_slope_negative;ema21_slope_negative;high_near_ema8;high_near_ema21;recent_2_5_day_bounce;failed_ema8_reclaim;close_lower_half_range;relative_weakness_negative,158.77999877929688,,-1,,,,,,,,,,,,,,,,,0,0,0,0,0.05211063899374205,0.07337189589861345,1.4790044457321165,2.022059409520857,0.04903728658081352,0.08561817603701549,1.1633209761207595,0.03915120627300347,True,False,"SPY: close=770.19, ema50=757.75, above=true; QQQ: close=718.96, ema50=710.45, above=true",,,near_miss setup; below option evaluation threshold,,,SETUP_REJECT,False,near_miss setup; below option evaluation threshold,,,0.045,,,,,,,,False,,,,,,,,False,,,,,,,,,,,,,,,,,,,,,,,,,,0.5,0.5,2.0,21,147.13000923808033,pullup,bear_continuation,5.0,near_miss,ema21_below_ema50;ema50_below_ema200;volume_above_20d_average;atr_bounce_controlled,close_below_ema21;ema8_below_ema21;ema8_slope_negative;ema21_slope_negative;high_near_ema8;high_near_ema21;recent_2_5_day_bounce;failed_ema8_reclaim;close_lower_half_range;relative_weakness_negative,159.4600067138672,159.6999969482422,156.7100067138672,158.77999877929688,154.0399932861328,150.50587158348213,147.13000923808033,148.74663851509732,157.14638894285062,2.364036341661347,1.1649989541216428,0.40952490874283853,6.216428484235491,0.6923072997468768,-0.05211063899374205,-0.24749864572571,QQQ,"SPY,QQQ",50.0,770.1900024414062,757.749642905043,True,718.9600219726562,710.4548482967451,True
PANW,debit,pullback,bull_continuation,5,near_miss,NO,SETUP_REJECT,near_miss setup; below option evaluation threshold,close_above_ema21;ema8_above_ema21;ema8_slope_positive;ema21_slope_positive;low_near_ema8;low_near_ema21;reclaimed_ema8;close_upper_half_range;relative_strength_positive;volume_above_20d_average,333.260009765625,,-1,,,,,,,,,,,,,,,,,0,0,0,0,0.04327327225478313,0.06172789202253946,0.9617371097651358,1.2622698283265947,-0.10668272724500782,-0.07846911724833949,0.9144969228497672,0.06140635820316641,True,False,"SPY: close=770.19, ema50=757.75, above=true; QQQ: close=718.96, ema50=710.45, above=true",,,near_miss setup; below option evaluation threshold,,,SETUP_REJECT,False,near_miss setup; below option evaluation threshold,,,0.045,,,,,,,,False,,,,,,,,False,,,,,,,,,,,,,,,,,,,,,,,,,,0.5,0.5,2.0,21,353.83144766386795,pullback,bull_continuation,5.0,near_miss,ema21_above_ema50;ema50_above_ema200;recent_2_5_day_pullback;atr_pullback_controlled,close_above_ema21;ema8_above_ema21;ema8_slope_positive;ema21_slope_positive;low_near_ema8;low_near_ema21;reclaimed_ema8;close_upper_half_range;relative_strength_positive;volume_above_20d_average,329.6600036621094,339.1000061035156,328.0,333.260009765625,331.94000244140625,347.6812608998446,353.83144766386795,338.6867881233131,255.43248203174653,-4.120357466919927,-2.057143789824295,-0.2215011574566006,20.464283534458705,0.4738744930923087,-0.04327327225478313,0.22966083036230067,QQQ,"SPY,QQQ",50.0,770.1900024414062,757.749642905043,True,718.9600219726562,710.4548482967451,True
PANW,credit,pullup,bear_ema8_rejection,11,strong_setup,NO,LIQUIDITY_REJECT,"short leg illiquid (vol=12, oi=209)",ema21_below_ema50;ema50_below_ema200;high_near_ema8;high_near_ema21;failed_ema8_reclaim;volume_above_20d_average,333.260009765625,2026-12-18,102,,420.0,,,,,,,,,,,,,0.1774193548387096,,12,209,0,0,0.04327327225478313,0.06172789202253946,0.41932837677309526,0.7198610953345541,-0.10668272724500782,-0.07846911724833949,0.9144969228497672,0.06140635820316641,True,False,"SPY: close=770.19, ema50=757.75, above=true; QQQ: close=718.96, ema50=710.45, above=true",,,"short leg illiquid (vol=12, oi=209)",,,,False,"short leg illiquid (vol=12, oi=209)",2026-12-18,0.27945205479452057,0.045,,PANW261218C00420000,,,,,,False,,,11.3,13.5,12.4,12.4,"mid=avg(bid,ask)",True,0.5350388293457031,,0.5751965792554553,,,,,,,,,,,,,,,,,,,,,,,0.5,0.5,2.0,21,353.83144766386795,pullup,bear_ema8_rejection,11.0,strong_setup,close_below_ema21;ema8_below_ema21;ema8_slope_negative;ema21_slope_negative;recent_2_5_day_bounce;close_lower_half_range;relative_weakness_negative;atr_bounce_controlled,ema21_below_ema50;ema50_below_ema200;high_near_ema8;high_near_ema21;failed_ema8_reclaim;volume_above_20d_average,329.6600036621094,339.1000061035156,328.0,333.260009765625,331.94000244140625,347.6812608998446,353.83144766386795,338.6867881233131,255.43248203174653,-4.120357466919927,-2.057143789824295,-0.2215011574566006,20.464283534458705,0.4738744930923087,0.04327327225478313,0.22966083036230067,QQQ,"SPY,QQQ",50.0,770.1900024414062,757.749642905043,True,718.9600219726562,710.4548482967451,True
PATH,debit,pullback,bull_continuation,9,valid_setup,NO,LIQUIDITY_REJECT,short leg bid/ask too wide (30.2%>15.0%),close_above_ema21;ema8_slope_positive;ema21_slope_positive;low_near_ema8;low_near_ema21;recent_2_5_day_pullback;reclaimed_ema8;close_upper_half_range,15.1899995803833,2026-12-18,102,,20.0,,,,,,,,,,,,,0.3018867924528301,,273,3858,0,0,0.13283505051104474,0.0781533684635312,2.5423641682707174,1.6761090396639509,-0.16661684464841064,0.014931383506571305,1.5289885194409845,0.06312422315520408,True,False,"SPY: close=770.19, ema50=757.75, above=true; QQQ: close=718.96, ema50=710.45, above=true",,,short leg bid/ask too wide (30.2%>15.0%),,,,False,short leg bid/ask too wide (30.2%>15.0%),2026-12-18,0.27945205479452057,0.045,,PATH261218C00020000,,,,,,False,,,0.9,1.22,1.06,1.06,"mid=avg(bid,ask)",True,0.7719749365234375,,0.6765593006840498,,,,,,,,,,,,,,,,,,,,,,,0.5,0.5,2.0,21,16.37714921454988,pullback,bull_continuation,9.0,valid_setup,ema8_above_ema21;ema21_above_ema50;ema50_above_ema200;relative_strength_positive;volume_above_20d_average;atr_pullback_controlled,close_above_ema21;ema8_slope_positive;ema21_slope_positive;low_near_ema8;low_near_ema21;recent_2_5_day_pullback;reclaimed_ema8;close_upper_half_range,16.239999771118164,16.709999084472656,14.770000457763672,15.1899995803833,18.219999313354492,17.207763941906265,16.37714921454988,14.605342664213438,12.375498366113233,-0.5765041032922724,-0.11871496341665733,0.023863547598770296,0.9588569232395717,0.2164945463554868,-0.13283505051104474,0.3765948129650061,QQQ,"SPY,QQQ",50.0,770.1900024414062,757.749642905043,True,718.9600219726562,710.4548482967451,True
PATH,credit,pullup,bear_ema8_rejection,11,strong_setup,NO,LIQUIDITY_REJECT,"short leg illiquid (vol=11, oi=134)",ema8_below_ema21;ema21_below_ema50;ema50_below_ema200;high_near_ema8;recent_2_5_day_bounce;failed_ema8_reclaim,15.1899995803833,2026-12-18,102,,21.0,,,,,,,,,,,,,0.20930232558139528,,11,134,0,0,0.13283505051104474,0.0781533684635312,0.5191231823741459,0.34713194623262067,-0.16661684464841064,0.014931383506571305,1.5289885194409845,0.06312422315520408,True,False,"SPY: close=770.19, ema50=757.75, above=true; QQQ: close=718.96, ema50=710.45, above=true",,,"short leg illiquid (vol=11, oi=134)",,,,False,"short leg illiquid (vol=11, oi=134)",2026-12-18,0.27945205479452057,0.045,,PATH261218C00021000,,,,,,False,,,0.77,0.95,0.82,0.86,"mid=avg(bid,ask)",True,0.762697685546875,,0.6765593006840498,,,,,,,,,,,,,,,,,,,,,,,0.5,0.5,2.0,21,16.37714921454988,pullup,bear_ema8_rejection,11.0,strong_setup,close_below_ema21;ema8_slope_negative;ema21_slope_negative;high_near_ema21;close_lower_half_range;relative_weakness_negative;volume_above_20d_average;atr_bounce_controlled,ema8_below_ema21;ema21_below_ema50;ema50_below_ema200;high_near_ema8;recent_2_5_day_bounce;failed_ema8_reclaim,16.239999771118164,16.709999084472656,14.770000457763672,15.1899995803833,18.219999313354492,17.207763941906265,16.37714921454988,14.605342664213438,12.375498366113233,-0.5765041032922724,-0.11871496341665733,0.023863547598770296,0.9588569232395717,0.2164945463554868,0.13283505051104474,0.3765948129650061,QQQ,"SPY,QQQ",50.0,770.1900024414062,757.749642905043,True,718.9600219726562,710.4548482967451,True
PFE,debit,pullback,bull_ema8_pullback,15,strong_setup,NO,LIQUIDITY_REJECT,"short leg illiquid (vol=25, oi=4788)",low_near_ema21;reclaimed_ema8;close_upper_half_range;volume_above_20d_average,28.450000762939453,2026-12-18,102,,31.0,,,,,,,,,,,,,0.1705426356589147,,25,4788,0,0,2.9163303874634e-05,0.025820082647750903,0.11080165906158486,1.064544047730625,0.013993656700278523,0.06878307915115822,0.6830494294590466,0.021943262475740567,True,False,"SPY: close=770.19, ema50=757.75, above=true; QQQ: close=718.96, ema50=710.45, above=true",,,"short leg illiquid (vol=25, oi=4788)",,,,False,"short leg illiquid (vol=25, oi=4788)",2026-12-18,0.27945205479452057,0.045,,PFE261218C00031000,,,,,,False,,,0.59,0.7,0.61,0.645,"mid=avg(bid,ask)",True,0.2661206201171875,,0.22546532009684822,,,,,,,,,,,,,,,,,,,,,,,0.5,0.5,2.0,21,27.71541939191178,pullback,bull_ema8_pullback,15.0,strong_setup,close_above_ema21;ema8_above_ema21;ema21_above_ema50;ema50_above_ema200;ema8_slope_positive;ema21_slope_positive;low_near_ema8;recent_2_5_day_pullback;relative_strength_positive;atr_pullback_controlled,low_near_ema21;reclaimed_ema8;close_upper_half_range;volume_above_20d_average,28.579999923706055,28.690000534057617,28.3799991607666,28.450000762939453,28.809999465942383,28.44917106692197,27.71541939191178,26.738443678262243,26.35308582705007,0.0002370560049982373,0.07345813710276872,0.06985947284396943,0.6242858341761998,0.2258106195779241,2.9163303874634e-05,0.07489973442740672,QQQ,"SPY,QQQ",50.0,770.1900024414062,757.749642905043,True,718.9600219726562,710.4548482967451,True
PFE,credit,pullup,bear_breakdown_retest,5,near_miss,NO,SETUP_REJECT,near_miss setup; below option evaluation threshold,close_below_ema21;ema8_below_ema21;ema21_below_ema50;ema50_below_ema200;ema8_slope_negative;ema21_slope_negative;high_near_ema21;failed_ema8_reclaim;relative_weakness_negative;volume_above_20d_average,28.450000762939453,,-1,,,,,,,,,,,,,,,,,0,0,0,0,2.9163303874634e-05,0.025820082647750903,0.38576795107555656,1.5611136578677662,0.013993656700278523,0.06878307915115822,0.6830494294590466,0.021943262475740567,True,False,"SPY: close=770.19, ema50=757.75, above=true; QQQ: close=718.96, ema50=710.45, above=true",,,near_miss setup; below option evaluation threshold,,,SETUP_REJECT,False,near_miss setup; below option evaluation threshold,,,0.045,,,,,,,,False,,,,,,,,False,,,,,,,,,,,,,,,,,,,,,,,,,,0.5,0.5,2.0,21,27.71541939191178,pullup,bear_breakdown_retest,5.0,near_miss,high_near_ema8;recent_2_5_day_bounce;close_lower_half_range;atr_bounce_controlled,close_below_ema21;ema8_below_ema21;ema21_below_ema50;ema50_below_ema200;ema8_slope_negative;ema21_slope_negative;high_near_ema21;failed_ema8_reclaim;relative_weakness_negative;volume_above_20d_average,28.579999923706055,28.690000534057617,28.3799991607666,28.450000762939453,28.809999465942383,28.44917106692197,27.71541939191178,26.738443678262243,26.35308582705007,0.0002370560049982373,0.07345813710276872,0.06985947284396943,0.6242858341761998,0.2258106195779241,-2.9163303874634e-05,0.07489973442740672,QQQ,"SPY,QQQ",50.0,770.1900024414062,757.749642905043,True,718.9600219726562,710.4548482967451,True
PINS,debit,pullback,bull_continuation,3,reject,NO,SETUP_REJECT,setup_score_below_near_miss_threshold,close_above_ema21;ema8_above_ema21;ema21_above_ema50;ema8_slope_positive;ema21_slope_positive;low_near_ema8;low_near_ema21;recent_2_5_day_pullback;reclaimed_ema8;close_upper_half_range;relative_strength_positive,20.399999618530273,,-1,,,,,,,,,,,,,,,,,0,0,0,0,0.05900665097423817,0.10111404734700932,1.8289101237702443,2.9246613466595535,-0.12384195503323259,-0.13288444212728712,1.00878039245518,0.03842787988111127,True,False,"SPY: close=770.19, ema50=757.75, above=true; QQQ: close=718.96, ema50=710.45, above=true",,,setup_score_below_near_miss_threshold,,,SETUP_REJECT,False,setup_score_below_near_miss_threshold,,,0.045,,,,,,,,False,,,,,,,,False,,,,,,,,,,,,,,,,,,,,,,,,,,0.5,0.5,2.0,21,22.462726145837316,pullback,bull_continuation,3.0,reject,ema50_above_ema200;volume_above_20d_average;atr_pullback_controlled,close_above_ema21;ema8_above_ema21;ema21_above_ema50;ema8_slope_positive;ema21_slope_positive;low_near_ema8;low_near_ema21;recent_2_5_day_pullback;reclaimed_ema8;close_upper_half_range;relative_strength_positive,20.700000762939453,20.739999771118164,20.170000076293945,20.399999618530273,20.850000381469727,21.60373527589548,22.462726145837316,22.476346231406982,21.030100635763706,-0.34392447353291544,-0.2062726527307035,-0.08474884134190575,0.7839287349155971,0.4035081848723749,-0.05900665097423817,-0.09935907953491041,QQQ,"SPY,QQQ",50.0,770.1900024414062,757.749642905043,True,718.9600219726562,710.4548482967451,True
PINS,credit,pullup,bear_continuation,13,strong_setup,NO,LIQUIDITY_REJECT,long leg bid/ask too wide (41.4%>15.0%),ema50_below_ema200;high_near_ema8;high_near_ema21;recent_2_5_day_bounce;failed_ema8_reclaim,20.399999618530273,2026-12-18,102,30.0,25.0,5.0,,,,,,,,,,,,0.1286549707602339,0.4137931034482758,76,1949,6,591,0.05900665097423817,0.10111404734700932,1.1018036031939975,2.1975548260833064,-0.12384195503323259,-0.13288444212728712,1.00878039245518,0.03842787988111127,True,False,"SPY: close=770.19, ema50=757.75, above=true; QQQ: close=718.96, ema50=710.45, above=true",,,long leg bid/ask too wide (41.4%>15.0%),,,,False,long leg bid/ask too wide (41.4%>15.0%),2026-12-18,0.27945205479452057,0.045,PINS261218C00030000,PINS261218C00025000,0.23,0.35,0.35,0.29,"mid=avg(bid,ask)",True,0.5390671093750001,,0.8,0.91,0.75,0.855,"mid=avg(bid,ask)",True,0.5258836474609375,,0.47519118002405364,,,,,,,,,,,,,,,,,,,,,,,0.5,0.5,2.0,21,22.462726145837316,pullup,bear_continuation,13.0,strong_setup,close_below_ema21;ema8_below_ema21;ema21_below_ema50;ema8_slope_negative;ema21_slope_negative;close_lower_half_range;relative_weakness_negative;volume_above_20d_average;atr_bounce_controlled,ema50_below_ema200;high_near_ema8;high_near_ema21;recent_2_5_day_bounce;failed_ema8_reclaim,20.700000762939453,20.739999771118164,20.170000076293945,20.399999618530273,20.850000381469727,21.60373527589548,22.462726145837316,22.476346231406982,21.030100635763706,-0.34392447353291544,-0.2062726527307035,-0.08474884134190575,0.7839287349155971,0.4035081848723749,0.05900665097423817,-0.09935907953491041,QQQ,"SPY,QQQ",50.0,770.1900024414062,757.749642905043,True,718.9600219726562,710.4548482967451,True
PLT,debit,,,0,reject,NO,DATA_REJECT,no/insufficient daily data,,,,-1,,,,,,,,,,,,,,,,,0,0,0,0,,,,,,,,,,,,,,no/insufficient daily data,,,DATA_REJECT,False,no/insufficient daily data,,,0.045,,,,,,,,False,,,,,,,,False,,,,,,,,,,,,,,,,,,,,,,,,,,0.5,0.5,2.0,21,,,,,,,,,,,,,,,,,,,,,,,,,,,,,,,,
PLT,credit,,,0,reject,NO,DATA_REJECT,no/insufficient daily data,,,,-1,,,,,,,,,,,,,,,,,0,0,0,0,,,,,,,,,,,,,,no/insufficient daily data,,,DATA_REJECT,False,no/insufficient daily data,,,0.045,,,,,,,,False,,,,,,,,False,,,,,,,,,,,,,,,,,,,,,,,,,,0.5,0.5,2.0,21,,,,,,,,,,,,,,,,,,,,,,,,,,,,,,,,
PLTR,debit,pullback,bull_ema21_pullback,14,strong_setup,NO,PRICING_REJECT,spread mid/width too high (31.5%>20.0%),ema8_slope_positive;low_near_ema8;reclaimed_ema8;close_upper_half_range;volume_above_20d_average,174.3300018310547,2026-12-18,102,180.0,210.0,30.0,9.450000000000001,9.8,0.34999999999999964,93.62379301564917,excellent,0.31500000000000006,,,,,,0.03278688524590172,0.021505376344086134,77,4212,66,4969,0.021105817219433196,0.01360662052782854,0.5265827185993567,0.20775542318181847,-0.06773237308620461,0.01911672953984389,0.8414286729082638,0.04727037283269111,True,False,"SPY: close=770.19, ema50=757.75, above=true; QQQ: close=718.96, ema50=710.45, above=true",,,spread mid/width too high (31.5%>20.0%),,,PRICING_REJECT,False,spread mid/width too high (31.5%>20.0%),2026-12-18,0.27945205479452057,0.045,PLTR261218C00180000,PLTR261218C00210000,18.4,18.8,18.29,18.6,"mid=avg(bid,ask)",True,0.5698895550537109,,9.0,9.3,9.05,9.15,"mid=avg(bid,ask)",True,0.5600019586181642,,0.7545363252155326,,,,,,,,,,,,,,,,,,,,,,,0.5,0.5,2.0,21,171.95795964952387,pullback,bull_ema21_pullback,14.0,strong_setup,close_above_ema21;ema8_above_ema21;ema21_above_ema50;ema50_above_ema200;ema21_slope_positive;low_near_ema21;recent_2_5_day_pullback;relative_strength_positive;atr_pullback_controlled,ema8_slope_positive;low_near_ema8;reclaimed_ema8;close_upper_half_range;volume_above_20d_average,180.00999450683594,182.19000244140625,173.6699981689453,174.3300018310547,182.52999877929688,178.00937898556438,171.95795964952387,158.27915000337643,148.4222026668365,-1.0512506155741903,0.23720421815309578,0.6551368092929977,8.240644182477679,0.07746517971155172,-0.021105817219433196,0.3024088040976092,QQQ,"SPY,QQQ",50.0,770.1900024414062,757.749642905043,True,718.9600219726562,710.4548482967451,True
PLTR,credit,pullup,bear_continuation,6,watchlist,NO,SETUP_REJECT,watchlist setup; below option evaluation threshold,close_below_ema21;ema8_below_ema21;ema21_below_ema50;ema50_below_ema200;ema21_slope_negative;high_near_ema8;high_near_ema21;failed_ema8_reclaim;volume_above_20d_average,174.3300018310547,,-1,,,,,,,,,,,,,,,,,0,0,0,0,0.021105817219433196,0.01360662052782854,0.5073175547041879,1.2416556964853631,-0.06773237308620461,0.01911672953984389,0.8414286729082638,0.04727037283269111,True,False,"SPY: close=770.19, ema50=757.75, above=true; QQQ: close=718.96, ema50=710.45, above=true",,,watchlist setup; below option evaluation threshold,,,SETUP_REJECT,False,watchlist setup; below option evaluation threshold,,,0.045,,,,,,,,False,,,,,,,,False,,,,,,,,,,,,,,,,,,,,,,,,,,0.5,0.5,2.0,21,171.95795964952387,pullup,bear_continuation,6.0,watchlist,ema8_slope_negative;recent_2_5_day_bounce;close_lower_half_range;relative_weakness_negative;atr_bounce_controlled,close_below_ema21;ema8_below_ema21;ema21_below_ema50;ema50_below_ema200;ema21_slope_negative;high_near_ema8;high_near_ema21;failed_ema8_reclaim;volume_above_20d_average,180.00999450683594,182.19000244140625,173.6699981689453,174.3300018310547,182.52999877929688,178.00937898556438,171.95795964952387,158.27915000337643,148.4222026668365,-1.0512506155741903,0.23720421815309578,0.6551368092929977,8.240644182477679,0.07746517971155172,0.021105817219433196,0.3024088040976092,QQQ,"SPY,QQQ",50.0,770.1900024414062,757.749642905043,True,718.9600219726562,710.4548482967451,True
PRST,debit,pullback,bull_continuation,7,watchlist,NO,SETUP_REJECT,watchlist setup; below option evaluation threshold,close_above_ema21;ema8_above_ema21;ema21_above_ema50;ema50_above_ema200;ema8_slope_positive;ema21_slope_positive;recent_2_5_day_pullback;reclaimed_ema8;close_upper_half_range;volume_above_20d_average,9.999999747378752e-05,,-1,,,,,,,,,,,,,,,,,0,0,0,0,1.34992660653656e-11,0.00010869329874962066,,,-0.0035314396699468453,0.005629098597988658,,0.0,True,False,"SPY: close=770.19, ema50=757.75, above=true; QQQ: close=718.96, ema50=710.45, above=true",,,watchlist setup; below option evaluation threshold,,,SETUP_REJECT,False,watchlist setup; below option evaluation threshold,,,0.045,,,,,,,,False,,,,,,,,False,,,,,,,,,,,,,,,,,,,,,,,,,,0.5,0.5,2.0,21,0.0001000108668033879,pullback,bull_continuation,7.0,watchlist,low_near_ema8;low_near_ema21;relative_strength_positive;atr_pullback_controlled,close_above_ema21;ema8_above_ema21;ema21_above_ema50;ema50_above_ema200;ema8_slope_positive;ema21_slope_positive;recent_2_5_day_pullback;reclaimed_ema8;close_upper_half_range;volume_above_20d_average,9.999999747378752e-05,9.999999747378752e-05,9.999999747378752e-05,9.999999747378752e-05,9.999999747378752e-05,9.999999747513744e-05,0.0001000108668033879,0.0001018273413960854,0.00011182778329538019,-3.8569137033456213e-16,-1.0869329600461013e-09,-7.458546621623788e-08,0.0,,-1.34992660653656e-11,-0.03642840381483592,QQQ,"SPY,QQQ",50.0,770.1900024414062,757.749642905043,True,718.9600219726562,710.4548482967451,True
PRST,credit,pullup,bear_ema8_rejection,16,strong_setup,NO,OPTION_CHAIN_REJECT,no options expirations found,recent_2_5_day_bounce;failed_ema8_reclaim;close_lower_half_range;volume_above_20d_average,9.999999747378752e-05,,-1,,,,,,,,,,,,,,,,,0,0,0,0,1.34992660653656e-11,0.00010869329874962066,,,-0.0035314396699468453,0.005629098597988658,,0.0,True,False,"SPY: close=770.19, ema50=757.75, above=true; QQQ: close=718.96, ema50=710.45, above=true",,,no options expirations found,,,OPTION_CHAIN_REJECT,False,no options expirations found,,,0.045,,,,,,,,False,,,,,,,,False,,,,,,,,,,,,,,,,,,,,,,,,,,0.5,0.5,2.0,21,0.0001000108668033879,pullup,bear_ema8_rejection,16.0,strong_setup,close_below_ema21;ema8_below_ema21;ema21_below_ema50;ema50_below_ema200;ema8_slope_negative;ema21_slope_negative;high_near_ema8;high_near_ema21;relative_weakness_negative;atr_bounce_controlled,recent_2_5_day_bounce;failed_ema8_reclaim;close_lower_half_range;volume_above_20d_average,9.999999747378752e-05,9.999999747378752e-05,9.999999747378752e-05,9.999999747378752e-05,9.999999747378752e-05,9.999999747513744e-05,0.0001000108668033879,0.0001018273413960854,0.00011182778329538019,-3.8569137033456213e-16,-1.0869329600461013e-09,-7.458546621623788e-08,0.0,,1.34992660653656e-11,-0.03642840381483592,QQQ,"SPY,QQQ",50.0,770.1900024414062,757.749642905043,True,718.9600219726562,710.4548482967451,True
PSTG,debit,,,0,reject,NO,DATA_REJECT,no/insufficient daily data,,,,-1,,,,,,,,,,,,,,,,,0,0,0,0,,,,,,,,,,,,,,no/insufficient daily data,,,DATA_REJECT,False,no/insufficient daily data,,,0.045,,,,,,,,False,,,,,,,,False,,,,,,,,,,,,,,,,,,,,,,,,,,0.5,0.5,2.0,21,,,,,,,,,,,,,,,,,,,,,,,,,,,,,,,,
PSTG,credit,,,0,reject,NO,DATA_REJECT,no/insufficient daily data,,,,-1,,,,,,,,,,,,,,,,,0,0,0,0,,,,,,,,,,,,,,no/insufficient daily data,,,DATA_REJECT,False,no/insufficient daily data,,,0.045,,,,,,,,False,,,,,,,,False,,,,,,,,,,,,,,,,,,,,,,,,,,0.5,0.5,2.0,21,,,,,,,,,,,,,,,,,,,,,,,,,,,,,,,,
PWR,debit,pullback,bull_ema8_reclaim,9,valid_setup,NO,LIQUIDITY_REJECT,"short leg illiquid (vol=1, oi=16)",close_above_ema21;ema8_above_ema21;ema21_above_ema50;ema21_slope_positive;low_near_ema21;recent_2_5_day_pullback;close_upper_half_range;volume_above_20d_average,624.4099731445312,2026-12-18,102,,740.0,,,,,,,,,,,,,0.20425531914893605,,1,16,0,0,0.0067143877569772895,0.017245350229690516,0.05251588099099906,0.6874237075003431,0.03248973255137133,-0.06499575366524324,0.6142279860915327,0.037737348613886064,True,False,"SPY: close=770.19, ema50=757.75, above=true; QQQ: close=718.96, ema50=710.45, above=true",,,"short leg illiquid (vol=1, oi=16)",,,,False,"short leg illiquid (vol=1, oi=16)",2026-12-18,0.27945205479452057,0.045,,PWR261218C00740000,,,,,,False,,,21.1,25.9,21.05,23.5,"mid=avg(bid,ask)",True,0.4782156671142578,,0.5302946260768339,,,,,,,,,,,,,,,,,,,,,,,0.5,0.5,2.0,21,635.1781418183203,pullback,bull_ema8_reclaim,9.0,valid_setup,ema50_above_ema200;ema8_slope_positive;low_near_ema8;reclaimed_ema8;relative_strength_positive;atr_pullback_controlled,close_above_ema21;ema8_above_ema21;ema21_above_ema50;ema21_slope_positive;low_near_ema21;recent_2_5_day_pullback;close_upper_half_range;volume_above_20d_average,625.7999877929688,633.7999877929688,618.97998046875,624.4099731445312,620.0599975585938,620.2174424655151,635.1781418183203,650.5489519577885,627.5490451906204,1.1978659082902823,-1.0768168673788523,-1.066897094418664,23.56357683454241,0.36639608584454575,0.0067143877569772895,-0.07715539094327384,QQQ,"SPY,QQQ",50.0,770.1900024414062,757.749642905043,True,718.9600219726562,710.4548482967451,True
PWR,credit,pullup,bear_ema21_rejection,13,strong_setup,NO,LIQUIDITY_REJECT,"short leg illiquid (vol=1, oi=85)",ema50_below_ema200;ema8_slope_negative;high_near_ema8;recent_2_5_day_bounce;failed_ema8_reclaim;volume_above_20d_average,624.4099731445312,2026-12-18,102,,770.0,,,,,,,,,,,,,0.4858757062146893,,1,85,0,0,0.0067143877569772895,0.017245350229690516,0.576421203912586,0.058486622596758,0.03248973255137133,-0.06499575366524324,0.6142279860915327,0.037737348613886064,True,False,"SPY: close=770.19, ema50=757.75, above=true; QQQ: close=718.96, ema50=710.45, above=true",,,"short leg illiquid (vol=1, oi=85)",,,,False,"short leg illiquid (vol=1, oi=85)",2026-12-18,0.27945205479452057,0.045,,PWR261218C00770000,,,,,,False,,,13.4,22.0,21.7,17.7,"mid=avg(bid,ask)",True,0.4957173231506348,,0.5302946260768339,,,,,,,,,,,,,,,,,,,,,,,0.5,0.5,2.0,21,635.1781418183203,pullup,bear_ema21_rejection,13.0,strong_setup,close_below_ema21;ema8_below_ema21;ema21_below_ema50;ema21_slope_negative;high_near_ema21;close_lower_half_range;relative_weakness_negative;atr_bounce_controlled,ema50_below_ema200;ema8_slope_negative;high_near_ema8;recent_2_5_day_bounce;failed_ema8_reclaim;volume_above_20d_average,625.7999877929688,633.7999877929688,618.97998046875,624.4099731445312,620.0599975585938,620.2174424655151,635.1781418183203,650.5489519577885,627.5490451906204,1.1978659082902823,-1.0768168673788523,-1.066897094418664,23.56357683454241,0.36639608584454575,-0.0067143877569772895,-0.07715539094327384,QQQ,"SPY,QQQ",50.0,770.1900024414062,757.749642905043,True,718.9600219726562,710.4548482967451,True
QCOM,debit,pullback,bull_ema8_pullback,15,strong_setup,NO,LIQUIDITY_REJECT,long leg bid/ask too wide (18.2%>15.0%),ema21_above_ema50;reclaimed_ema8;close_upper_half_range;volume_above_20d_average,168.74000549316406,2026-12-18,102,175.0,200.0,25.0,,,,,,,,,,,,0.05017921146953413,0.18181818181818185,65,10849,43,993,0.00991124767460501,0.01823776822308387,0.005385318921726125,0.2688790339568903,0.02418037581273791,0.010871591625587373,0.9379091685639812,0.030359470565844912,True,False,"SPY: close=770.19, ema50=757.75, above=true; QQQ: close=718.96, ema50=710.45, above=true",,,long leg bid/ask too wide (18.2%>15.0%),,,,False,long leg bid/ask too wide (18.2%>15.0%),2026-12-18,0.27945205479452057,0.045,QCOM261218C00175000,QCOM261218C00200000,12.75,15.3,13.85,14.025,"mid=avg(bid,ask)",True,0.5028125891113282,,6.8,7.15,6.32,6.975,"mid=avg(bid,ask)",True,0.4832204998779297,,0.5230274522432836,,,,,,,,,,,,,,,,,,,,,,,0.5,0.5,2.0,21,165.66256438301784,pullback,bull_ema8_pullback,15.0,strong_setup,close_above_ema21;ema8_above_ema21;ema50_above_ema200;ema8_slope_positive;ema21_slope_positive;low_near_ema8;low_near_ema21;recent_2_5_day_pullback;relative_strength_positive;atr_pullback_controlled,ema21_above_ema50;reclaimed_ema8;close_upper_half_range;volume_above_20d_average,169.97999572753906,170.6300048828125,167.0399932861328,168.74000549316406,168.57000732421875,167.0675815061071,165.66256438301784,170.59315613665407,164.0046515239828,0.4778354248734047,0.30774411101461396,-0.07563880177508508,5.122857230050223,0.47353947508235045,0.00991124767460501,-0.15389698024560883,QQQ,"SPY,QQQ",50.0,770.1900024414062,757.749642905043,True,718.9600219726562,710.4548482967451,True
QCOM,credit,pullup,bear_ema21_rejection,5,near_miss,NO,SETUP_REJECT,near_miss setup; below option evaluation threshold,close_below_ema21;ema8_below_ema21;ema50_below_ema200;ema8_slope_negative;ema21_slope_negative;high_near_ema8;high_near_ema21;failed_ema8_reclaim;relative_weakness_negative;volume_above_20d_average,168.74000549316406,,-1,,,,,,,,,,,,,,,,,0,0,0,0,0.00991124767460501,0.01823776822308387,0.6953977471416808,0.9696621000202973,0.02418037581273791,0.010871591625587373,0.9379091685639812,0.030359470565844912,True,False,"SPY: close=770.19, ema50=757.75, above=true; QQQ: close=718.96, ema50=710.45, above=true",,,near_miss setup; below option evaluation threshold,,,SETUP_REJECT,False,near_miss setup; below option evaluation threshold,,,0.045,,,,,,,,False,,,,,,,,False,,,,,,,,,,,,,,,,,,,,,,,,,,0.5,0.5,2.0,21,165.66256438301784,pullup,bear_ema21_rejection,5.0,near_miss,ema21_below_ema50;recent_2_5_day_bounce;close_lower_half_range;atr_bounce_controlled,close_below_ema21;ema8_below_ema21;ema50_below_ema200;ema8_slope_negative;ema21_slope_negative;high_near_ema8;high_near_ema21;failed_ema8_reclaim;relative_weakness_negative;volume_above_20d_average,169.97999572753906,170.6300048828125,167.0399932861328,168.74000549316406,168.57000732421875,167.0675815061071,165.66256438301784,170.59315613665407,164.0046515239828,0.4778354248734047,0.30774411101461396,-0.07563880177508508,5.122857230050223,0.47353947508235045,-0.00991124767460501,-0.15389698024560883,QQQ,"SPY,QQQ",50.0,770.1900024414062,757.749642905043,True,718.9600219726562,710.4548482967451,True
QLYS,debit,pullback,bull_ema21_pullback,7,watchlist,NO,SETUP_REJECT,watchlist setup; below option evaluation threshold,close_above_ema21;ema8_slope_positive;ema21_slope_positive;low_near_ema8;low_near_ema21;reclaimed_ema8;close_upper_half_range;relative_strength_positive;volume_above_20d_average,171.64999389648438,,-1,,,,,,,,,,,,,,,,,0,0,0,0,0.03113073215208319,0.026671017087147236,0.8514218714631744,0.7522717212026887,-0.08586241483177115,-0.05884660505649475,0.736614867425803,0.044979408031349075,True,False,"SPY: close=770.19, ema50=757.75, above=true; QQQ: close=718.96, ema50=710.45, above=true",,,watchlist setup; below option evaluation threshold,,,SETUP_REJECT,False,watchlist setup; below option evaluation threshold,,,0.045,,,,,,,,False,,,,,,,,False,,,,,,,,,,,,,,,,,,,,,,,,,,0.5,0.5,2.0,21,176.22807381670623,pullback,bull_ema21_pullback,7.0,watchlist,ema8_above_ema21;ema21_above_ema50;ema50_above_ema200;recent_2_5_day_pullback;atr_pullback_controlled,close_above_ema21;ema8_slope_positive;ema21_slope_positive;low_near_ema8;low_near_ema21;reclaimed_ema8;close_upper_half_range;relative_strength_positive;volume_above_20d_average,172.50999450683594,175.0,170.4199981689453,171.64999389648438,174.35000610351562,176.99358388038254,176.22807381670623,161.96421064897694,124.95583545893838,-1.5267399953994811,-0.4578079920221967,0.3953380917349989,7.7207151140485495,0.2685579117455981,-0.03113073215208319,0.5211940884716522,QQQ,"SPY,QQQ",50.0,770.1900024414062,757.749642905043,True,718.9600219726562,710.4548482967451,True
QLYS,credit,pullup,bear_ema8_rejection,13,strong_setup,NO,LIQUIDITY_REJECT,"short leg illiquid (vol=2, oi=2)",ema8_below_ema21;ema21_below_ema50;ema50_below_ema200;failed_ema8_reclaim;volume_above_20d_average,171.64999389648438,2026-12-18,102,,220.0,,,,,,,,,,,,,0.5578231292517007,,2,2,0,0,0.03113073215208319,0.026671017087147236,0.25821233537746213,0.15906218511697642,-0.08586241483177115,-0.05884660505649475,0.736614867425803,0.044979408031349075,True,False,"SPY: close=770.19, ema50=757.75, above=true; QQQ: close=718.96, ema50=710.45, above=true",,,"short leg illiquid (vol=2, oi=2)",,,,False,"short leg illiquid (vol=2, oi=2)",2026-12-18,0.27945205479452057,0.045,,QLYS261218C00220000,,,,,,False,,,5.3,9.4,4.25,7.35,"mid=avg(bid,ask)",True,0.5891764715576173,,0.5790472279527036,,,,,,,,,,,,,,,,,,,,,,,0.5,0.5,2.0,21,176.22807381670623,pullup,bear_ema8_rejection,13.0,strong_setup,close_below_ema21;ema8_slope_negative;ema21_slope_negative;high_near_ema8;high_near_ema21;recent_2_5_day_bounce;close_lower_half_range;relative_weakness_negative;atr_bounce_controlled,ema8_below_ema21;ema21_below_ema50;ema50_below_ema200;failed_ema8_reclaim;volume_above_20d_average,172.50999450683594,175.0,170.4199981689453,171.64999389648438,174.35000610351562,176.99358388038254,176.22807381670623,161.96421064897694,124.95583545893838,-1.5267399953994811,-0.4578079920221967,0.3953380917349989,7.7207151140485495,0.2685579117455981,0.03113073215208319,0.5211940884716522,QQQ,"SPY,QQQ",50.0,770.1900024414062,757.749642905043,True,718.9600219726562,710.4548482967451,True
QQQ,debit,pullback,bull_ema8_pullback,15,strong_setup,NO,LIQUIDITY_REJECT,"short leg illiquid (vol=0, oi=154)",recent_2_5_day_pullback;reclaimed_ema8;close_upper_half_range;relative_strength_positive,718.9600219726562,2026-11-30,84,,761.0,,,,,,,,,,,,,0.03359858532272333,,0,154,0,0,0.005420373700264762,0.006682121118787205,0.18129843848417776,0.2911603701551434,0.0,0.0,1.0648658515750202,0.011484846473493217,True,False,"SPY: close=770.19, ema50=757.75, above=true; QQQ: close=718.96, ema50=710.45, above=true",,,"short leg illiquid (vol=0, oi=154)",,,,False,"short leg illiquid (vol=0, oi=154)",2026-11-30,0.23013698630136986,0.045,,QQQ261130C00761000,,,,,,False,,,11.12,11.5,8.21,11.309999999999999,"mid=avg(bid,ask)",True,0.19361157958984376,,0.23870330235031162,,,,,,,,,,,,,,,,,,,,,,,0.5,0.5,2.0,21,714.155844026269,pullback,bull_ema8_pullback,15.0,strong_setup,close_above_ema21;ema8_above_ema21;ema21_above_ema50;ema50_above_ema200;ema8_slope_positive;ema21_slope_positive;low_near_ema8;low_near_ema21;volume_above_20d_average;atr_pullback_controlled,recent_2_5_day_pullback;reclaimed_ema8;close_upper_half_range;relative_strength_positive,719.3499755859375,721.8599853515625,716.5599975585938,718.9600219726562,717.6699829101562,715.0629899780139,714.155844026269,710.4345028359133,670.8618035882627,1.1134377127549442,0.48041779463869716,0.34798037292830486,8.257145472935267,0.452835838083722,0.005420373700264762,0.0,QQQ,"SPY,QQQ",50.0,770.1900024414062,757.749642905043,True,718.9600219726562,710.4548482967451,True
QQQ,credit,pullup,bear_continuation,7,watchlist,NO,SETUP_REJECT,watchlist setup; below option evaluation threshold,close_below_ema21;ema8_below_ema21;ema21_below_ema50;ema50_below_ema200;ema8_slope_negative;ema21_slope_negative;recent_2_5_day_bounce;failed_ema8_reclaim;relative_weakness_negative,718.9600219726562,,-1,,,,,,,,,,,,,,,,,0,0,0,0,0.005420373700264762,0.006682121118787205,0.8231652688967828,0.9330272005677483,0.0,0.0,1.0648658515750202,0.011484846473493217,True,False,"SPY: close=770.19, ema50=757.75, above=true; QQQ: close=718.96, ema50=710.45, above=true",,,watchlist setup; below option evaluation threshold,,,SETUP_REJECT,False,watchlist setup; below option evaluation threshold,,,0.045,,,,,,,,False,,,,,,,,False,,,,,,,,,,,,,,,,,,,,,,,,,,0.5,0.5,2.0,21,714.155844026269,pullup,bear_continuation,7.0,watchlist,high_near_ema8;high_near_ema21;close_lower_half_range;volume_above_20d_average;atr_bounce_controlled,close_below_ema21;ema8_below_ema21;ema21_below_ema50;ema50_below_ema200;ema8_slope_negative;ema21_slope_negative;recent_2_5_day_bounce;failed_ema8_reclaim;relative_weakness_negative,719.3499755859375,721.8599853515625,716.5599975585938,718.9600219726562,717.6699829101562,715.0629899780139,714.155844026269,710.4345028359133,670.8618035882627,1.1134377127549442,0.48041779463869716,0.34798037292830486,8.257145472935267,0.452835838083722,-0.005420373700264762,0.0,QQQ,"SPY,QQQ",50.0,770.1900024414062,757.749642905043,True,718.9600219726562,710.4548482967451,True
QSI,debit,pullback,bull_ema8_pullback,4,near_miss,NO,SETUP_REJECT,near_miss setup; below option evaluation threshold,close_above_ema21;ema8_above_ema21;ema21_above_ema50;ema50_above_ema200;ema8_slope_positive;ema21_slope_positive;low_near_ema21;reclaimed_ema8;close_upper_half_range;relative_strength_positive;volume_above_20d_average,0.765999972820282,,-1,,,,,,,,,,,,,,,,,0,0,0,0,0.006592538326002498,0.018891263700185193,0.20933437327708945,0.3878073109731948,-0.021480156443030696,-0.05333900588792717,0.3202366889246571,0.06891086980998956,True,False,"SPY: close=770.19, ema50=757.75, above=true; QQQ: close=718.96, ema50=710.45, above=true",,,near_miss setup; below option evaluation threshold,,,SETUP_REJECT,False,near_miss setup; below option evaluation threshold,,,0.045,,,,,,,,False,,,,,,,,False,,,,,,,,,,,,,,,,,,,,,,,,,,0.5,0.5,2.0,21,0.7804706803011646,pullback,bull_ema8_pullback,4.0,near_miss,low_near_ema8;recent_2_5_day_pullback;atr_pullback_controlled,close_above_ema21;ema8_above_ema21;ema21_above_ema50;ema50_above_ema200;ema8_slope_positive;ema21_slope_positive;low_near_ema21;reclaimed_ema8;close_upper_half_range;relative_strength_positive;volume_above_20d_average,0.7599999904632568,0.7739999890327454,0.7599999904632568,0.765999972820282,0.7609999775886536,0.7710498569988166,0.7804706803011646,0.814895177411691,0.8817987290598058,-0.0014428240510099277,-0.0014470707480882528,-0.001995722636383923,0.052785724401474,0.4285702121499823,-0.006592538326002498,-0.22755833916740087,QQQ,"SPY,QQQ",50.0,770.1900024414062,757.749642905043,True,718.9600219726562,710.4548482967451,True
QSI,credit,pullup,bear_ema8_rejection,20,strong_setup,NO,LIQUIDITY_REJECT,short leg bid/ask too wide (66.7%>15.0%),volume_above_20d_average,0.765999972820282,2027-01-15,130,,2.0,,,,,,,,,,,,,0.6666666666666666,,122,12769,0,0,0.006592538326002498,0.018891263700185193,0.05588882349119412,0.12258411420491126,-0.021480156443030696,-0.05333900588792717,0.3202366889246571,0.06891086980998956,True,False,"SPY: close=770.19, ema50=757.75, above=true; QQQ: close=718.96, ema50=710.45, above=true",,,short leg bid/ask too wide (66.7%>15.0%),,,,False,short leg bid/ask too wide (66.7%>15.0%),2027-01-15,0.3561643835616438,0.045,,QSI270115C00002000,,,,,,False,,,0.05,0.1,0.08,0.07500000000000001,"mid=avg(bid,ask)",True,1.4921900390624998,,0.6587527066583829,,,,,,,,,,,,,,,,,,,,,,,0.5,0.5,2.0,21,0.7804706803011646,pullup,bear_ema8_rejection,20.0,strong_setup,close_below_ema21;ema8_below_ema21;ema21_below_ema50;ema50_below_ema200;ema8_slope_negative;ema21_slope_negative;high_near_ema8;high_near_ema21;recent_2_5_day_bounce;failed_ema8_reclaim;close_lower_half_range;relative_weakness_negative;atr_bounce_controlled,volume_above_20d_average,0.7599999904632568,0.7739999890327454,0.7599999904632568,0.765999972820282,0.7609999775886536,0.7710498569988166,0.7804706803011646,0.814895177411691,0.8817987290598058,-0.0014428240510099277,-0.0014470707480882528,-0.001995722636383923,0.052785724401474,0.4285702121499823,0.006592538326002498,-0.22755833916740087,QQQ,"SPY,QQQ",50.0,770.1900024414062,757.749642905043,True,718.9600219726562,710.4548482967451,True
RDDT,debit,pullback,bull_breakout_pullback,9,valid_setup,NO,LIQUIDITY_REJECT,"short leg illiquid (vol=1, oi=235)",close_above_ema21;ema8_above_ema21;ema21_above_ema50;ema21_slope_positive;low_near_ema21;reclaimed_ema8;volume_above_20d_average,154.4600067138672,2026-12-18,102,,195.0,,,,,,,,,,,,,0.20202020202020202,,1,235,0,0,0.003404865778653334,0.016022947062041052,0.21079974020206935,0.6101293785353293,0.006011087871668819,-0.03914511519925967,0.40794002179139066,0.04865106662701788,True,False,"SPY: close=770.19, ema50=757.75, above=true; QQQ: close=718.96, ema50=710.45, above=true",,,"short leg illiquid (vol=1, oi=235)",,,,False,"short leg illiquid (vol=1, oi=235)",2026-12-18,0.27945205479452057,0.045,,RDDT261218C00195000,,,,,,False,,,8.9,10.9,9.52,9.9,"mid=avg(bid,ask)",True,0.6857331231689454,,0.8733210183680157,,,,,,,,,,,,,,,,,,,,,,,0.5,0.5,2.0,21,156.934911224646,pullback,bull_breakout_pullback,9.0,valid_setup,ema50_above_ema200;ema8_slope_positive;low_near_ema8;recent_2_5_day_pullback;close_upper_half_range;relative_strength_positive;atr_pullback_controlled,close_above_ema21;ema8_above_ema21;ema21_above_ema50;ema21_slope_positive;low_near_ema21;reclaimed_ema8;volume_above_20d_average,155.74000549316406,156.49000549316406,152.35000610351562,154.4600067138672,155.99000549316406,153.93409112283658,156.934911224646,162.50905247895975,157.6330740670219,0.15026159743732137,-0.24749045107787992,-0.32853248020785486,7.514644077845982,0.5096620583151198,0.003404865778653334,-0.13950023070055362,QQQ,"SPY,QQQ",50.0,770.1900024414062,757.749642905043,True,718.9600219726562,710.4548482967451,True
RDDT,credit,pullup,bear_ema8_rejection,15,strong_setup,NO,LIQUIDITY_REJECT,"short leg illiquid (vol=1, oi=567)",ema50_below_ema200;ema8_slope_negative;failed_ema8_reclaim;close_lower_half_range;volume_above_20d_average,154.4600067138672,2026-12-18,102,,210.0,,,,,,,,,,,,,0.26153846153846144,,1,567,0,0,0.003404865778653334,0.016022947062041052,0.3401244748054814,0.05920516352777858,0.006011087871668819,-0.03914511519925967,0.40794002179139066,0.04865106662701788,True,False,"SPY: close=770.19, ema50=757.75, above=true; QQQ: close=718.96, ema50=710.45, above=true",,,"short leg illiquid (vol=1, oi=567)",,,,False,"short leg illiquid (vol=1, oi=567)",2026-12-18,0.27945205479452057,0.045,,RDDT261218C00210000,,,,,,False,,,5.65,7.35,6.89,6.5,"mid=avg(bid,ask)",True,0.6575351629638673,,0.8733210183680157,,,,,,,,,,,,,,,,,,,,,,,0.5,0.5,2.0,21,156.934911224646,pullup,bear_ema8_rejection,15.0,strong_setup,close_below_ema21;ema8_below_ema21;ema21_below_ema50;ema21_slope_negative;high_near_ema8;high_near_ema21;recent_2_5_day_bounce;relative_weakness_negative;atr_bounce_controlled,ema50_below_ema200;ema8_slope_negative;failed_ema8_reclaim;close_lower_half_range;volume_above_20d_average,155.74000549316406,156.49000549316406,152.35000610351562,154.4600067138672,155.99000549316406,153.93409112283658,156.934911224646,162.50905247895975,157.6330740670219,0.15026159743732137,-0.24749045107787992,-0.32853248020785486,7.514644077845982,0.5096620583151198,-0.003404865778653334,-0.13950023070055362,QQQ,"SPY,QQQ",50.0,770.1900024414062,757.749642905043,True,718.9600219726562,710.4548482967451,True
REKR,debit,pullback,bull_ema8_reclaim,3,reject,NO,SETUP_REJECT,setup_score_below_near_miss_threshold,close_above_ema21;ema8_above_ema21;ema21_above_ema50;ema50_above_ema200;ema8_slope_positive;ema21_slope_positive;low_near_ema8;low_near_ema21;reclaimed_ema8;relative_strength_positive;volume_above_20d_average,0.5360000133514404,,-1,,,,,,,,,,,,,,,,,0,0,0,0,0.014106993369839978,0.08529067463400476,0.9543181306547899,2.229168717312103,-0.02542918637499547,-0.19077267531489006,0.708819548273513,0.055836881599442945,True,False,"SPY: close=770.19, ema50=757.75, above=true; QQQ: close=718.96, ema50=710.45, above=true",,,setup_score_below_near_miss_threshold,,,SETUP_REJECT,False,setup_score_below_near_miss_threshold,,,0.045,,,,,,,,False,,,,,,,,False,,,,,,,,,,,,,,,,,,,,,,,,,,0.5,0.5,2.0,21,0.5817158160940203,pullback,bull_ema8_reclaim,3.0,reject,recent_2_5_day_pullback;close_upper_half_range;atr_pullback_controlled,close_above_ema21;ema8_above_ema21;ema21_above_ema50;ema50_above_ema200;ema8_slope_positive;ema21_slope_positive;low_near_ema8;low_near_ema21;reclaimed_ema8;relative_strength_positive;volume_above_20d_average,0.5329999923706055,0.5389999747276306,0.5149999856948853,0.5360000133514404,0.5199999809265137,0.5435613619860233,0.5817158160940203,0.6280445125285362,0.7487869914360208,-0.002160385324166514,-0.004571580274257969,-0.0037569183337590184,0.029928569282804216,0.8750015522050003,-0.014106993369839978,-0.2550872645319858,QQQ,"SPY,QQQ",50.0,770.1900024414062,757.749642905043,True,718.9600219726562,710.4548482967451,True
REKR,credit,pullup,bear_ema8_rejection,15,strong_setup,NO,LIQUIDITY_REJECT,"short leg illiquid (vol=1, oi=200)",high_near_ema21;failed_ema8_reclaim;close_lower_half_range;volume_above_20d_average,0.5360000133514404,2026-11-20,74,,2.0,,,,,,,,,,,,,,,1,200,0,0,0.014106993369839978,0.08529067463400476,0.15240913173265247,1.4272597183899658,-0.02542918637499547,-0.19077267531489006,0.708819548273513,0.055836881599442945,True,False,"SPY: close=770.19, ema50=757.75, above=true; QQQ: close=718.96, ema50=710.45, above=true",,,"short leg illiquid (vol=1, oi=200)",,,,False,"short leg illiquid (vol=1, oi=200)",2026-11-20,0.20273972602739726,0.045,,REKR261120C00002000,,,,,,False,,,0.0,0.1,0.05,0.05,mid=last (no valid bid/ask),False,2.3125042187499996,,0.6622394848696562,,,,,,,,,,,,,,,,,,,,,,,0.5,0.5,2.0,21,0.5817158160940203,pullup,bear_ema8_rejection,15.0,strong_setup,close_below_ema21;ema8_below_ema21;ema21_below_ema50;ema50_below_ema200;ema8_slope_negative;ema21_slope_negative;high_near_ema8;recent_2_5_day_bounce;relative_weakness_negative;atr_bounce_controlled,high_near_ema21;failed_ema8_reclaim;close_lower_half_range;volume_above_20d_average,0.5329999923706055,0.5389999747276306,0.5149999856948853,0.5360000133514404,0.5199999809265137,0.5435613619860233,0.5817158160940203,0.6280445125285362,0.7487869914360208,-0.002160385324166514,-0.004571580274257969,-0.0037569183337590184,0.029928569282804216,0.8750015522050003,0.014106993369839978,-0.2550872645319858,QQQ,"SPY,QQQ",50.0,770.1900024414062,757.749642905043,True,718.9600219726562,710.4548482967451,True
RIVN,debit,pullback,bull_ema8_reclaim,4,near_miss,NO,SETUP_REJECT,near_miss setup; below option evaluation threshold,close_above_ema21;ema8_above_ema21;ema21_above_ema50;ema8_slope_positive;ema21_slope_positive;low_near_ema8;low_near_ema21;reclaimed_ema8;relative_strength_positive;volume_above_20d_average,15.739999771118164,,-1,,,,,,,,,,,,,,,,,0,0,0,0,0.011194205604545307,0.018399691178547325,0.5436778657449421,0.7143907825509543,-0.024066593993088525,-0.010620915707126088,0.6779463552837133,0.04220820374236764,True,False,"SPY: close=770.19, ema50=757.75, above=true; QQQ: close=718.96, ema50=710.45, above=true",,,near_miss setup; below option evaluation threshold,,,SETUP_REJECT,False,near_miss setup; below option evaluation threshold,,,0.045,,,,,,,,False,,,,,,,,False,,,,,,,,,,,,,,,,,,,,,,,,,,0.5,0.5,2.0,21,16.029610906057144,pullback,bull_ema8_reclaim,4.0,near_miss,ema50_above_ema200;recent_2_5_day_pullback;close_upper_half_range;atr_pullback_controlled,close_above_ema21;ema8_above_ema21;ema21_above_ema50;ema8_slope_positive;ema21_slope_positive;low_near_ema8;low_near_ema21;reclaimed_ema8;relative_strength_positive;volume_above_20d_average,15.770000457763672,15.859999656677246,15.555000305175781,15.739999771118164,15.90999984741211,15.916196564771557,16.029610906057144,16.130362617965194,15.789247471024076,-0.0503419410438255,-0.028961113493899404,-0.01593317742232614,0.6643571172441755,0.6065569157168988,-0.011194205604545307,0.029967228098414456,QQQ,"SPY,QQQ",50.0,770.1900024414062,757.749642905043,True,718.9600219726562,710.4548482967451,True
RIVN,credit,pullup,bear_ema8_rejection,16,strong_setup,NO,LIQUIDITY_REJECT,"short leg illiquid (vol=45, oi=5210)",ema50_below_ema200;failed_ema8_reclaim;close_lower_half_range;volume_above_20d_average,15.739999771118164,2026-12-18,102,,21.0,,,,,,,,,,,,,0.5135135135135135,,45,5210,0,0,0.011194205604545307,0.018399691178547325,0.08458840379015065,0.25530132059616284,-0.024066593993088525,-0.010620915707126088,0.6779463552837133,0.04220820374236764,True,False,"SPY: close=770.19, ema50=757.75, above=true; QQQ: close=718.96, ema50=710.45, above=true",,,"short leg illiquid (vol=45, oi=5210)",,,,False,"short leg illiquid (vol=45, oi=5210)",2026-12-18,0.27945205479452057,0.045,,RIVN261218C00021000,,,,,,False,,,0.55,0.93,0.66,0.74,"mid=avg(bid,ask)",True,0.6640658593750002,,0.7539744235689295,,,,,,,,,,,,,,,,,,,,,,,0.5,0.5,2.0,21,16.029610906057144,pullup,bear_ema8_rejection,16.0,strong_setup,close_below_ema21;ema8_below_ema21;ema21_below_ema50;ema8_slope_negative;ema21_slope_negative;high_near_ema8;high_near_ema21;recent_2_5_day_bounce;relative_weakness_negative;atr_bounce_controlled,ema50_below_ema200;failed_ema8_reclaim;close_lower_half_range;volume_above_20d_average,15.770000457763672,15.859999656677246,15.555000305175781,15.739999771118164,15.90999984741211,15.916196564771557,16.029610906057144,16.130362617965194,15.789247471024076,-0.0503419410438255,-0.028961113493899404,-0.01593317742232614,0.6643571172441755,0.6065569157168988,0.011194205604545307,0.029967228098414456,QQQ,"SPY,QQQ",50.0,770.1900024414062,757.749642905043,True,718.9600219726562,710.4548482967451,True
ROK,debit,pullback,bull_ema8_reclaim,10,valid_setup,NO,LIQUIDITY_REJECT,"short leg illiquid (vol=1, oi=75)",close_above_ema21;ema8_above_ema21;ema21_above_ema50;ema21_slope_positive;low_near_ema21;recent_2_5_day_pullback;volume_above_20d_average,433.80999755859375,2026-11-20,74,,480.0,,,,,,,,,,,,,0.32888888888888884,,1,75,0,0,0.010722089806131667,0.004469313042790982,0.11878058969705617,0.8652417148068681,0.0033153604677456094,-0.010763996917725116,0.7960340366986197,0.02035123107943209,True,False,"SPY: close=770.19, ema50=757.75, above=true; QQQ: close=718.96, ema50=710.45, above=true",,,"short leg illiquid (vol=1, oi=75)",,,,False,"short leg illiquid (vol=1, oi=75)",2026-11-20,0.20273972602739726,0.045,,ROK261120C00480000,,,,,,False,,,9.4,13.1,10.6,11.25,"mid=avg(bid,ask)",True,0.3740907318115234,,0.3324922745172537,,,,,,,,,,,,,,,,,,,,,,,0.5,0.5,2.0,21,435.7488302387755,pullback,bull_ema8_reclaim,10.0,valid_setup,ema50_above_ema200;ema8_slope_positive;low_near_ema8;reclaimed_ema8;close_upper_half_range;relative_strength_positive;atr_pullback_controlled,close_above_ema21;ema8_above_ema21;ema21_above_ema50;ema21_slope_positive;low_near_ema21;recent_2_5_day_pullback;volume_above_20d_average,428.1099853515625,435.9599914550781,428.1099853515625,433.80999755859375,428.2799987792969,429.15864780597275,435.7488302387755,443.8778758794444,421.98819117748263,1.3289570721774453,-0.19388326801822586,-0.41093380901429555,8.828567504882812,0.7261156401494389,0.010722089806131667,-0.05065343542671075,QQQ,"SPY,QQQ",50.0,770.1900024414062,757.749642905043,True,718.9600219726562,710.4548482967451,True
ROK,credit,pullup,bear_ema21_rejection,12,strong_setup,NO,LIQUIDITY_REJECT,"short leg illiquid (vol=3, oi=48)",ema50_below_ema200;ema8_slope_negative;high_near_ema8;recent_2_5_day_bounce;failed_ema8_reclaim;close_lower_half_range;volume_above_20d_average,433.80999755859375,2026-11-20,74,,490.0,,,,,,,,,,,,,0.49710982658959546,,3,48,0,0,0.010722089806131667,0.004469313042790982,0.7703790728613402,0.02391794775152833,0.0033153604677456094,-0.010763996917725116,0.7960340366986197,0.02035123107943209,True,False,"SPY: close=770.19, ema50=757.75, above=true; QQQ: close=718.96, ema50=710.45, above=true",,,"short leg illiquid (vol=3, oi=48)",,,,False,"short leg illiquid (vol=3, oi=48)",2026-11-20,0.20273972602739726,0.045,,ROK261120C00490000,,,,,,False,,,6.5,10.8,8.88,8.65,"mid=avg(bid,ask)",True,0.3739381454467773,,0.3324922745172537,,,,,,,,,,,,,,,,,,,,,,,0.5,0.5,2.0,21,435.7488302387755,pullup,bear_ema21_rejection,12.0,strong_setup,close_below_ema21;ema8_below_ema21;ema21_below_ema50;ema21_slope_negative;high_near_ema21;relative_weakness_negative;atr_bounce_controlled,ema50_below_ema200;ema8_slope_negative;high_near_ema8;recent_2_5_day_bounce;failed_ema8_reclaim;close_lower_half_range;volume_above_20d_average,428.1099853515625,435.9599914550781,428.1099853515625,433.80999755859375,428.2799987792969,429.15864780597275,435.7488302387755,443.8778758794444,421.98819117748263,1.3289570721774453,-0.19388326801822586,-0.41093380901429555,8.828567504882812,0.7261156401494389,-0.010722089806131667,-0.05065343542671075,QQQ,"SPY,QQQ",50.0,770.1900024414062,757.749642905043,True,718.9600219726562,710.4548482967451,True
RPD,debit,pullback,bull_ema21_pullback,4,near_miss,NO,SETUP_REJECT,near_miss setup; below option evaluation threshold,close_above_ema21;ema8_above_ema21;ema8_slope_positive;ema21_slope_positive;low_near_ema8;low_near_ema21;recent_2_5_day_pullback;reclaimed_ema8;close_upper_half_range;relative_strength_positive;volume_above_20d_average,11.0,,-1,,,,,,,,,,,,,,,,,0,0,0,0,0.07705914777026912,0.0801893140572619,1.1415780308858898,1.1821987087862553,-0.17584144481864006,-0.04363621772515747,0.8907784659538889,0.0770584453235973,True,False,"SPY: close=770.19, ema50=757.75, above=true; QQQ: close=718.96, ema50=710.45, above=true",,,near_miss setup; below option evaluation threshold,,,SETUP_REJECT,False,near_miss setup; below option evaluation threshold,,,0.045,,,,,,,,False,,,,,,,,False,,,,,,,,,,,,,,,,,,,,,,,,,,0.5,0.5,2.0,21,11.88208245462988,pullback,bull_ema21_pullback,4.0,near_miss,ema21_above_ema50;ema50_above_ema200;atr_pullback_controlled,close_above_ema21;ema8_above_ema21;ema8_slope_positive;ema21_slope_positive;low_near_ema8;low_near_ema21;recent_2_5_day_pullback;reclaimed_ema8;close_upper_half_range;relative_strength_positive;volume_above_20d_average,11.229999542236328,11.34000015258789,10.880000114440918,11.0,11.470000267028809,11.84765062547296,11.88208245462988,10.971875921943461,8.56886706383544,-0.2421858929922731,-0.08820824546298844,0.001147921553329212,0.8476428985595703,0.2608692947993656,-0.07705914777026912,0.4892303953253494,QQQ,"SPY,QQQ",50.0,770.1900024414062,757.749642905043,True,718.9600219726562,710.4548482967451,True
RPD,credit,pullup,bear_ema8_rejection,10,valid_setup,NO,LIQUIDITY_REJECT,"short leg illiquid (vol=1, oi=3)",ema21_below_ema50;ema50_below_ema200;high_near_ema8;high_near_ema21;recent_2_5_day_bounce;failed_ema8_reclaim;volume_above_20d_average,11.0,2026-12-18,102,,16.0,,,,,,,,,,,,,1.0769230769230769,,1,3,0,0,0.07705914777026912,0.0801893140572619,0.5988966270439334,0.639517304944299,-0.17584144481864006,-0.04363621772515747,0.8907784659538889,0.0770584453235973,True,False,"SPY: close=770.19, ema50=757.75, above=true; QQQ: close=718.96, ema50=710.45, above=true",,,"short leg illiquid (vol=1, oi=3)",,,,False,"short leg illiquid (vol=1, oi=3)",2026-12-18,0.27945205479452057,0.045,,RPD261218C00016000,,,,,,False,,,0.3,1.0,1.0,0.65,"mid=avg(bid,ask)",True,0.8378922460937499,,0.8993344252226654,,,,,,,,,,,,,,,,,,,,,,,0.5,0.5,2.0,21,11.88208245462988,pullup,bear_ema8_rejection,10.0,valid_setup,close_below_ema21;ema8_below_ema21;ema8_slope_negative;ema21_slope_negative;close_lower_half_range;relative_weakness_negative;atr_bounce_controlled,ema21_below_ema50;ema50_below_ema200;high_near_ema8;high_near_ema21;recent_2_5_day_bounce;failed_ema8_reclaim;volume_above_20d_average,11.229999542236328,11.34000015258789,10.880000114440918,11.0,11.470000267028809,11.84765062547296,11.88208245462988,10.971875921943461,8.56886706383544,-0.2421858929922731,-0.08820824546298844,0.001147921553329212,0.8476428985595703,0.2608692947993656,0.07705914777026912,0.4892303953253494,QQQ,"SPY,QQQ",50.0,770.1900024414062,757.749642905043,True,718.9600219726562,710.4548482967451,True
RR,debit,pullback,bull_continuation,7,watchlist,NO,SETUP_REJECT,watchlist setup; below option evaluation threshold,close_above_ema21;ema21_above_ema50;ema50_above_ema200;ema8_slope_positive;ema21_slope_positive;low_near_ema8;low_near_ema21;reclaimed_ema8;volume_above_20d_average,1.75,,-1,,,,,,,,,,,,,,,,,0,0,0,0,0.022913839736596792,0.0038713080205013484,0.6198468927096915,0.3905879076007565,-0.04724730909030894,0.0925856106793318,0.5708282505948543,0.08306122312740404,True,False,"SPY: close=770.19, ema50=757.75, above=true; QQQ: close=718.96, ema50=710.45, above=true",,,watchlist setup; below option evaluation threshold,,,SETUP_REJECT,False,watchlist setup; below option evaluation threshold,,,0.045,,,,,,,,False,,,,,,,,False,,,,,,,,,,,,,,,,,,,,,,,,,,0.5,0.5,2.0,21,1.7567747890358774,pullback,bull_continuation,7.0,watchlist,ema8_above_ema21;recent_2_5_day_pullback;close_upper_half_range;relative_strength_positive;atr_pullback_controlled,close_above_ema21;ema21_above_ema50;ema50_above_ema200;ema8_slope_positive;ema21_slope_positive;low_near_ema8;low_near_ema21;reclaimed_ema8;volume_above_20d_average,1.7100000381469727,1.7699999809265137,1.7000000476837158,1.75,1.7200000286102295,1.7900992195390444,1.7567747890358774,1.8123724422873388,2.139544002574801,-0.011456919868298554,-0.0006774789035877138,-0.0025458139709118033,0.14535714047295706,0.7142857142857143,-0.022913839736596792,-0.240973875601303,QQQ,"SPY,QQQ",50.0,770.1900024414062,757.749642905043,True,718.9600219726562,710.4548482967451,True
RR,credit,pullup,bear_ema21_rejection,15,strong_setup,NO,LIQUIDITY_REJECT,"short leg illiquid (vol=34, oi=5623)",ema8_below_ema21;failed_ema8_reclaim;close_lower_half_range;volume_above_20d_average,1.75,2026-12-18,102,,3.0,,,,,,,,,,,,,0.24999999999999986,,34,5623,0,0,0.022913839736596792,0.0038713080205013484,0.13827486250164692,0.09098412260728801,-0.04724730909030894,0.0925856106793318,0.5708282505948543,0.08306122312740404,True,False,"SPY: close=770.19, ema50=757.75, above=true; QQQ: close=718.96, ema50=710.45, above=true",,,"short leg illiquid (vol=34, oi=5623)",,,,False,"short leg illiquid (vol=34, oi=5623)",2026-12-18,0.27945205479452057,0.045,,RR261218C00003000,,,,,,False,,,0.14,0.18,0.14,0.16,"mid=avg(bid,ask)",True,1.2109414453124998,,0.8338634543214474,,,,,,,,,,,,,,,,,,,,,,,0.5,0.5,2.0,21,1.7567747890358774,pullup,bear_ema21_rejection,15.0,strong_setup,close_below_ema21;ema21_below_ema50;ema50_below_ema200;ema8_slope_negative;ema21_slope_negative;high_near_ema8;high_near_ema21;recent_2_5_day_bounce;relative_weakness_negative;atr_bounce_controlled,ema8_below_ema21;failed_ema8_reclaim;close_lower_half_range;volume_above_20d_average,1.7100000381469727,1.7699999809265137,1.7000000476837158,1.75,1.7200000286102295,1.7900992195390444,1.7567747890358774,1.8123724422873388,2.139544002574801,-0.011456919868298554,-0.0006774789035877138,-0.0025458139709118033,0.14535714047295706,0.7142857142857143,0.022913839736596792,-0.240973875601303,QQQ,"SPY,QQQ",50.0,770.1900024414062,757.749642905043,True,718.9600219726562,710.4548482967451,True
RXRX,debit,pullback,bull_ema8_pullback,19,strong_setup,NO,LIQUIDITY_REJECT,"short leg illiquid (vol=17, oi=701)",ema50_above_ema200;recent_2_5_day_pullback,3.630000114440918,2026-12-18,102,,5.0,,,,,,,,,,,,,0.33333333333333326,,17,701,0,0,0.05107643331437635,0.07259416918910401,0.15729000999431147,0.19786792709804366,0.08329496982824991,0.13295831666872482,1.8644976835494251,0.06058638601995315,True,False,"SPY: close=770.19, ema50=757.75, above=true; QQQ: close=718.96, ema50=710.45, above=true",,,"short leg illiquid (vol=17, oi=701)",,,,False,"short leg illiquid (vol=17, oi=701)",2026-12-18,0.27945205479452057,0.045,,RXRX261218C00005000,,,,,,False,,,0.25,0.35,0.33,0.3,"mid=avg(bid,ask)",True,0.8984385156249999,,0.6310279041627731,,,,,,,,,,,,,,,,,,,,,,,0.5,0.5,2.0,21,3.366483271976727,pullback,bull_ema8_pullback,19.0,strong_setup,close_above_ema21;ema8_above_ema21;ema21_above_ema50;ema8_slope_positive;ema21_slope_positive;low_near_ema8;low_near_ema21;reclaimed_ema8;close_upper_half_range;relative_strength_positive;volume_above_20d_average;atr_pullback_controlled,ema50_above_ema200;recent_2_5_day_pullback,3.4149999618530273,3.700000047683716,3.4100000858306885,3.630000114440918,3.440000057220459,3.444592655664498,3.366483271976727,3.3196286187911115,3.3748595198509284,0.05297355965040618,0.026351684246419094,0.012668224312236909,0.21992858818599156,0.7586208881011026,0.05107643331437635,0.15765059618234067,QQQ,"SPY,QQQ",50.0,770.1900024414062,757.749642905043,True,718.9600219726562,710.4548482967451,True
RXRX,credit,pullup,bear_continuation,3,reject,NO,SETUP_REJECT,setup_score_below_near_miss_threshold,close_below_ema21;ema8_below_ema21;ema21_below_ema50;ema8_slope_negative;ema21_slope_negative;high_near_ema8;high_near_ema21;recent_2_5_day_bounce;failed_ema8_reclaim;close_lower_half_range;relative_weakness_negative,3.630000114440918,,-1,,,,,,,,,,,,,,,,,0,0,0,0,0.05107643331437635,0.07259416918910401,1.1613196543744566,1.5164775914668118,0.08329496982824991,0.13295831666872482,1.8644976835494251,0.06058638601995315,True,False,"SPY: close=770.19, ema50=757.75, above=true; QQQ: close=718.96, ema50=710.45, above=true",,,setup_score_below_near_miss_threshold,,,SETUP_REJECT,False,setup_score_below_near_miss_threshold,,,0.045,,,,,,,,False,,,,,,,,False,,,,,,,,,,,,,,,,,,,,,,,,,,0.5,0.5,2.0,21,3.366483271976727,pullup,bear_continuation,3.0,reject,ema50_below_ema200;volume_above_20d_average;atr_bounce_controlled,close_below_ema21;ema8_below_ema21;ema21_below_ema50;ema8_slope_negative;ema21_slope_negative;high_near_ema8;high_near_ema21;recent_2_5_day_bounce;failed_ema8_reclaim;close_lower_half_range;relative_weakness_negative,3.4149999618530273,3.700000047683716,3.4100000858306885,3.630000114440918,3.440000057220459,3.444592655664498,3.366483271976727,3.3196286187911115,3.3748595198509284,0.05297355965040618,0.026351684246419094,0.012668224312236909,0.21992858818599156,0.7586208881011026,-0.05107643331437635,0.15765059618234067,QQQ,"SPY,QQQ",50.0,770.1900024414062,757.749642905043,True,718.9600219726562,710.4548482967451,True
S,debit,pullback,bull_ema21_pullback,5,near_miss,NO,SETUP_REJECT,near_miss setup; below option evaluation threshold,close_above_ema21;ema8_above_ema21;ema8_slope_positive;ema21_slope_positive;low_near_ema8;low_near_ema21;reclaimed_ema8;close_upper_half_range;relative_strength_positive;volume_above_20d_average,19.8799991607666,,-1,,,,,,,,,,,,,,,,,0,0,0,0,0.03335705304621295,0.04526805133831478,0.6942754861250671,0.8977038497069062,-0.08059744172216177,-0.06539896144213875,0.7518574112468447,0.058551315472338474,True,False,"SPY: close=770.19, ema50=757.75, above=true; QQQ: close=718.96, ema50=710.45, above=true",,,near_miss setup; below option evaluation threshold,,,SETUP_REJECT,False,near_miss setup; below option evaluation threshold,,,0.045,,,,,,,,False,,,,,,,,False,,,,,,,,,,,,,,,,,,,,,,,,,,0.5,0.5,2.0,21,20.77992798338184,pullback,bull_ema21_pullback,5.0,near_miss,ema21_above_ema50;ema50_above_ema200;recent_2_5_day_pullback;atr_pullback_controlled,close_above_ema21;ema8_above_ema21;ema8_slope_positive;ema21_slope_positive;low_near_ema8;low_near_ema21;reclaimed_ema8;close_upper_half_range;relative_strength_positive;volume_above_20d_average,19.989999771118164,20.20800018310547,19.735000610351562,19.8799991607666,19.799999237060547,20.543137347330962,20.77992798338184,19.803652147371334,16.742772347136185,-0.189468053304104,-0.08999288226152657,0.003116204628380359,1.1640001024518694,0.30655112344145685,-0.03335705304621295,0.3077229965936772,QQQ,"SPY,QQQ",50.0,770.1900024414062,757.749642905043,True,718.9600219726562,710.4548482967451,True
S,credit,pullup,bear_ema8_rejection,13,strong_setup,NO,LIQUIDITY_REJECT,long leg bid/ask too wide (40.0%>15.0%),ema21_below_ema50;ema50_below_ema200;high_near_ema21;failed_ema8_reclaim;volume_above_20d_average,19.8799991607666,2026-12-18,102,30.0,25.0,5.0,,,,,,,,,,,,0.11111111111111109,0.4000000000000001,118,3670,22,788,0.03335705304621295,0.04526805133831478,0.28791850062517577,0.49134686420701496,-0.08059744172216177,-0.06539896144213875,0.7518574112468447,0.058551315472338474,True,False,"SPY: close=770.19, ema50=757.75, above=true; QQQ: close=718.96, ema50=710.45, above=true",,,long leg bid/ask too wide (40.0%>15.0%),,,,False,long leg bid/ask too wide (40.0%>15.0%),2026-12-18,0.27945205479452057,0.045,S261218C00030000,S261218C00025000,0.3,0.45,0.35,0.375,"mid=avg(bid,ask)",True,0.6074258007812501,,0.85,0.95,0.85,0.8999999999999999,"mid=avg(bid,ask)",True,0.5786174951171875,,0.5553582137201288,,,,,,,,,,,,,,,,,,,,,,,0.5,0.5,2.0,21,20.77992798338184,pullup,bear_ema8_rejection,13.0,strong_setup,close_below_ema21;ema8_below_ema21;ema8_slope_negative;ema21_slope_negative;high_near_ema8;recent_2_5_day_bounce;close_lower_half_range;relative_weakness_negative;atr_bounce_controlled,ema21_below_ema50;ema50_below_ema200;high_near_ema21;failed_ema8_reclaim;volume_above_20d_average,19.989999771118164,20.20800018310547,19.735000610351562,19.8799991607666,19.799999237060547,20.543137347330962,20.77992798338184,19.803652147371334,16.742772347136185,-0.189468053304104,-0.08999288226152657,0.003116204628380359,1.1640001024518694,0.30655112344145685,0.03335705304621295,0.3077229965936772,QQQ,"SPY,QQQ",50.0,770.1900024414062,757.749642905043,True,718.9600219726562,710.4548482967451,True
SAP,debit,pullback,bull_ema8_pullback,14,strong_setup,NO,LIQUIDITY_REJECT,"short leg illiquid (vol=2, oi=264)",ema8_slope_positive;low_near_ema21;reclaimed_ema8;close_upper_half_range;volume_above_20d_average,215.11000061035156,2026-12-18,102,,250.0,,,,,,,,,,,,,0.35294117647058826,,2,264,0,0,0.0009413044463045469,0.025903787888337942,0.14450830875952547,0.84599738145503,-0.0325555114883318,0.0490419662214826,0.9612126839919188,0.02710241102080647,True,False,"SPY: close=770.19, ema50=757.75, above=true; QQQ: close=718.96, ema50=710.45, above=true",,,"short leg illiquid (vol=2, oi=264)",,,,False,"short leg illiquid (vol=2, oi=264)",2026-12-18,0.27945205479452057,0.045,,SAP261218C00250000,,,,,,False,,,6.3,9.0,7.65,7.65,"mid=avg(bid,ask)",True,0.4528252960205078,,0.44191263780213497,,,,,,,,,,,,,,,,,,,,,,,0.5,0.5,2.0,21,209.53783678188077,pullback,bull_ema8_pullback,14.0,strong_setup,close_above_ema21;ema8_above_ema21;ema21_above_ema50;ema50_above_ema200;ema21_slope_positive;low_near_ema8;recent_2_5_day_pullback;relative_strength_positive;atr_pullback_controlled,ema8_slope_positive;low_near_ema21;reclaimed_ema8;close_upper_half_range;volume_above_20d_average,219.55999755859375,220.3300018310547,214.47000122070312,215.11000061035156,217.02999877929688,215.31248461037066,209.53783678188077,195.34046259543925,186.9095520788697,-0.0578525714340401,0.5572163828470877,0.806919918976007,5.829999651227679,0.1092149015339508,-0.0009413044463045469,0.22669547613585928,QQQ,"SPY,QQQ",50.0,770.1900024414062,757.749642905043,True,718.9600219726562,710.4548482967451,True
SAP,credit,pullup,bear_continuation,6,watchlist,NO,SETUP_REJECT,watchlist setup; below option evaluation threshold,close_below_ema21;ema8_below_ema21;ema21_below_ema50;ema50_below_ema200;ema21_slope_negative;high_near_ema8;high_near_ema21;failed_ema8_reclaim;volume_above_20d_average,215.11000061035156,,-1,,,,,,,,,,,,,,,,,0,0,0,0,0.0009413044463045469,0.025903787888337942,0.8606376536621989,1.8511433438767544,-0.0325555114883318,0.0490419662214826,0.9612126839919188,0.02710241102080647,True,False,"SPY: close=770.19, ema50=757.75, above=true; QQQ: close=718.96, ema50=710.45, above=true",,,watchlist setup; below option evaluation threshold,,,SETUP_REJECT,False,watchlist setup; below option evaluation threshold,,,0.045,,,,,,,,False,,,,,,,,False,,,,,,,,,,,,,,,,,,,,,,,,,,0.5,0.5,2.0,21,209.53783678188077,pullup,bear_continuation,6.0,watchlist,ema8_slope_negative;recent_2_5_day_bounce;close_lower_half_range;relative_weakness_negative;atr_bounce_controlled,close_below_ema21;ema8_below_ema21;ema21_below_ema50;ema50_below_ema200;ema21_slope_negative;high_near_ema8;high_near_ema21;failed_ema8_reclaim;volume_above_20d_average,219.55999755859375,220.3300018310547,214.47000122070312,215.11000061035156,217.02999877929688,215.31248461037066,209.53783678188077,195.34046259543925,186.9095520788697,-0.0578525714340401,0.5572163828470877,0.806919918976007,5.829999651227679,0.1092149015339508,0.0009413044463045469,0.22669547613585928,QQQ,"SPY,QQQ",50.0,770.1900024414062,757.749642905043,True,718.9600219726562,710.4548482967451,True
SCHR,debit,pullback,bull_continuation,6,watchlist,NO,SETUP_REJECT,watchlist setup; below option evaluation threshold,close_above_ema21;ema8_above_ema21;ema21_above_ema50;ema50_above_ema200;ema8_slope_positive;ema21_slope_positive;reclaimed_ema8;close_upper_half_range;relative_strength_positive;volume_above_20d_average,24.239999771118164,,-1,,,,,,,,,,,,,,,,,0,0,0,0,0.002292135778241303,0.005099349678081493,0.9869464635072369,2.0113054244053803,-0.008048918463716137,-0.00214824612915665,0.9092617636123698,0.002740459162263651,True,False,"SPY: close=770.19, ema50=757.75, above=true; QQQ: close=718.96, ema50=710.45, above=true",,,watchlist setup; below option evaluation threshold,,,SETUP_REJECT,False,watchlist setup; below option evaluation threshold,,,0.045,,,,,,,,False,,,,,,,,False,,,,,,,,,,,,,,,,,,,,,,,,,,0.5,0.5,2.0,21,24.36360800614771,pullback,bull_continuation,6.0,watchlist,low_near_ema8;low_near_ema21;recent_2_5_day_pullback;atr_pullback_controlled,close_above_ema21;ema8_above_ema21;ema21_above_ema50;ema50_above_ema200;ema8_slope_positive;ema21_slope_positive;reclaimed_ema8;close_upper_half_range;relative_strength_positive;volume_above_20d_average,24.229999542236328,24.260000228881836,24.229999542236328,24.239999771118164,24.25,24.295561141858105,24.36360800614771,24.443072087950927,24.718395013084788,-0.01587467735426884,-0.0123608235029522,-0.008288665993173794,0.06642872946602958,0.3333333333333333,-0.002292135778241303,-0.04744433426127925,QQQ,"SPY,QQQ",50.0,770.1900024414062,757.749642905043,True,718.9600219726562,710.4548482967451,True
SCHR,credit,pullup,bear_ema8_rejection,18,strong_setup,NO,LIQUIDITY_REJECT,"short leg illiquid (vol=35, oi=39)",failed_ema8_reclaim;volume_above_20d_average,24.239999771118164,2026-11-20,74,,25.0,,,,,,,,,,,,,,,35,39,0,0,0.002292135778241303,0.005099349678081493,0.5353242981179439,1.5596832590160872,-0.008048918463716137,-0.00214824612915665,0.9092617636123698,0.002740459162263651,True,False,"SPY: close=770.19, ema50=757.75, above=true; QQQ: close=718.96, ema50=710.45, above=true",,,"short leg illiquid (vol=35, oi=39)",,,,False,"short leg illiquid (vol=35, oi=39)",2026-11-20,0.20273972602739726,0.045,,SCHR261120C00025000,,,,,,False,,,0.0,0.05,0.05,0.05,mid=last (no valid bid/ask),False,0.0629976513671875,,0.03672381102844491,,,,,,,,,,,,,,,,,,,,,,,0.5,0.5,2.0,21,24.36360800614771,pullup,bear_ema8_rejection,18.0,strong_setup,close_below_ema21;ema8_below_ema21;ema21_below_ema50;ema50_below_ema200;ema8_slope_negative;ema21_slope_negative;high_near_ema8;high_near_ema21;recent_2_5_day_bounce;close_lower_half_range;relative_weakness_negative;atr_bounce_controlled,failed_ema8_reclaim;volume_above_20d_average,24.229999542236328,24.260000228881836,24.229999542236328,24.239999771118164,24.25,24.295561141858105,24.36360800614771,24.443072087950927,24.718395013084788,-0.01587467735426884,-0.0123608235029522,-0.008288665993173794,0.06642872946602958,0.3333333333333333,0.002292135778241303,-0.04744433426127925,QQQ,"SPY,QQQ",50.0,770.1900024414062,757.749642905043,True,718.9600219726562,710.4548482967451,True
SDGR,debit,pullback,bull_ema8_pullback,12,strong_setup,NO,LIQUIDITY_REJECT,"short leg illiquid (vol=10, oi=449)",ema8_slope_positive;low_near_ema8;low_near_ema21;reclaimed_ema8;close_upper_half_range;volume_above_20d_average,20.09000015258789,2026-12-18,102,,25.0,,,,,,,,,,,,,0.4827586206896551,,10,449,0,0,0.003470032497308109,0.044726645328421195,0.42764246957716406,0.4446179417539751,0.016265482895768013,0.11190664933545824,0.8397864138112684,0.055254918370280404,True,False,"SPY: close=770.19, ema50=757.75, above=true; QQQ: close=718.96, ema50=710.45, above=true",,,"short leg illiquid (vol=10, oi=449)",,,,False,"short leg illiquid (vol=10, oi=449)",2026-12-18,0.27945205479452057,0.045,,SDGR261218C00025000,,,,,,False,,,1.1,1.8,1.48,1.4500000000000002,"mid=avg(bid,ask)",True,0.7075224560546876,,0.5208696412405549,,,,,,,,,,,,,,,,,,,,,,,0.5,0.5,2.0,21,19.191441841115164,pullback,bull_ema8_pullback,12.0,strong_setup,close_above_ema21;ema8_above_ema21;ema21_above_ema50;ema50_above_ema200;ema21_slope_positive;recent_2_5_day_pullback;relative_strength_positive;atr_pullback_controlled,ema8_slope_positive;low_near_ema8;low_near_ema21;reclaimed_ema8;close_upper_half_range;volume_above_20d_average,20.579999923706055,20.670000076293945,19.684999465942383,20.09000015258789,20.709999084472656,20.159713105988295,19.191441841115164,17.64690028157994,14.864162060209933,-0.019917986685829447,0.08985583114727191,0.09971836208195839,1.1100713184901647,0.4111679550137097,-0.003470032497308109,0.3833596311105383,QQQ,"SPY,QQQ",50.0,770.1900024414062,757.749642905043,True,718.9600219726562,710.4548482967451,True
SDGR,credit,pullup,bear_failed_reclaim,4,near_miss,NO,SETUP_REJECT,near_miss setup; below option evaluation threshold,close_below_ema21;ema8_below_ema21;ema21_below_ema50;ema50_below_ema200;ema21_slope_negative;high_near_ema8;high_near_ema21;failed_ema8_reclaim;relative_weakness_negative;volume_above_20d_average,20.09000015258789,,-1,,,,,,,,,,,,,,,,,0,0,0,0,0.003470032497308109,0.044726645328421195,0.4596884558730007,1.33194886720414,0.016265482895768013,0.11190664933545824,0.8397864138112684,0.055254918370280404,True,False,"SPY: close=770.19, ema50=757.75, above=true; QQQ: close=718.96, ema50=710.45, above=true",,,near_miss setup; below option evaluation threshold,,,SETUP_REJECT,False,near_miss setup; below option evaluation threshold,,,0.045,,,,,,,,False,,,,,,,,False,,,,,,,,,,,,,,,,,,,,,,,,,,0.5,0.5,2.0,21,19.191441841115164,pullup,bear_failed_reclaim,4.0,near_miss,ema8_slope_negative;recent_2_5_day_bounce;close_lower_half_range;atr_bounce_controlled,close_below_ema21;ema8_below_ema21;ema21_below_ema50;ema50_below_ema200;ema21_slope_negative;high_near_ema8;high_near_ema21;failed_ema8_reclaim;relative_weakness_negative;volume_above_20d_average,20.579999923706055,20.670000076293945,19.684999465942383,20.09000015258789,20.709999084472656,20.159713105988295,19.191441841115164,17.64690028157994,14.864162060209933,-0.019917986685829447,0.08985583114727191,0.09971836208195839,1.1100713184901647,0.4111679550137097,0.003470032497308109,0.3833596311105383,QQQ,"SPY,QQQ",50.0,770.1900024414062,757.749642905043,True,718.9600219726562,710.4548482967451,True
SHOP,debit,pullback,bull_ema8_pullback,15,strong_setup,NO,LIQUIDITY_REJECT,"short leg illiquid (vol=7, oi=2542)",ema8_slope_positive;reclaimed_ema8;close_upper_half_range;relative_strength_positive,145.08999633789062,2026-12-18,102,,175.0,,,,,,,,,,,,,0.08813559322033904,,7,2542,0,0,0.007621604758168526,0.0004359851069366032,0.34471231770218436,0.10846389714759468,-0.05461056243224882,-0.03712349540609372,1.0254311804511724,0.034106428505172884,True,False,"SPY: close=770.19, ema50=757.75, above=true; QQQ: close=718.96, ema50=710.45, above=true",,,"short leg illiquid (vol=7, oi=2542)",,,,False,"short leg illiquid (vol=7, oi=2542)",2026-12-18,0.27945205479452057,0.045,,SHOP261218C00175000,,,,,,False,,,7.05,7.7,6.81,7.375,"mid=avg(bid,ask)",True,0.5529829858398438,,0.5783320418359933,,,,,,,,,,,,,,,,,,,,,,,0.5,0.5,2.0,21,145.02673926032182,pullback,bull_ema8_pullback,15.0,strong_setup,close_above_ema21;ema8_above_ema21;ema21_above_ema50;ema50_above_ema200;ema21_slope_positive;low_near_ema8;low_near_ema21;recent_2_5_day_pullback;volume_above_20d_average;atr_pullback_controlled,ema8_slope_positive;reclaimed_ema8;close_upper_half_range;relative_strength_positive,144.55499267578125,149.42999267578125,144.49000549316406,145.08999633789062,145.8800048828125,146.19581494434215,145.02673926032182,136.81997349066938,128.71598478007806,-0.3159481732718916,0.006325707756872134,0.3375519529477913,4.9485015869140625,0.12145595171538269,-0.007621604758168526,0.3045142988665226,QQQ,"SPY,QQQ",50.0,770.1900024414062,757.749642905043,True,718.9600219726562,710.4548482967451,True
SHOP,credit,pullup,bear_continuation,7,watchlist,NO,SETUP_REJECT,watchlist setup; below option evaluation threshold,close_below_ema21;ema8_below_ema21;ema21_below_ema50;ema50_below_ema200;ema21_slope_negative;high_near_ema8;high_near_ema21;failed_ema8_reclaim,145.08999633789062,,-1,,,,,,,,,,,,,,,,,0,0,0,0,0.007621604758168526,0.0004359851069366032,0.6535670797785822,0.8898155003331719,-0.05461056243224882,-0.03712349540609372,1.0254311804511724,0.034106428505172884,True,False,"SPY: close=770.19, ema50=757.75, above=true; QQQ: close=718.96, ema50=710.45, above=true",,,watchlist setup; below option evaluation threshold,,,SETUP_REJECT,False,watchlist setup; below option evaluation threshold,,,0.045,,,,,,,,False,,,,,,,,False,,,,,,,,,,,,,,,,,,,,,,,,,,0.5,0.5,2.0,21,145.02673926032182,pullup,bear_continuation,7.0,watchlist,ema8_slope_negative;recent_2_5_day_bounce;close_lower_half_range;relative_weakness_negative;volume_above_20d_average;atr_bounce_controlled,close_below_ema21;ema8_below_ema21;ema21_below_ema50;ema50_below_ema200;ema21_slope_negative;high_near_ema8;high_near_ema21;failed_ema8_reclaim,144.55499267578125,149.42999267578125,144.49000549316406,145.08999633789062,145.8800048828125,146.19581494434215,145.02673926032182,136.81997349066938,128.71598478007806,-0.3159481732718916,0.006325707756872134,0.3375519529477913,4.9485015869140625,0.12145595171538269,0.007621604758168526,0.3045142988665226,QQQ,"SPY,QQQ",50.0,770.1900024414062,757.749642905043,True,718.9600219726562,710.4548482967451,True
SILJ,debit,pullback,bull_ema8_pullback,15,strong_setup,NO,LIQUIDITY_REJECT,"short leg illiquid (vol=2, oi=764)",ema50_above_ema200;low_near_ema21;reclaimed_ema8;volume_above_20d_average,31.68000030517578,2026-11-20,74,,37.0,,,,,,,,,,,,,0.6006600660066006,,2,764,0,0,0.0012977176472575376,0.03351587092640907,0.25885788027813084,0.4773294971829386,-0.004477474995175368,0.09279454021531552,0.6548199439459244,0.04376352307243311,True,False,"SPY: close=770.19, ema50=757.75, above=true; QQQ: close=718.96, ema50=710.45, above=true",,,"short leg illiquid (vol=2, oi=764)",,,,False,"short leg illiquid (vol=2, oi=764)",2026-11-20,0.20273972602739726,0.045,,SILJ261120C00037000,,,,,,False,,,1.06,1.97,1.58,1.5150000000000001,"mid=avg(bid,ask)",True,0.57617611328125,,0.5527449999791071,,,,,,,,,,,,,,,,,,,,,,,0.5,0.5,2.0,21,30.61821750399891,pullback,bull_ema8_pullback,15.0,strong_setup,close_above_ema21;ema8_above_ema21;ema21_above_ema50;ema8_slope_positive;ema21_slope_positive;low_near_ema8;recent_2_5_day_pullback;close_upper_half_range;relative_strength_positive;atr_pullback_controlled,ema50_above_ema200;low_near_ema21;reclaimed_ema8;volume_above_20d_average,31.5,32.02000045776367,31.280000686645508,31.68000030517578,32.38999938964844,31.63888860971463,30.61821750399891,29.158585650198997,30.365691284541636,0.01174619870318594,0.10617828011768893,0.10291488387660408,1.3864284242902483,0.5405401922298717,0.0012977176472575376,0.2555781097961811,QQQ,"SPY,QQQ",50.0,770.1900024414062,757.749642905043,True,718.9600219726562,710.4548482967451,True
SILJ,credit,pullup,bear_breakdown_retest,7,watchlist,NO,SETUP_REJECT,watchlist setup; below option evaluation threshold,close_below_ema21;ema8_below_ema21;ema21_below_ema50;ema8_slope_negative;ema21_slope_negative;high_near_ema21;failed_ema8_reclaim;close_lower_half_range;volume_above_20d_average,31.68000030517578,,-1,,,,,,,,,,,,,,,,,0,0,0,0,0.0012977176472575376,0.03351587092640907,0.27488750329404366,1.011074880755113,-0.004477474995175368,0.09279454021531552,0.6548199439459244,0.04376352307243311,True,False,"SPY: close=770.19, ema50=757.75, above=true; QQQ: close=718.96, ema50=710.45, above=true",,,watchlist setup; below option evaluation threshold,,,SETUP_REJECT,False,watchlist setup; below option evaluation threshold,,,0.045,,,,,,,,False,,,,,,,,False,,,,,,,,,,,,,,,,,,,,,,,,,,0.5,0.5,2.0,21,30.61821750399891,pullup,bear_breakdown_retest,7.0,watchlist,ema50_below_ema200;high_near_ema8;recent_2_5_day_bounce;relative_weakness_negative;atr_bounce_controlled,close_below_ema21;ema8_below_ema21;ema21_below_ema50;ema8_slope_negative;ema21_slope_negative;high_near_ema21;failed_ema8_reclaim;close_lower_half_range;volume_above_20d_average,31.5,32.02000045776367,31.280000686645508,31.68000030517578,32.38999938964844,31.63888860971463,30.61821750399891,29.158585650198997,30.365691284541636,0.01174619870318594,0.10617828011768893,0.10291488387660408,1.3864284242902483,0.5405401922298717,-0.0012977176472575376,0.2555781097961811,QQQ,"SPY,QQQ",50.0,770.1900024414062,757.749642905043,True,718.9600219726562,710.4548482967451,True
SLV,debit,pullback,bull_ema21_pullback,14,strong_setup,NO,PRICING_REJECT,spread mid/width too high (25.8%>20.0%),ema50_above_ema200;ema8_slope_positive;low_near_ema8;reclaimed_ema8;volume_above_20d_average,59.81999969482422,2026-12-18,102,62.0,71.0,9.0,2.3200000000000003,2.4200000000000004,0.10000000000000009,93.28206385503256,excellent,0.25777777777777783,,,,,,0.035335689045936425,0.019417475728155442,154,906,65,2762,0.003553108770699768,0.008589045485544207,0.46403366633495047,0.09059223992935903,-0.006863674948421994,0.045976919377540226,0.7474343002906805,0.03251421346879842,True,False,"SPY: close=770.19, ema50=757.75, above=true; QQQ: close=718.96, ema50=710.45, above=true",,,spread mid/width too high (25.8%>20.0%),,,PRICING_REJECT,False,spread mid/width too high (25.8%>20.0%),2026-12-18,0.27945205479452057,0.045,SLV261218C00062000,SLV261218C00071000,5.1,5.2,5.2,5.15,"mid=avg(bid,ask)",True,0.48389187988281257,,2.78,2.88,2.85,2.83,"mid=avg(bid,ask)",True,0.5117236328125,,0.42658317693561026,,,,,,,,,,,,,,,,,,,,,,,0.5,0.5,2.0,21,59.30620299650013,pullback,bull_ema21_pullback,14.0,strong_setup,close_above_ema21;ema8_above_ema21;ema21_above_ema50;ema21_slope_positive;low_near_ema21;recent_2_5_day_pullback;close_upper_half_range;relative_strength_positive;atr_pullback_controlled,ema50_above_ema200;ema8_slope_positive;low_near_ema8;reclaimed_ema8;volume_above_20d_average,59.15999984741211,59.970001220703125,59.130001068115234,59.81999969482422,60.54999923706055,60.032546660403156,59.30620299650013,58.69336571075168,64.83545463348966,-0.060727704451124964,0.05137966983240716,0.045985060574388115,1.945000239780971,0.82142678734429,-0.003553108770699768,0.0010325717857224692,QQQ,"SPY,QQQ",50.0,770.1900024414062,757.749642905043,True,718.9600219726562,710.4548482967451,True
SLV,credit,pullup,bear_breakdown_retest,10,valid_setup,NO,RISK_REJECT,credit/width<20.0% (credit_width=11.2%),close_below_ema21;ema8_below_ema21;ema21_below_ema50;ema21_slope_negative;failed_ema8_reclaim;close_lower_half_range;volume_above_20d_average,59.81999969482422,2026-12-18,102,80.0,75.0,5.0,0.56,0.5100000000000002,0.04999999999999982,91.62776812852803,excellent,0.11200000000000002,0.5934502042839149,-0.033450204283914875,0.821760590992511,0.12612612612612614,,0.04081632653061218,0.0060790273556231055,64,19094,227,14235,0.003553108770699768,0.008589045485544207,0.0321570344418438,0.34128439196374766,-0.006863674948421994,0.045976919377540226,0.7474343002906805,0.03251421346879842,True,False,"SPY: close=770.19, ema50=757.75, above=true; QQQ: close=718.96, ema50=710.45, above=true",0.28,1.12,credit/width<20.0% (credit_width=11.2%),SELL credit call spread near mid on pullup day (trend down).,TP: buy back at 50% max profit (spread≈0.28); SL: buy back if spread≥1.12 OR close>EMA21 (≈59.31); Time-stop: exit by 21 days.,,False,credit/width<20.0% (credit_width=11.2%),2026-12-18,0.27945205479452057,0.045,SLV261218C00080000,SLV261218C00075000,1.64,1.65,1.65,1.645,"mid=avg(bid,ask)",True,0.5449264257812501,0.5449264257812501,2.16,2.25,2.17,2.205,"mid=avg(bid,ask)",True,0.526371923828125,0.526371923828125,0.42658317693561026,0.5356491748046875,1.749930901198109,2.343381105482024,-0.8214110192780291,-1.109476701335886,0.20570609450783245,0.016521877777121073,9.003210297450899,-9.253041533116019,-0.628408579920221,-0.9066657538795619,0.2648681589497748,0.01967281105078732,10.355218267477916,-10.360017516271526,0.05916206444194233,0.0031509332736662475,1.3520079700270173,-1.1069759831555075,75.56,0.56,4.4399999999999995,0.5,0.5,2.0,21,59.30620299650013,pullup,bear_breakdown_retest,10.0,valid_setup,ema50_below_ema200;ema8_slope_negative;high_near_ema8;high_near_ema21;recent_2_5_day_bounce;relative_weakness_negative;atr_bounce_controlled,close_below_ema21;ema8_below_ema21;ema21_below_ema50;ema21_slope_negative;failed_ema8_reclaim;close_lower_half_range;volume_above_20d_average,59.15999984741211,59.970001220703125,59.130001068115234,59.81999969482422,60.54999923706055,60.032546660403156,59.30620299650013,58.69336571075168,64.83545463348966,-0.060727704451124964,0.05137966983240716,0.045985060574388115,1.945000239780971,0.82142678734429,0.003553108770699768,0.0010325717857224692,QQQ,"SPY,QQQ",50.0,770.1900024414062,757.749642905043,True,718.9600219726562,710.4548482967451,True
SMCI,debit,pullback,bull_ema8_pullback,15,strong_setup,NO,LIQUIDITY_REJECT,"short leg illiquid (vol=1, oi=1103)",low_near_ema21;recent_2_5_day_pullback;reclaimed_ema8;volume_above_20d_average,39.59000015258789,2026-12-18,102,,54.0,,,,,,,,,,,,,0.06998158379373848,,1,1103,0,0,0.04598164460466609,0.08590023064757511,0.0674490257360118,0.7761381583535331,0.06415998960692737,0.2773927099020165,0.976376987957475,0.05632735737808052,True,False,"SPY: close=770.19, ema50=757.75, above=true; QQQ: close=718.96, ema50=710.45, above=true",,,"short leg illiquid (vol=1, oi=1103)",,,,False,"short leg illiquid (vol=1, oi=1103)",2026-12-18,0.27945205479452057,0.045,,SMCI261218C00054000,,,,,,False,,,2.62,2.81,3.09,2.715,"mid=avg(bid,ask)",True,0.8112811840820311,,1.149464174578458,,,,,,,,,,,,,,,,,,,,,,,0.5,0.5,2.0,21,36.18921000814306,pullback,bull_ema8_pullback,15.0,strong_setup,close_above_ema21;ema8_above_ema21;ema21_above_ema50;ema50_above_ema200;ema8_slope_positive;ema21_slope_positive;low_near_ema8;close_upper_half_range;relative_strength_positive;atr_pullback_controlled,low_near_ema21;recent_2_5_day_pullback;reclaimed_ema8;volume_above_20d_average,38.15999984741211,40.90999984741211,37.91999816894531,39.59000015258789,37.869998931884766,37.76958683567292,36.18921000814306,33.95552243592642,32.08191269588631,0.5201180905471361,0.3400790144444841,0.22997868231271212,2.2300000871930803,0.558528777983468,0.04598164460466609,0.3161510131112375,QQQ,"SPY,QQQ",50.0,770.1900024414062,757.749642905043,True,718.9600219726562,710.4548482967451,True
SMCI,credit,pullup,bear_continuation,1,reject,NO,SETUP_REJECT,setup_score_below_near_miss_threshold,close_below_ema21;ema8_below_ema21;ema21_below_ema50;ema50_below_ema200;ema8_slope_negative;ema21_slope_negative;high_near_ema8;high_near_ema21;recent_2_5_day_bounce;failed_ema8_reclaim;close_lower_half_range;relative_weakness_negative;volume_above_20d_average,39.59000015258789,,-1,,,,,,,,,,,,,,,,,0,0,0,0,0.04598164460466609,0.08590023064757511,1.4082569008739616,2.116946033491483,0.06415998960692737,0.2773927099020165,0.976376987957475,0.05632735737808052,True,False,"SPY: close=770.19, ema50=757.75, above=true; QQQ: close=718.96, ema50=710.45, above=true",,,setup_score_below_near_miss_threshold,,,SETUP_REJECT,False,setup_score_below_near_miss_threshold,,,0.045,,,,,,,,False,,,,,,,,False,,,,,,,,,,,,,,,,,,,,,,,,,,0.5,0.5,2.0,21,36.18921000814306,pullup,bear_continuation,1.0,reject,atr_bounce_controlled,close_below_ema21;ema8_below_ema21;ema21_below_ema50;ema50_below_ema200;ema8_slope_negative;ema21_slope_negative;high_near_ema8;high_near_ema21;recent_2_5_day_bounce;failed_ema8_reclaim;close_lower_half_range;relative_weakness_negative;volume_above_20d_average,38.15999984741211,40.90999984741211,37.91999816894531,39.59000015258789,37.869998931884766,37.76958683567292,36.18921000814306,33.95552243592642,32.08191269588631,0.5201180905471361,0.3400790144444841,0.22997868231271212,2.2300000871930803,0.558528777983468,-0.04598164460466609,0.3161510131112375,QQQ,"SPY,QQQ",50.0,770.1900024414062,757.749642905043,True,718.9600219726562,710.4548482967451,True
SMH,debit,pullback,bull_ema8_reclaim,16,strong_setup,NO,LIQUIDITY_REJECT,"short leg illiquid (vol=9, oi=82)",ema8_above_ema21;ema21_above_ema50;recent_2_5_day_pullback,567.010009765625,2026-12-18,102,,645.0,,,,,,,,,,,,,0.14620689655172406,,9,82,0,0,0.016652457069128376,0.008933944381916378,0.009855061182223516,0.2737656170404014,0.021599230146522874,-0.021297282237286885,1.387294436774928,0.02721420996375108,True,False,"SPY: close=770.19, ema50=757.75, above=true; QQQ: close=718.96, ema50=710.45, above=true",,,"short leg illiquid (vol=9, oi=82)",,,,False,"short leg illiquid (vol=9, oi=82)",2026-12-18,0.27945205479452057,0.045,,SMH261218C00645000,,,,,,False,,,16.8,19.45,16.91,18.125,"mid=avg(bid,ask)",True,0.3815979809570312,,0.5010182034684542,,,,,,,,,,,,,,,,,,,,,,,0.5,0.5,2.0,21,561.944373874389,pullback,bull_ema8_reclaim,16.0,strong_setup,close_above_ema21;ema50_above_ema200;ema8_slope_positive;ema21_slope_positive;low_near_ema8;low_near_ema21;reclaimed_ema8;close_upper_half_range;relative_strength_positive;volume_above_20d_average;atr_pullback_controlled,ema8_above_ema21;ema21_above_ema50;recent_2_5_day_pullback,560.5,569.4000244140625,557.719970703125,567.010009765625,552.5999755859375,557.5678999202369,561.944373874389,566.4848321838646,507.07902600947835,2.697745670110976,0.5065635891236298,0.021435819663793154,15.430729457310267,0.7953763991513644,0.016652457069128376,-0.04325953930442206,QQQ,"SPY,QQQ",50.0,770.1900024414062,757.749642905043,True,718.9600219726562,710.4548482967451,True
SMH,credit,pullup,bear_continuation,10,valid_setup,NO,LIQUIDITY_REJECT,long leg bid/ask too wide (16.7%>15.0%),close_below_ema21;ema50_below_ema200;ema8_slope_negative;ema21_slope_negative;high_near_ema8;recent_2_5_day_bounce;failed_ema8_reclaim;close_lower_half_range,567.010009765625,2026-12-18,102,665.0,660.0,5.0,,,,,,,,,,,,0.11409395973154357,0.16666666666666657,60,3803,12,136,0.016652457069128376,0.008933944381916378,0.7667897053447589,0.483169027122134,0.021599230146522874,-0.021297282237286885,1.387294436774928,0.02721420996375108,True,False,"SPY: close=770.19, ema50=757.75, above=true; QQQ: close=718.96, ema50=710.45, above=true",,,long leg bid/ask too wide (16.7%>15.0%),,,,False,long leg bid/ask too wide (16.7%>15.0%),2026-12-18,0.27945205479452057,0.045,SMH261218C00665000,SMH261218C00660000,12.65,14.95,8.87,13.8,"mid=avg(bid,ask)",True,0.3780884945678711,,14.05,15.75,15.0,14.9,"mid=avg(bid,ask)",True,0.37650159637451175,,0.5010182034684542,,,,,,,,,,,,,,,,,,,,,,,0.5,0.5,2.0,21,561.944373874389,pullup,bear_continuation,10.0,valid_setup,ema8_below_ema21;ema21_below_ema50;high_near_ema21;relative_weakness_negative;volume_above_20d_average;atr_bounce_controlled,close_below_ema21;ema50_below_ema200;ema8_slope_negative;ema21_slope_negative;high_near_ema8;recent_2_5_day_bounce;failed_ema8_reclaim;close_lower_half_range,560.5,569.4000244140625,557.719970703125,567.010009765625,552.5999755859375,557.5678999202369,561.944373874389,566.4848321838646,507.07902600947835,2.697745670110976,0.5065635891236298,0.021435819663793154,15.430729457310267,0.7953763991513644,-0.016652457069128376,-0.04325953930442206,QQQ,"SPY,QQQ",50.0,770.1900024414062,757.749642905043,True,718.9600219726562,710.4548482967451,True
SNAP,debit,pullback,bull_ema8_pullback,15,strong_setup,NO,PRICING_REJECT,spread mid/width too high (25.5%>20.0%),ema50_above_ema200;ema8_slope_positive;reclaimed_ema8;close_upper_half_range;volume_above_20d_average,5.46999979019165,2027-01-15,130,6.0,7.0,1.0,0.2550000000000001,0.3,0.04499999999999987,77.85889769619435,good,0.2550000000000001,,,,,,0.08888888888888885,0.07092198581560273,573,69718,136,34510,0.006200993986571037,0.017786245435991322,0.13369617236664041,0.26572607684473637,0.0038350360423122787,0.03189549043467943,0.5571242482192844,0.060054840384888425,True,False,"SPY: close=770.19, ema50=757.75, above=true; QQQ: close=718.96, ema50=710.45, above=true",,,spread mid/width too high (25.5%>20.0%),,,PRICING_REJECT,False,spread mid/width too high (25.5%>20.0%),2027-01-15,0.3561643835616438,0.045,SNAP270115C00006000,SNAP270115C00007000,0.68,0.73,0.7,0.7050000000000001,"mid=avg(bid,ask)",True,0.6953155468750001,,0.43,0.47,0.43,0.44999999999999996,"mid=avg(bid,ask)",True,0.7070341796875,,0.6540060802186607,,,,,,,,,,,,,,,,,,,,,,,0.5,0.5,2.0,21,5.372709031388481,pullback,bull_ema8_pullback,15.0,strong_setup,close_above_ema21;ema8_above_ema21;ema21_above_ema50;ema21_slope_positive;low_near_ema8;low_near_ema21;recent_2_5_day_pullback;relative_strength_positive;atr_pullback_controlled,ema50_above_ema200;ema8_slope_positive;reclaimed_ema8;close_upper_half_range;volume_above_20d_average,5.650000095367432,5.679999828338623,5.460000038146973,5.46999979019165,5.699999809265137,5.503919225997174,5.372709031388481,5.218585833138346,5.227627293260305,-0.009691267373006518,0.00972907588031724,0.010261794165441707,0.32849996430533274,0.04545346173269784,-0.006200993986571037,-0.019699839904743,QQQ,"SPY,QQQ",50.0,770.1900024414062,757.749642905043,True,718.9600219726562,710.4548482967451,True
SNAP,credit,pullup,bear_failed_reclaim,5,near_miss,NO,SETUP_REJECT,near_miss setup; below option evaluation threshold,close_below_ema21;ema8_below_ema21;ema21_below_ema50;ema21_slope_negative;high_near_ema8;high_near_ema21;failed_ema8_reclaim;relative_weakness_negative;volume_above_20d_average,5.46999979019165,,-1,,,,,,,,,,,,,,,,,0,0,0,0,0.006200993986571037,0.017786245435991322,0.5360140684148956,0.9354363176262724,0.0038350360423122787,0.03189549043467943,0.5571242482192844,0.060054840384888425,True,False,"SPY: close=770.19, ema50=757.75, above=true; QQQ: close=718.96, ema50=710.45, above=true",,,near_miss setup; below option evaluation threshold,,,SETUP_REJECT,False,near_miss setup; below option evaluation threshold,,,0.045,,,,,,,,False,,,,,,,,False,,,,,,,,,,,,,,,,,,,,,,,,,,0.5,0.5,2.0,21,5.372709031388481,pullup,bear_failed_reclaim,5.0,near_miss,ema50_below_ema200;ema8_slope_negative;recent_2_5_day_bounce;close_lower_half_range;atr_bounce_controlled,close_below_ema21;ema8_below_ema21;ema21_below_ema50;ema21_slope_negative;high_near_ema8;high_near_ema21;failed_ema8_reclaim;relative_weakness_negative;volume_above_20d_average,5.650000095367432,5.679999828338623,5.460000038146973,5.46999979019165,5.699999809265137,5.503919225997174,5.372709031388481,5.218585833138346,5.227627293260305,-0.009691267373006518,0.00972907588031724,0.010261794165441707,0.32849996430533274,0.04545346173269784,0.006200993986571037,-0.019699839904743,QQQ,"SPY,QQQ",50.0,770.1900024414062,757.749642905043,True,718.9600219726562,710.4548482967451,True
SNOW,debit,pullback,bull_breakout_pullback,14,strong_setup,NO,LIQUIDITY_REJECT,"short leg illiquid (vol=48, oi=125)",low_near_ema8;low_near_ema21;reclaimed_ema8;close_upper_half_range,337.17999267578125,2026-12-18,102,,410.0,,,,,,,,,,,,,0.08557844690966718,,48,125,0,0,0.019996469001455606,0.04375459930320652,0.3697134413852917,0.8135847734447185,0.02445634287816678,0.025871776558255788,1.6147668406174216,0.05352481357946791,True,False,"SPY: close=770.19, ema50=757.75, above=true; QQQ: close=718.96, ema50=710.45, above=true",,,"short leg illiquid (vol=48, oi=125)",,,,False,"short leg illiquid (vol=48, oi=125)",2026-12-18,0.27945205479452057,0.045,,SNOW261218C00410000,,,,,,False,,,15.1,16.45,15.84,15.774999999999999,"mid=avg(bid,ask)",True,0.5423324575805665,,0.4986229096249279,,,,,,,,,,,,,,,,,,,,,,,0.5,0.5,2.0,21,322.42681720319433,pullback,bull_breakout_pullback,14.0,strong_setup,close_above_ema21;ema8_above_ema21;ema21_above_ema50;ema50_above_ema200;ema8_slope_positive;ema21_slope_positive;recent_2_5_day_pullback;relative_strength_positive;volume_above_20d_average;atr_pullback_controlled,low_near_ema8;low_near_ema21;reclaimed_ema8;close_upper_half_range,353.6300048828125,356.8299865722656,337.1099853515625,337.17999267578125,356.4700012207031,330.43758340432896,322.42681720319433,297.02190934663986,228.32043132013112,1.9264026489863681,1.475317547258669,1.639105442005814,18.047496250697545,0.0035500669312967647,0.019996469001455606,0.3690738940354621,QQQ,"SPY,QQQ",50.0,770.1900024414062,757.749642905043,True,718.9600219726562,710.4548482967451,True
SNOW,credit,pullup,bear_breakdown_retest,4,near_miss,NO,SETUP_REJECT,near_miss setup; below option evaluation threshold,close_below_ema21;ema8_below_ema21;ema21_below_ema50;ema50_below_ema200;ema8_slope_negative;ema21_slope_negative;high_near_ema8;high_near_ema21;failed_ema8_reclaim;relative_weakness_negative,337.17999267578125,,-1,,,,,,,,,,,,,,,,,0,0,0,0,0.019996469001455606,0.04375459930320652,1.4623858512737788,1.9062571833332056,0.02445634287816678,0.025871776558255788,1.6147668406174216,0.05352481357946791,True,False,"SPY: close=770.19, ema50=757.75, above=true; QQQ: close=718.96, ema50=710.45, above=true",,,near_miss setup; below option evaluation threshold,,,SETUP_REJECT,False,near_miss setup; below option evaluation threshold,,,0.045,,,,,,,,False,,,,,,,,False,,,,,,,,,,,,,,,,,,,,,,,,,,0.5,0.5,2.0,21,322.42681720319433,pullup,bear_breakdown_retest,4.0,near_miss,recent_2_5_day_bounce;close_lower_half_range;volume_above_20d_average;atr_bounce_controlled,close_below_ema21;ema8_below_ema21;ema21_below_ema50;ema50_below_ema200;ema8_slope_negative;ema21_slope_negative;high_near_ema8;high_near_ema21;failed_ema8_reclaim;relative_weakness_negative,353.6300048828125,356.8299865722656,337.1099853515625,337.17999267578125,356.4700012207031,330.43758340432896,322.42681720319433,297.02190934663986,228.32043132013112,1.9264026489863681,1.475317547258669,1.639105442005814,18.047496250697545,0.0035500669312967647,-0.019996469001455606,0.3690738940354621,QQQ,"SPY,QQQ",50.0,770.1900024414062,757.749642905043,True,718.9600219726562,710.4548482967451,True
SO,debit,pullback,bull_continuation,5,near_miss,NO,SETUP_REJECT,near_miss setup; below option evaluation threshold,close_above_ema21;ema8_above_ema21;ema21_above_ema50;ema50_above_ema200;ema8_slope_positive;ema21_slope_positive;low_near_ema21;reclaimed_ema8;close_upper_half_range;relative_strength_positive,88.11000061035156,,-1,,,,,,,,,,,,,,,,,0,0,0,0,0.007087987573226558,0.024396693281712765,0.7961872851801055,1.9157973662147902,-0.005117835020070793,-0.043782938411611405,1.3233005148420016,0.015459583654775969,True,False,"SPY: close=770.19, ema50=757.75, above=true; QQQ: close=718.96, ema50=710.45, above=true",,,near_miss setup; below option evaluation threshold,,,SETUP_REJECT,False,near_miss setup; below option evaluation threshold,,,0.045,,,,,,,,False,,,,,,,,False,,,,,,,,,,,,,,,,,,,,,,,,,,0.5,0.5,2.0,21,90.25959327029383,pullback,bull_continuation,5.0,near_miss,low_near_ema8;recent_2_5_day_pullback;volume_above_20d_average;atr_pullback_controlled,close_above_ema21;ema8_above_ema21;ema21_above_ema50;ema50_above_ema200;ema8_slope_positive;ema21_slope_positive;low_near_ema21;reclaimed_ema8;close_upper_half_range;relative_strength_positive,88.31999969482422,88.94000244140625,87.6500015258789,88.11000061035156,88.7699966430664,88.73452319975472,90.25959327029383,92.10749777923304,94.59464875828075,-0.178435025543763,-0.21495926599423854,-0.16316314975026103,1.3621439252580916,0.356588184501103,-0.007087987573226558,-0.0992873300404058,QQQ,"SPY,QQQ",50.0,770.1900024414062,757.749642905043,True,718.9600219726562,710.4548482967451,True
SO,credit,pullup,bear_ema8_rejection,21,strong_setup,NO,LIQUIDITY_REJECT,"short leg illiquid (vol=3, oi=397)",,88.11000061035156,2026-12-18,102,,95.0,,,,,,,,,,,,,0.29999999999999993,,3,397,0,0,0.007087987573226558,0.024396693281712765,0.1508498755831533,0.9687602054515313,-0.005117835020070793,-0.043782938411611405,1.3233005148420016,0.015459583654775969,True,False,"SPY: close=770.19, ema50=757.75, above=true; QQQ: close=718.96, ema50=710.45, above=true",,,"short leg illiquid (vol=3, oi=397)",,,,False,"short leg illiquid (vol=3, oi=397)",2026-12-18,0.27945205479452057,0.045,,SO261218C00095000,,,,,,False,,,0.85,1.15,1.05,1.0,"mid=avg(bid,ask)",True,0.18518881225585934,,0.1717372910074551,,,,,,,,,,,,,,,,,,,,,,,0.5,0.5,2.0,21,90.25959327029383,pullup,bear_ema8_rejection,21.0,strong_setup,close_below_ema21;ema8_below_ema21;ema21_below_ema50;ema50_below_ema200;ema8_slope_negative;ema21_slope_negative;high_near_ema8;high_near_ema21;recent_2_5_day_bounce;failed_ema8_reclaim;close_lower_half_range;relative_weakness_negative;volume_above_20d_average;atr_bounce_controlled,,88.31999969482422,88.94000244140625,87.6500015258789,88.11000061035156,88.7699966430664,88.73452319975472,90.25959327029383,92.10749777923304,94.59464875828075,-0.178435025543763,-0.21495926599423854,-0.16316314975026103,1.3621439252580916,0.356588184501103,0.007087987573226558,-0.0992873300404058,QQQ,"SPY,QQQ",50.0,770.1900024414062,757.749642905043,True,718.9600219726562,710.4548482967451,True
SOUN,debit,pullback,bull_continuation,2,reject,NO,SETUP_REJECT,setup_score_below_near_miss_threshold,close_above_ema21;ema8_above_ema21;ema21_above_ema50;ema50_above_ema200;ema8_slope_positive;ema21_slope_positive;low_near_ema8;low_near_ema21;recent_2_5_day_pullback;reclaimed_ema8;relative_strength_positive;volume_above_20d_average,6.739999771118164,,-1,,,,,,,,,,,,,,,,,0,0,0,0,0.023423068191442426,0.03151137221934337,0.8914390782186459,1.060254039091844,-0.05557087081597023,-0.15397197541522012,0.8395220548822137,0.04791224655720124,True,False,"SPY: close=770.19, ema50=757.75, above=true; QQQ: close=718.96, ema50=710.45, above=true",,,setup_score_below_near_miss_threshold,,,SETUP_REJECT,False,setup_score_below_near_miss_threshold,,,0.045,,,,,,,,False,,,,,,,,False,,,,,,,,,,,,,,,,,,,,,,,,,,0.5,0.5,2.0,21,6.952386412664158,pullback,bull_continuation,2.0,reject,close_upper_half_range;atr_pullback_controlled,close_above_ema21;ema8_above_ema21;ema21_above_ema50;ema50_above_ema200;ema8_slope_positive;ema21_slope_positive;low_near_ema8;low_near_ema21;recent_2_5_day_pullback;reclaimed_ema8;relative_strength_positive;volume_above_20d_average,6.684000015258789,6.789999961853027,6.610000133514404,6.739999771118164,6.739999771118164,6.897871245367371,6.952386412664158,6.969758231439395,7.485740735621022,-0.045106135499772826,-0.021238664154600073,-0.009377896339642255,0.3229285308292934,0.7222208976732973,-0.023423068191442426,-0.03790991920473752,QQQ,"SPY,QQQ",50.0,770.1900024414062,757.749642905043,True,718.9600219726562,710.4548482967451,True
SOUN,credit,pullup,bear_ema8_rejection,14,strong_setup,NO,LIQUIDITY_REJECT,"short leg illiquid (vol=42, oi=1747)",high_near_ema21;recent_2_5_day_bounce;failed_ema8_reclaim;close_lower_half_range;volume_above_20d_average,6.739999771118164,2027-01-15,130,,11.0,,,,,,,,,,,,,0.0588235294117646,,42,1747,0,0,0.023423068191442426,0.03151137221934337,0.334040734144258,0.5028556950174561,-0.05557087081597023,-0.15397197541522012,0.8395220548822137,0.04791224655720124,True,False,"SPY: close=770.19, ema50=757.75, above=true; QQQ: close=718.96, ema50=710.45, above=true",,,"short leg illiquid (vol=42, oi=1747)",,,,False,"short leg illiquid (vol=42, oi=1747)",2027-01-15,0.3561643835616438,0.045,,SOUN270115C00011000,,,,,,False,,,0.33,0.35,0.35,0.33999999999999997,"mid=avg(bid,ask)",True,0.81445498046875,,0.6312083277226697,,,,,,,,,,,,,,,,,,,,,,,0.5,0.5,2.0,21,6.952386412664158,pullup,bear_ema8_rejection,14.0,strong_setup,close_below_ema21;ema8_below_ema21;ema21_below_ema50;ema50_below_ema200;ema8_slope_negative;ema21_slope_negative;high_near_ema8;relative_weakness_negative;atr_bounce_controlled,high_near_ema21;recent_2_5_day_bounce;failed_ema8_reclaim;close_lower_half_range;volume_above_20d_average,6.684000015258789,6.789999961853027,6.610000133514404,6.739999771118164,6.739999771118164,6.897871245367371,6.952386412664158,6.969758231439395,7.485740735621022,-0.045106135499772826,-0.021238664154600073,-0.009377896339642255,0.3229285308292934,0.7222208976732973,0.023423068191442426,-0.03790991920473752,QQQ,"SPY,QQQ",50.0,770.1900024414062,757.749642905043,True,718.9600219726562,710.4548482967451,True
SOXL,debit,pullback,bull_continuation,11,strong_setup,NO,LIQUIDITY_REJECT,"short leg illiquid (vol=6, oi=496)",close_above_ema21;ema8_above_ema21;ema21_above_ema50;ema21_slope_positive;low_near_ema21;recent_2_5_day_pullback,117.27999877929688,2026-12-18,102,,185.0,,,,,,,,,,,,,0.24999999999999992,,6,496,0,0,0.03561909975426219,0.03758040295831807,0.3050340567659437,1.08149067287881,0.049818682808769,-0.15814987623768428,1.1635521716507755,0.09427378322698189,True,False,"SPY: close=770.19, ema50=757.75, above=true; QQQ: close=718.96, ema50=710.45, above=true",,,"short leg illiquid (vol=6, oi=496)",,,,False,"short leg illiquid (vol=6, oi=496)",2026-12-18,0.27945205479452057,0.045,,SOXL261218C00185000,,,,,,False,,,9.8,12.6,11.1,11.2,"mid=avg(bid,ask)",True,1.133610289001465,,1.7406593702983442,,,,,,,,,,,,,,,,,,,,,,,0.5,0.5,2.0,21,121.6874283923739,pullback,bull_continuation,11.0,strong_setup,ema50_above_ema200;ema8_slope_positive;low_near_ema8;reclaimed_ema8;close_upper_half_range;relative_strength_positive;volume_above_20d_average;atr_pullback_controlled,close_above_ema21;ema8_above_ema21;ema21_above_ema50;ema21_slope_positive;low_near_ema21;recent_2_5_day_pullback,111.22000122070312,118.18000030517578,109.7300033569336,117.27999877929688,106.73999786376953,113.10259080359735,121.6874283923739,138.94897687518133,121.19877571751934,1.1935451359141496,-0.4407429613077056,-0.8844480855462962,11.056429181780134,0.8934909052167019,0.03561909975426219,-0.3872172067942571,QQQ,"SPY,QQQ",50.0,770.1900024414062,757.749642905043,True,718.9600219726562,710.4548482967451,True
SOXL,credit,pullup,bear_ema21_rejection,13,strong_setup,NO,LIQUIDITY_REJECT,"short leg illiquid (vol=10, oi=165)",ema50_below_ema200;ema8_slope_negative;high_near_ema8;recent_2_5_day_bounce;failed_ema8_reclaim;close_lower_half_range,117.27999877929688,2026-12-18,102,,205.0,,,,,,,,,,,,,0.3695014662756598,,10,165,0,0,0.03561909975426219,0.03758040295831807,0.45922688221487296,0.31722973389799347,0.049818682808769,-0.15814987623768428,1.1635521716507755,0.09427378322698189,True,False,"SPY: close=770.19, ema50=757.75, above=true; QQQ: close=718.96, ema50=710.45, above=true",,,"short leg illiquid (vol=10, oi=165)",,,,False,"short leg illiquid (vol=10, oi=165)",2026-12-18,0.27945205479452057,0.045,,SOXL261218C00205000,,,,,,False,,,6.95,10.1,8.0,8.525,"mid=avg(bid,ask)",True,1.1264692114257815,,1.7406593702983442,,,,,,,,,,,,,,,,,,,,,,,0.5,0.5,2.0,21,121.6874283923739,pullup,bear_ema21_rejection,13.0,strong_setup,close_below_ema21;ema8_below_ema21;ema21_below_ema50;ema21_slope_negative;high_near_ema21;relative_weakness_negative;volume_above_20d_average;atr_bounce_controlled,ema50_below_ema200;ema8_slope_negative;high_near_ema8;recent_2_5_day_bounce;failed_ema8_reclaim;close_lower_half_range,111.22000122070312,118.18000030517578,109.7300033569336,117.27999877929688,106.73999786376953,113.10259080359735,121.6874283923739,138.94897687518133,121.19877571751934,1.1935451359141496,-0.4407429613077056,-0.8844480855462962,11.056429181780134,0.8934909052167019,-0.03561909975426219,-0.3872172067942571,QQQ,"SPY,QQQ",50.0,770.1900024414062,757.749642905043,True,718.9600219726562,710.4548482967451,True
SOXS,debit,pullback,bull_continuation,4,near_miss,NO,SETUP_REJECT,near_miss setup; below option evaluation threshold,close_above_ema21;ema8_above_ema21;ema21_above_ema50;ema50_above_ema200;ema8_slope_positive;ema21_slope_positive;low_near_ema8;low_near_ema21;recent_2_5_day_pullback;reclaimed_ema8;close_upper_half_range,46.34000015258789,,-1,,,,,,,,,,,,,,,,,0,0,0,0,0.05955537100622926,0.07557107966847199,0.697859143314546,0.8705136875919641,-0.07338289618446514,0.10686479575020125,1.145946556990995,0.09276158197440182,True,False,"SPY: close=770.19, ema50=757.75, above=true; QQQ: close=718.96, ema50=710.45, above=true",,,near_miss setup; below option evaluation threshold,,,SETUP_REJECT,False,near_miss setup; below option evaluation threshold,,,0.045,,,,,,,,False,,,,,,,,False,,,,,,,,,,,,,,,,,,,,,,,,,,0.5,0.5,2.0,21,49.841963995956114,pullback,bull_continuation,4.0,near_miss,relative_strength_positive;volume_above_20d_average;atr_pullback_controlled,close_above_ema21;ema8_above_ema21;ema21_above_ema50;ema50_above_ema200;ema8_slope_positive;ema21_slope_positive;low_near_ema8;low_near_ema21;recent_2_5_day_pullback;reclaimed_ema8;close_upper_half_range,49.560001373291016,50.209999084472656,46.099998474121094,46.34000015258789,51.599998474121094,49.09979605410398,49.841963995956114,210.79703662269387,2404.674182010631,-0.7885131147188815,-0.35019638433682587,-6.712532100820624,4.298571722848075,0.05839456029819605,-0.05955537100622926,-0.331101123676694,QQQ,"SPY,QQQ",50.0,770.1900024414062,757.749642905043,True,718.9600219726562,710.4548482967451,True
SOXS,credit,pullup,bear_ema8_rejection,20,strong_setup,NO,LIQUIDITY_REJECT,short leg bid/ask too wide (27.1%>15.0%),recent_2_5_day_bounce,46.34000015258789,2026-11-20,74,,75.0,,,,,,,,,,,,,0.2706065318818041,,68,121,0,0,0.05955537100622926,0.07557107966847199,0.25827253840331266,0.08561799412589445,-0.07338289618446514,0.10686479575020125,1.145946556990995,0.09276158197440182,True,False,"SPY: close=770.19, ema50=757.75, above=true; QQQ: close=718.96, ema50=710.45, above=true",,,short leg bid/ask too wide (27.1%>15.0%),,,,False,short leg bid/ask too wide (27.1%>15.0%),2026-11-20,0.20273972602739726,0.045,,SOXS261120C00075000,,,,,,False,,,2.78,3.65,3.55,3.215,"mid=avg(bid,ask)",True,1.1970254992675784,,1.8195394315147733,,,,,,,,,,,,,,,,,,,,,,,0.5,0.5,2.0,21,49.841963995956114,pullup,bear_ema8_rejection,20.0,strong_setup,close_below_ema21;ema8_below_ema21;ema21_below_ema50;ema50_below_ema200;ema8_slope_negative;ema21_slope_negative;high_near_ema8;high_near_ema21;failed_ema8_reclaim;close_lower_half_range;relative_weakness_negative;volume_above_20d_average;atr_bounce_controlled,recent_2_5_day_bounce,49.560001373291016,50.209999084472656,46.099998474121094,46.34000015258789,51.599998474121094,49.09979605410398,49.841963995956114,210.79703662269387,2404.674182010631,-0.7885131147188815,-0.35019638433682587,-6.712532100820624,4.298571722848075,0.05839456029819605,0.05955537100622926,-0.331101123676694,QQQ,"SPY,QQQ",50.0,770.1900024414062,757.749642905043,True,718.9600219726562,710.4548482967451,True
SPOT,debit,pullback,bull_ema8_pullback,13,strong_setup,NO,LIQUIDITY_REJECT,"short leg illiquid (vol=1, oi=149)",ema8_slope_positive;low_near_ema21;recent_2_5_day_pullback;reclaimed_ema8;close_upper_half_range;volume_above_20d_average,542.4299926757812,2026-12-18,102,,630.0,,,,,,,,,,,,,0.27469879518072304,,1,149,0,0,0.006869432870418012,0.021098179801074857,0.2647223112337925,0.4864610080054681,-0.01280984006306185,0.11684714341745261,0.8368119066449656,0.03723140804007239,True,False,"SPY: close=770.19, ema50=757.75, above=true; QQQ: close=718.96, ema50=710.45, above=true",,,"short leg illiquid (vol=1, oi=149)",,,,False,"short leg illiquid (vol=1, oi=149)",2026-12-18,0.27945205479452057,0.045,,SPOT261218C00630000,,,,,,False,,,17.9,23.6,20.78,20.75,"mid=avg(bid,ask)",True,0.4607903042602539,,0.37717571504997854,,,,,,,,,,,,,,,,,,,,,,,0.5,0.5,2.0,21,530.9857071608119,pullback,bull_ema8_pullback,13.0,strong_setup,close_above_ema21;ema8_above_ema21;ema21_above_ema50;ema50_above_ema200;ema21_slope_positive;low_near_ema8;relative_strength_positive;atr_pullback_controlled,ema8_slope_positive;low_near_ema21;recent_2_5_day_pullback;reclaimed_ema8;close_upper_half_range;volume_above_20d_average,556.489990234375,563.64501953125,540.8099975585938,542.4299926757812,560.1099853515625,546.1561790973689,530.9857071608119,511.59171800901134,510.86312987587587,-1.064624691882159,1.1444285514968442,1.2587050884396263,20.19543239048549,0.07094344464075225,-0.006869432870418012,0.04174688160579931,QQQ,"SPY,QQQ",50.0,770.1900024414062,757.749642905043,True,718.9600219726562,710.4548482967451,True
SPOT,credit,pullup,bear_continuation,5,near_miss,NO,SETUP_REJECT,near_miss setup; below option evaluation threshold,close_below_ema21;ema8_below_ema21;ema21_below_ema50;ema50_below_ema200;ema21_slope_negative;high_near_ema8;high_near_ema21;recent_2_5_day_bounce;failed_ema8_reclaim;volume_above_20d_average,542.4299926757812,,-1,,,,,,,,,,,,,,,,,0,0,0,0,0.006869432870418012,0.021098179801074857,0.8659799946705035,1.617163313909764,-0.01280984006306185,0.11684714341745261,0.8368119066449656,0.03723140804007239,True,False,"SPY: close=770.19, ema50=757.75, above=true; QQQ: close=718.96, ema50=710.45, above=true",,,near_miss setup; below option evaluation threshold,,,SETUP_REJECT,False,near_miss setup; below option evaluation threshold,,,0.045,,,,,,,,False,,,,,,,,False,,,,,,,,,,,,,,,,,,,,,,,,,,0.5,0.5,2.0,21,530.9857071608119,pullup,bear_continuation,5.0,near_miss,ema8_slope_negative;close_lower_half_range;relative_weakness_negative;atr_bounce_controlled,close_below_ema21;ema8_below_ema21;ema21_below_ema50;ema50_below_ema200;ema21_slope_negative;high_near_ema8;high_near_ema21;recent_2_5_day_bounce;failed_ema8_reclaim;volume_above_20d_average,556.489990234375,563.64501953125,540.8099975585938,542.4299926757812,560.1099853515625,546.1561790973689,530.9857071608119,511.59171800901134,510.86312987587587,-1.064624691882159,1.1444285514968442,1.2587050884396263,20.19543239048549,0.07094344464075225,0.006869432870418012,0.04174688160579931,QQQ,"SPY,QQQ",50.0,770.1900024414062,757.749642905043,True,718.9600219726562,710.4548482967451,True
SPXS,debit,pullback,bull_continuation,5,near_miss,NO,SETUP_REJECT,near_miss setup; below option evaluation threshold,close_above_ema21;ema8_above_ema21;ema21_above_ema50;ema50_above_ema200;ema8_slope_positive;ema21_slope_positive;low_near_ema8;low_near_ema21;reclaimed_ema8;volume_above_20d_average,24.440000534057617,,-1,,,,,,,,,,,,,,,,,0,0,0,0,0.0060225352685517805,0.013427224672314504,0.7494161450869777,1.0908699527906327,-0.004349041925203467,0.025662548845323152,0.9778520219431149,0.021685771945437478,True,False,"SPY: close=770.19, ema50=757.75, above=true; QQQ: close=718.96, ema50=710.45, above=true",,,near_miss setup; below option evaluation threshold,,,SETUP_REJECT,False,near_miss setup; below option evaluation threshold,,,0.045,,,,,,,,False,,,,,,,,False,,,,,,,,,,,,,,,,,,,,,,,,,,0.5,0.5,2.0,21,24.768161912219895,pullback,bull_continuation,5.0,near_miss,recent_2_5_day_pullback;close_upper_half_range;relative_strength_positive;atr_pullback_controlled,close_above_ema21;ema8_above_ema21;ema21_above_ema50;ema50_above_ema200;ema8_slope_positive;ema21_slope_positive;low_near_ema8;low_near_ema21;reclaimed_ema8;volume_above_20d_average,24.260000228881836,24.549999237060547,24.190000534057617,24.440000534057617,24.1299991607666,24.587191299237404,24.768161912219895,25.64933761882466,30.198918902269845,-0.0420545043370808,-0.03281613781622639,-0.04936069733743054,0.5300002779279437,0.6944469463768193,-0.0060225352685517805,-0.20258326634028923,QQQ,"SPY,QQQ",50.0,770.1900024414062,757.749642905043,True,718.9600219726562,710.4548482967451,True
SPXS,credit,pullup,bear_ema8_rejection,17,strong_setup,NO,LIQUIDITY_REJECT,"short leg illiquid (vol=1, oi=74)",failed_ema8_reclaim;close_lower_half_range;volume_above_20d_average,24.440000534057617,2027-01-15,130,,32.0,,,,,,,,,,,,,0.6188340807174888,,1,74,0,0,0.0060225352685517805,0.013427224672314504,0.07017366542195119,0.4116274731256061,-0.004349041925203467,0.025662548845323152,0.9778520219431149,0.021685771945437478,True,False,"SPY: close=770.19, ema50=757.75, above=true; QQQ: close=718.96, ema50=710.45, above=true",,,"short leg illiquid (vol=1, oi=74)",,,,False,"short leg illiquid (vol=1, oi=74)",2027-01-15,0.3561643835616438,0.045,,SPXS270115C00032000,,,,,,False,,,0.77,1.46,0.76,1.115,"mid=avg(bid,ask)",True,0.56055126953125,,0.38190067666259353,,,,,,,,,,,,,,,,,,,,,,,0.5,0.5,2.0,21,24.768161912219895,pullup,bear_ema8_rejection,17.0,strong_setup,close_below_ema21;ema8_below_ema21;ema21_below_ema50;ema50_below_ema200;ema8_slope_negative;ema21_slope_negative;high_near_ema8;high_near_ema21;recent_2_5_day_bounce;relative_weakness_negative;atr_bounce_controlled,failed_ema8_reclaim;close_lower_half_range;volume_above_20d_average,24.260000228881836,24.549999237060547,24.190000534057617,24.440000534057617,24.1299991607666,24.587191299237404,24.768161912219895,25.64933761882466,30.198918902269845,-0.0420545043370808,-0.03281613781622639,-0.04936069733743054,0.5300002779279437,0.6944469463768193,0.0060225352685517805,-0.20258326634028923,QQQ,"SPY,QQQ",50.0,770.1900024414062,757.749642905043,True,718.9600219726562,710.4548482967451,True
SPXU,debit,pullback,bull_continuation,5,near_miss,NO,SETUP_REJECT,near_miss setup; below option evaluation threshold,close_above_ema21;ema8_above_ema21;ema21_above_ema50;ema50_above_ema200;ema8_slope_positive;ema21_slope_positive;low_near_ema8;low_near_ema21;reclaimed_ema8;volume_above_20d_average,34.25,,-1,,,,,,,,,,,,,,,,,0,0,0,0,0.006101422088145053,0.013525660390205734,0.7432909326130609,1.0875771595578123,-0.004697987189904218,0.025581395572722543,0.5346166320530019,0.02156414553072455,True,False,"SPY: close=770.19, ema50=757.75, above=true; QQQ: close=718.96, ema50=710.45, above=true",,,near_miss setup; below option evaluation threshold,,,SETUP_REJECT,False,near_miss setup; below option evaluation threshold,,,0.045,,,,,,,,False,,,,,,,,False,,,,,,,,,,,,,,,,,,,,,,,,,,0.5,0.5,2.0,21,34.713253868364546,pullback,bull_continuation,5.0,near_miss,recent_2_5_day_pullback;close_upper_half_range;relative_strength_positive;atr_pullback_controlled,close_above_ema21;ema8_above_ema21;ema21_above_ema50;ema50_above_ema200;ema8_slope_positive;ema21_slope_positive;low_near_ema8;low_near_ema21;reclaimed_ema8;volume_above_20d_average,34.0099983215332,34.40999984741211,33.90999984741211,34.25,33.81999969482422,34.45897370651897,34.713253868364546,35.947196027157204,42.312522189198745,-0.05970677329113272,-0.04632538683645748,-0.06927330723090819,0.7385719844273159,0.6800003051757812,-0.006101422088145053,-0.20370292094215836,QQQ,"SPY,QQQ",50.0,770.1900024414062,757.749642905043,True,718.9600219726562,710.4548482967451,True
SPXU,credit,pullup,bear_ema8_rejection,17,strong_setup,NO,LIQUIDITY_REJECT,"short leg illiquid (vol=22, oi=192)",failed_ema8_reclaim;close_lower_half_range;volume_above_20d_average,34.25,2026-12-18,102,,42.0,,,,,,,,,,,,,0.8363636363636363,,22,192,0,0,0.006101422088145053,0.013525660390205734,0.0663088502400111,0.41059507718476257,-0.004697987189904218,0.025581395572722543,0.5346166320530019,0.02156414553072455,True,False,"SPY: close=770.19, ema50=757.75, above=true; QQQ: close=718.96, ema50=710.45, above=true",,,"short leg illiquid (vol=22, oi=192)",,,,False,"short leg illiquid (vol=22, oi=192)",2026-12-18,0.27945205479452057,0.045,,SPXU261218C00042000,,,,,,False,,,0.8,1.95,1.75,1.375,"mid=avg(bid,ask)",True,0.5168505346679688,,0.3813331504812715,,,,,,,,,,,,,,,,,,,,,,,0.5,0.5,2.0,21,34.713253868364546,pullup,bear_ema8_rejection,17.0,strong_setup,close_below_ema21;ema8_below_ema21;ema21_below_ema50;ema50_below_ema200;ema8_slope_negative;ema21_slope_negative;high_near_ema8;high_near_ema21;recent_2_5_day_bounce;relative_weakness_negative;atr_bounce_controlled,failed_ema8_reclaim;close_lower_half_range;volume_above_20d_average,34.0099983215332,34.40999984741211,33.90999984741211,34.25,33.81999969482422,34.45897370651897,34.713253868364546,35.947196027157204,42.312522189198745,-0.05970677329113272,-0.04632538683645748,-0.06927330723090819,0.7385719844273159,0.6800003051757812,0.006101422088145053,-0.20370292094215836,QQQ,"SPY,QQQ",50.0,770.1900024414062,757.749642905043,True,718.9600219726562,710.4548482967451,True
SPY,debit,pullback,bull_ema8_pullback,17,strong_setup,NO,LIQUIDITY_REJECT,"short leg illiquid (vol=6, oi=18)",reclaimed_ema8;close_upper_half_range;volume_above_20d_average,770.1900024414062,2026-11-30,84,,802.0,,,,,,,,,,,,,0.0038486209108402002,,6,18,0,0,0.0025082244043443938,0.005433208702453329,0.13480399563593984,0.544190292197813,-0.002439573962368158,0.0016588851051827502,0.9365260466110001,0.007144802653810528,True,False,"SPY: close=770.19, ema50=757.75, above=true; QQQ: close=718.96, ema50=710.45, above=true",,,"short leg illiquid (vol=6, oi=18)",,,,False,"short leg illiquid (vol=6, oi=18)",2026-11-30,0.23013698630136986,0.045,,SPY261130C00802000,,,,,,False,,,7.78,7.81,9.37,7.795,"mid=avg(bid,ask)",True,0.13068496276855468,,0.12739887103415984,,,,,,,,,,,,,,,,,,,,,,,0.5,0.5,2.0,21,766.005399417599,pullback,bull_ema8_pullback,17.0,strong_setup,close_above_ema21;ema8_above_ema21;ema21_above_ema50;ema50_above_ema200;ema8_slope_positive;ema21_slope_positive;low_near_ema8;low_near_ema21;recent_2_5_day_pullback;relative_strength_positive;atr_pullback_controlled,reclaimed_ema8;close_upper_half_range;volume_above_20d_average,772.010009765625,772.8699951171875,769.0,770.1900024414062,773.1699829101562,768.2581930813006,766.005399417599,757.72207437745,722.9672969403074,0.5519455314587276,0.4184603023807085,0.5088950230186811,5.502855573381696,0.30749455887455446,0.0025082244043443938,0.025272946029448518,QQQ,"SPY,QQQ",50.0,770.1900024414062,757.749642905043,True,718.9600219726562,710.4548482967451,True
SPY,credit,pullup,bear_continuation,9,valid_setup,NO,LIQUIDITY_REJECT,"short leg illiquid (vol=3, oi=49)",close_below_ema21;ema8_below_ema21;ema21_below_ema50;ema50_below_ema200;ema8_slope_negative;ema21_slope_negative;failed_ema8_reclaim;volume_above_20d_average,770.1900024414062,2026-11-30,84,,809.0,,,,,,,,,,,,,0.005150214592274722,,3,49,0,0,0.0025082244043443938,0.005433208702453329,0.8380743369306239,1.2474606334924971,-0.002439573962368158,0.0016588851051827502,0.9365260466110001,0.007144802653810528,True,False,"SPY: close=770.19, ema50=757.75, above=true; QQQ: close=718.96, ema50=710.45, above=true",,,"short leg illiquid (vol=3, oi=49)",,,,False,"short leg illiquid (vol=3, oi=49)",2026-11-30,0.23013698630136986,0.045,,SPY261130C00809000,,,,,,False,,,5.81,5.84,4.67,5.824999999999999,"mid=avg(bid,ask)",True,0.12740435592651367,,0.12739887103415984,,,,,,,,,,,,,,,,,,,,,,,0.5,0.5,2.0,21,766.005399417599,pullup,bear_continuation,9.0,valid_setup,high_near_ema8;high_near_ema21;recent_2_5_day_bounce;close_lower_half_range;relative_weakness_negative;atr_bounce_controlled,close_below_ema21;ema8_below_ema21;ema21_below_ema50;ema50_below_ema200;ema8_slope_negative;ema21_slope_negative;failed_ema8_reclaim;volume_above_20d_average,772.010009765625,772.8699951171875,769.0,770.1900024414062,773.1699829101562,768.2581930813006,766.005399417599,757.72207437745,722.9672969403074,0.5519455314587276,0.4184603023807085,0.5088950230186811,5.502855573381696,0.30749455887455446,-0.0025082244043443938,0.025272946029448518,QQQ,"SPY,QQQ",50.0,770.1900024414062,757.749642905043,True,718.9600219726562,710.4548482967451,True
SQQQ,debit,pullback,bull_continuation,4,near_miss,NO,SETUP_REJECT,near_miss setup; below option evaluation threshold,close_above_ema21;ema8_above_ema21;ema21_above_ema50;ema50_above_ema200;ema8_slope_positive;ema21_slope_positive;low_near_ema8;low_near_ema21;recent_2_5_day_pullback;reclaimed_ema8;volume_above_20d_average,38.18000030517578,,-1,,,,,,,,,,,,,,,,,0,0,0,0,0.015619147005134578,0.021603009817619756,0.7878917066984038,0.9582962350951548,-0.012872399758158015,0.026484680081244938,0.89511992266837,0.035115632599581,True,False,"SPY: close=770.19, ema50=757.75, above=true; QQQ: close=718.96, ema50=710.45, above=true",,,near_miss setup; below option evaluation threshold,,,SETUP_REJECT,False,near_miss setup; below option evaluation threshold,,,0.045,,,,,,,,False,,,,,,,,False,,,,,,,,,,,,,,,,,,,,,,,,,,0.5,0.5,2.0,21,39.00480322660522,pullback,bull_continuation,4.0,near_miss,close_upper_half_range;relative_strength_positive;atr_pullback_controlled,close_above_ema21;ema8_above_ema21;ema21_above_ema50;ema50_above_ema200;ema8_slope_positive;ema21_slope_positive;low_near_ema8;low_near_ema21;recent_2_5_day_pullback;reclaimed_ema8;volume_above_20d_average,38.119998931884766,38.58000183105469,37.720001220703125,38.18000030517578,38.34000015258789,38.776339342598405,39.00480322660522,40.34107414834166,52.37015188192225,-0.17038258212075164,-0.08248029214294661,-0.08820709563941875,1.3407148633684431,0.5348822767516546,-0.015619147005134578,-0.19267149099327174,QQQ,"SPY,QQQ",50.0,770.1900024414062,757.749642905043,True,718.9600219726562,710.4548482967451,True
SQQQ,credit,pullup,bear_ema8_rejection,16,strong_setup,NO,LIQUIDITY_REJECT,short leg bid/ask too wide (53.5%>15.0%),recent_2_5_day_bounce;failed_ema8_reclaim;close_lower_half_range;volume_above_20d_average,38.18000030517578,2026-12-18,102,,53.0,,,,,,,,,,,,,0.5346534653465347,,83,207,0,0,0.015619147005134578,0.021603009817619756,0.14644240688913857,0.3168469352858896,-0.012872399758158015,0.026484680081244938,0.89511992266837,0.035115632599581,True,False,"SPY: close=770.19, ema50=757.75, above=true; QQQ: close=718.96, ema50=710.45, above=true",,,short leg bid/ask too wide (53.5%>15.0%),,,,False,short leg bid/ask too wide (53.5%>15.0%),2026-12-18,0.27945205479452057,0.045,,SQQQ261218C00053000,,,,,,False,,,1.48,2.56,2.04,2.02,"mid=avg(bid,ask)",True,0.7465845654296875,,0.7202807599149355,,,,,,,,,,,,,,,,,,,,,,,0.5,0.5,2.0,21,39.00480322660522,pullup,bear_ema8_rejection,16.0,strong_setup,close_below_ema21;ema8_below_ema21;ema21_below_ema50;ema50_below_ema200;ema8_slope_negative;ema21_slope_negative;high_near_ema8;high_near_ema21;relative_weakness_negative;atr_bounce_controlled,recent_2_5_day_bounce;failed_ema8_reclaim;close_lower_half_range;volume_above_20d_average,38.119998931884766,38.58000183105469,37.720001220703125,38.18000030517578,38.34000015258789,38.776339342598405,39.00480322660522,40.34107414834166,52.37015188192225,-0.17038258212075164,-0.08248029214294661,-0.08820709563941875,1.3407148633684431,0.5348822767516546,0.015619147005134578,-0.19267149099327174,QQQ,"SPY,QQQ",50.0,770.1900024414062,757.749642905043,True,718.9600219726562,710.4548482967451,True
STLA,debit,pullback,bull_ema8_reclaim,8,valid_setup,NO,LIQUIDITY_REJECT,"short leg illiquid (vol=10, oi=7732)",ema8_above_ema21;ema21_above_ema50;ema50_above_ema200;low_near_ema8;low_near_ema21;recent_2_5_day_pullback;reclaimed_ema8;volume_above_20d_average,5.559999942779541,2026-12-18,102,,6.0,,,,,,,,,,,,,0.11764705882352937,,10,7732,0,0,0.027220499294343153,0.024887034716894324,0.49095100918958856,0.4281008433976869,0.022298793635386227,0.012875468523938172,0.8206011264014649,0.03712742119368441,True,False,"SPY: close=770.19, ema50=757.75, above=true; QQQ: close=718.96, ema50=710.45, above=true",,,"short leg illiquid (vol=10, oi=7732)",,,,False,"short leg illiquid (vol=10, oi=7732)",2026-12-18,0.27945205479452057,0.045,,STLA261218C00006000,,,,,,False,,,0.4,0.45,0.41,0.42500000000000004,"mid=avg(bid,ask)",True,0.507817421875,,0.44154393835237693,,,,,,,,,,,,,,,,,,,,,,,0.5,0.5,2.0,21,5.421628031177656,pullback,bull_ema8_reclaim,8.0,valid_setup,close_above_ema21;ema8_slope_positive;ema21_slope_positive;close_upper_half_range;relative_strength_positive;atr_pullback_controlled,ema8_above_ema21;ema21_above_ema50;ema50_above_ema200;low_near_ema8;low_near_ema21;recent_2_5_day_pullback;reclaimed_ema8;volume_above_20d_average,5.550000190734863,5.570000171661377,5.510000228881836,5.559999942779541,5.489999771118164,5.4086539682605626,5.421628031177656,5.703917748458986,6.597312620512174,0.04324170700542318,0.013837191160188667,-0.0058741961501809214,0.20642845971243723,0.8333293596865587,0.027220499294343153,-0.19015750617290084,QQQ,"SPY,QQQ",50.0,770.1900024414062,757.749642905043,True,718.9600219726562,710.4548482967451,True
STLA,credit,pullup,bear_ema21_rejection,6,watchlist,NO,SETUP_REJECT,watchlist setup; below option evaluation threshold,close_below_ema21;ema8_slope_negative;ema21_slope_negative;high_near_ema8;high_near_ema21;recent_2_5_day_bounce;failed_ema8_reclaim;close_lower_half_range;relative_weakness_negative;volume_above_20d_average,5.559999942779541,,-1,,,,,,,,,,,,,,,,,0,0,0,0,0.027220499294343153,0.024887034716894324,0.7816083287429255,0.7187581629510239,0.022298793635386227,0.012875468523938172,0.8206011264014649,0.03712742119368441,True,False,"SPY: close=770.19, ema50=757.75, above=true; QQQ: close=718.96, ema50=710.45, above=true",,,watchlist setup; below option evaluation threshold,,,SETUP_REJECT,False,watchlist setup; below option evaluation threshold,,,0.045,,,,,,,,False,,,,,,,,False,,,,,,,,,,,,,,,,,,,,,,,,,,0.5,0.5,2.0,21,5.421628031177656,pullup,bear_ema21_rejection,6.0,watchlist,ema8_below_ema21;ema21_below_ema50;ema50_below_ema200;atr_bounce_controlled,close_below_ema21;ema8_slope_negative;ema21_slope_negative;high_near_ema8;high_near_ema21;recent_2_5_day_bounce;failed_ema8_reclaim;close_lower_half_range;relative_weakness_negative;volume_above_20d_average,5.550000190734863,5.570000171661377,5.510000228881836,5.559999942779541,5.489999771118164,5.4086539682605626,5.421628031177656,5.703917748458986,6.597312620512174,0.04324170700542318,0.013837191160188667,-0.0058741961501809214,0.20642845971243723,0.8333293596865587,-0.027220499294343153,-0.19015750617290084,QQQ,"SPY,QQQ",50.0,770.1900024414062,757.749642905043,True,718.9600219726562,710.4548482967451,True
STX,debit,pullback,bull_ema8_reclaim,11,strong_setup,NO,LIQUIDITY_REJECT,"short leg illiquid (vol=2, oi=39)",ema8_above_ema21;ema21_above_ema50;low_near_ema8;low_near_ema21;recent_2_5_day_pullback;volume_above_20d_average,849.280029296875,2026-12-18,102,,1110.0,,,,,,,,,,,,,0.28417266187050355,,2,39,0,0,0.024574411455780692,0.009545055947234865,0.4733652972881955,0.731580495907355,0.019993458254169427,0.05056243573619412,0.705786561046632,0.05820476714351955,True,False,"SPY: close=770.19, ema50=757.75, above=true; QQQ: close=718.96, ema50=710.45, above=true",,,"short leg illiquid (vol=2, oi=39)",,,,False,"short leg illiquid (vol=2, oi=39)",2026-12-18,0.27945205479452057,0.045,,STX261218C01110000,,,,,,False,,,47.7,63.5,52.02,55.6,"mid=avg(bid,ask)",True,0.7393519717407225,,0.8469860180397315,,,,,,,,,,,,,,,,,,,,,,,0.5,0.5,2.0,21,841.1736039023671,pullback,bull_ema8_reclaim,11.0,strong_setup,close_above_ema21;ema50_above_ema200;ema8_slope_positive;ema21_slope_positive;reclaimed_ema8;close_upper_half_range;relative_strength_positive;atr_pullback_controlled,ema8_above_ema21;ema21_above_ema50;low_near_ema8;low_near_ema21;recent_2_5_day_pullback;volume_above_20d_average,818.75,852.97998046875,805.010009765625,849.280029296875,798.6099853515625,828.4094724157561,841.1736039023671,843.1484585726307,671.9535555141448,5.963016251748286,0.8106425394507824,0.2502681928262973,49.43214634486607,0.9228694302364048,0.024574411455780692,0.004368713136241098,QQQ,"SPY,QQQ",50.0,770.1900024414062,757.749642905043,True,718.9600219726562,710.4548482967451,True
STX,credit,pullup,bear_ema21_rejection,7,watchlist,NO,SETUP_REJECT,watchlist setup; below option evaluation threshold,close_below_ema21;ema50_below_ema200;ema8_slope_negative;ema21_slope_negative;high_near_ema8;recent_2_5_day_bounce;failed_ema8_reclaim;close_lower_half_range;relative_weakness_negative;volume_above_20d_average,849.280029296875,,-1,,,,,,,,,,,,,,,,,0,0,0,0,0.024574411455780692,0.009545055947234865,0.497055253914657,0.2388400552954975,0.019993458254169427,0.05056243573619412,0.705786561046632,0.05820476714351955,True,False,"SPY: close=770.19, ema50=757.75, above=true; QQQ: close=718.96, ema50=710.45, above=true",,,watchlist setup; below option evaluation threshold,,,SETUP_REJECT,False,watchlist setup; below option evaluation threshold,,,0.045,,,,,,,,False,,,,,,,,False,,,,,,,,,,,,,,,,,,,,,,,,,,0.5,0.5,2.0,21,841.1736039023671,pullup,bear_ema21_rejection,7.0,watchlist,ema8_below_ema21;ema21_below_ema50;high_near_ema21;atr_bounce_controlled,close_below_ema21;ema50_below_ema200;ema8_slope_negative;ema21_slope_negative;high_near_ema8;recent_2_5_day_bounce;failed_ema8_reclaim;close_lower_half_range;relative_weakness_negative;volume_above_20d_average,818.75,852.97998046875,805.010009765625,849.280029296875,798.6099853515625,828.4094724157561,841.1736039023671,843.1484585726307,671.9535555141448,5.963016251748286,0.8106425394507824,0.2502681928262973,49.43214634486607,0.9228694302364048,-0.024574411455780692,0.004368713136241098,QQQ,"SPY,QQQ",50.0,770.1900024414062,757.749642905043,True,718.9600219726562,710.4548482967451,True
SYM,debit,pullback,bull_ema21_pullback,10,valid_setup,NO,LIQUIDITY_REJECT,"short leg illiquid (vol=5, oi=216)",ema8_above_ema21;ema21_above_ema50;ema50_above_ema200;low_near_ema8;recent_2_5_day_pullback;reclaimed_ema8;volume_above_20d_average,42.939998626708984,2026-11-20,74,,52.5,,,,,,,,,,,,,0.5853658536585367,,5,216,0,0,0.04692139991362188,0.04208032375618613,0.3952333500641444,0.2734804179765214,0.07333372965190854,0.07431994729312097,0.9285763110183808,0.039761474934761606,True,False,"SPY: close=770.19, ema50=757.75, above=true; QQQ: close=718.96, ema50=710.45, above=true",,,"short leg illiquid (vol=5, oi=216)",,,,False,"short leg illiquid (vol=5, oi=216)",2026-11-20,0.20273972602739726,0.045,,SYM261120C00052500,,,,,,False,,,1.45,2.65,1.25,2.05,"mid=avg(bid,ask)",True,0.65039412109375,,0.6033662445220854,,,,,,,,,,,,,,,,,,,,,,,0.5,0.5,2.0,21,41.13306958240688,pullback,bull_ema21_pullback,10.0,valid_setup,close_above_ema21;ema8_slope_positive;ema21_slope_positive;low_near_ema21;close_upper_half_range;relative_strength_positive;atr_pullback_controlled,ema8_above_ema21;ema21_above_ema50;ema50_above_ema200;low_near_ema8;recent_2_5_day_pullback;reclaimed_ema8;volume_above_20d_average,41.66999816894531,43.0,41.599998474121094,42.939998626708984,41.599998474121094,40.9251937788548,41.13306958240688,42.38249659139289,47.8414689460505,0.575658527958339,0.18069290443020947,0.022755185114945675,1.707357679094587,0.9571419229323,0.04692139991362188,0.004793634959469717,QQQ,"SPY,QQQ",50.0,770.1900024414062,757.749642905043,True,718.9600219726562,710.4548482967451,True
SYM,credit,pullup,bear_continuation,6,watchlist,NO,SETUP_REJECT,watchlist setup; below option evaluation threshold,close_below_ema21;ema8_slope_negative;ema21_slope_negative;high_near_ema8;high_near_ema21;recent_2_5_day_bounce;failed_ema8_reclaim;close_lower_half_range;relative_weakness_negative;volume_above_20d_average,42.939998626708984,,-1,,,,,,,,,,,,,,,,,0,0,0,0,0.04692139991362188,0.04208032375618613,1.2152147417906443,1.0934618097030213,0.07333372965190854,0.07431994729312097,0.9285763110183808,0.039761474934761606,True,False,"SPY: close=770.19, ema50=757.75, above=true; QQQ: close=718.96, ema50=710.45, above=true",,,watchlist setup; below option evaluation threshold,,,SETUP_REJECT,False,watchlist setup; below option evaluation threshold,,,0.045,,,,,,,,False,,,,,,,,False,,,,,,,,,,,,,,,,,,,,,,,,,,0.5,0.5,2.0,21,41.13306958240688,pullup,bear_continuation,6.0,watchlist,ema8_below_ema21;ema21_below_ema50;ema50_below_ema200;atr_bounce_controlled,close_below_ema21;ema8_slope_negative;ema21_slope_negative;high_near_ema8;high_near_ema21;recent_2_5_day_bounce;failed_ema8_reclaim;close_lower_half_range;relative_weakness_negative;volume_above_20d_average,41.66999816894531,43.0,41.599998474121094,42.939998626708984,41.599998474121094,40.9251937788548,41.13306958240688,42.38249659139289,47.8414689460505,0.575658527958339,0.18069290443020947,0.022755185114945675,1.707357679094587,0.9571419229323,-0.04692139991362188,0.004793634959469717,QQQ,"SPY,QQQ",50.0,770.1900024414062,757.749642905043,True,718.9600219726562,710.4548482967451,True
TCEHY,debit,pullback,bull_ema8_reclaim,8,valid_setup,NO,OPTION_CHAIN_REJECT,no options expirations found,close_above_ema21;ema8_above_ema21;ema21_above_ema50;ema50_above_ema200;ema21_slope_positive;low_near_ema21;relative_strength_positive;volume_above_20d_average,56.599998474121094,,-1,,,,,,,,,,,,,,,,,0,0,0,0,0.0002538561657055647,0.01153283067552935,0.44436871427974173,1.0548109502032423,-0.026995908818220227,-0.08028821167564693,0.8180127765181234,0.019308439271741345,True,False,"SPY: close=770.19, ema50=757.75, above=true; QQQ: close=718.96, ema50=710.45, above=true",,,no options expirations found,,,OPTION_CHAIN_REJECT,False,no options expirations found,,,0.045,,,,,,,,False,,,,,,,,False,,,,,,,,,,,,,,,,,,,,,,,,,,0.5,0.5,2.0,21,57.25275667275835,pullback,bull_ema8_reclaim,8.0,valid_setup,ema8_slope_positive;low_near_ema8;recent_2_5_day_pullback;reclaimed_ema8;close_upper_half_range;atr_pullback_controlled,close_above_ema21;ema8_above_ema21;ema21_above_ema50;ema50_above_ema200;ema21_slope_positive;low_near_ema21;relative_strength_positive;volume_above_20d_average,56.349998474121094,56.720001220703125,56.099998474121094,56.599998474121094,55.849998474121094,56.58563021552951,57.25275667275835,57.910640731187826,60.52585153746965,0.004105216740448725,-0.06527581986372866,-0.053495602329249436,1.0928576333182198,0.8064480403617794,0.0002538561657055647,-0.0800242439255201,QQQ,"SPY,QQQ",50.0,770.1900024414062,757.749642905043,True,718.9600219726562,710.4548482967451,True
TCEHY,credit,pullup,bear_ema8_rejection,16,strong_setup,NO,OPTION_CHAIN_REJECT,no options expirations found,ema8_slope_negative;failed_ema8_reclaim;close_lower_half_range;volume_above_20d_average,56.599998474121094,,-1,,,,,,,,,,,,,,,,,0,0,0,0,0.0002538561657055647,0.01153283067552935,0.12295380576299283,0.48748843016050786,-0.026995908818220227,-0.08028821167564693,0.8180127765181234,0.019308439271741345,True,False,"SPY: close=770.19, ema50=757.75, above=true; QQQ: close=718.96, ema50=710.45, above=true",,,no options expirations found,,,OPTION_CHAIN_REJECT,False,no options expirations found,,,0.045,,,,,,,,False,,,,,,,,False,,,,,,,,,,,,,,,,,,,,,,,,,,0.5,0.5,2.0,21,57.25275667275835,pullup,bear_ema8_rejection,16.0,strong_setup,close_below_ema21;ema8_below_ema21;ema21_below_ema50;ema50_below_ema200;ema21_slope_negative;high_near_ema8;high_near_ema21;recent_2_5_day_bounce;relative_weakness_negative;atr_bounce_controlled,ema8_slope_negative;failed_ema8_reclaim;close_lower_half_range;volume_above_20d_average,56.349998474121094,56.720001220703125,56.099998474121094,56.599998474121094,55.849998474121094,56.58563021552951,57.25275667275835,57.910640731187826,60.52585153746965,0.004105216740448725,-0.06527581986372866,-0.053495602329249436,1.0928576333182198,0.8064480403617794,-0.0002538561657055647,-0.0800242439255201,QQQ,"SPY,QQQ",50.0,770.1900024414062,757.749642905043,True,718.9600219726562,710.4548482967451,True
TEAM,debit,pullback,bull_ema8_pullback,15,strong_setup,NO,LIQUIDITY_REJECT,"short leg illiquid (vol=3, oi=243)",low_near_ema21;reclaimed_ema8;close_upper_half_range;volume_above_20d_average,189.5800018310547,2026-12-18,102,,240.0,,,,,,,,,,,,,0.25641025641025644,,3,243,0,0,0.019010454783229755,0.11212654350667535,0.05889304807151623,1.902240386171666,-0.007916553681548866,0.27738057452519527,0.5563676095119462,0.050514673387282466,True,False,"SPY: close=770.19, ema50=757.75, above=true; QQQ: close=718.96, ema50=710.45, above=true",,,"short leg illiquid (vol=3, oi=243)",,,,False,"short leg illiquid (vol=3, oi=243)",2026-12-18,0.27945205479452057,0.045,,TEAM261218C00240000,,,,,,False,,,10.2,13.2,12.5,11.7,"mid=avg(bid,ask)",True,0.6769441485595704,,0.9010523542806829,,,,,,,,,,,,,,,,,,,,,,,0.5,0.5,2.0,21,168.32305150774934,pullback,bull_ema8_pullback,15.0,strong_setup,close_above_ema21;ema8_above_ema21;ema21_above_ema50;ema50_above_ema200;ema8_slope_positive;ema21_slope_positive;low_near_ema8;recent_2_5_day_pullback;relative_strength_positive;atr_pullback_controlled,low_near_ema21;reclaimed_ema8;close_upper_half_range;volume_above_20d_average,189.7100067138672,193.4250030517578,186.5399932861328,189.5800018310547,194.67999267578125,185.9759997784408,168.32305150774934,139.43009169580208,101.52294324251191,1.02971487217539,2.125695032330526,2.0469351075613247,9.576571873256139,0.4415401936101557,0.019010454783229755,1.034578805437851,QQQ,"SPY,QQQ",50.0,770.1900024414062,757.749642905043,True,718.9600219726562,710.4548482967451,True
TEAM,credit,pullup,bear_breakdown_retest,5,near_miss,NO,SETUP_REJECT,near_miss setup; below option evaluation threshold,close_below_ema21;ema8_below_ema21;ema21_below_ema50;ema50_below_ema200;ema8_slope_negative;ema21_slope_negative;high_near_ema8;high_near_ema21;failed_ema8_reclaim;volume_above_20d_average,189.5800018310547,,-1,,,,,,,,,,,,,,,,,0,0,0,0,0.019010454783229755,0.11212654350667535,0.7778360954110671,2.621183433511217,-0.007916553681548866,0.27738057452519527,0.5563676095119462,0.050514673387282466,True,False,"SPY: close=770.19, ema50=757.75, above=true; QQQ: close=718.96, ema50=710.45, above=true",,,near_miss setup; below option evaluation threshold,,,SETUP_REJECT,False,near_miss setup; below option evaluation threshold,,,0.045,,,,,,,,False,,,,,,,,False,,,,,,,,,,,,,,,,,,,,,,,,,,0.5,0.5,2.0,21,168.32305150774934,pullup,bear_breakdown_retest,5.0,near_miss,recent_2_5_day_bounce;close_lower_half_range;relative_weakness_negative;atr_bounce_controlled,close_below_ema21;ema8_below_ema21;ema21_below_ema50;ema50_below_ema200;ema8_slope_negative;ema21_slope_negative;high_near_ema8;high_near_ema21;failed_ema8_reclaim;volume_above_20d_average,189.7100067138672,193.4250030517578,186.5399932861328,189.5800018310547,194.67999267578125,185.9759997784408,168.32305150774934,139.43009169580208,101.52294324251191,1.02971487217539,2.125695032330526,2.0469351075613247,9.576571873256139,0.4415401936101557,-0.019010454783229755,1.034578805437851,QQQ,"SPY,QQQ",50.0,770.1900024414062,757.749642905043,True,718.9600219726562,710.4548482967451,True
TEM,debit,pullback,bull_ema8_pullback,15,strong_setup,NO,LIQUIDITY_REJECT,"short leg illiquid (vol=10, oi=161)",low_near_ema21;reclaimed_ema8;close_upper_half_range;volume_above_20d_average,64.62000274658203,2026-12-18,102,,85.0,,,,,,,,,,,,,0.3191489361702127,,10,161,0,0,0.008148521251240564,0.05551958714976268,0.17039882262760103,0.35999296078783183,0.005525428268261745,0.2471277286416066,0.5876915748888045,0.08931334794343603,True,False,"SPY: close=770.19, ema50=757.75, above=true; QQQ: close=718.96, ema50=710.45, above=true",,,"short leg illiquid (vol=10, oi=161)",,,,False,"short leg illiquid (vol=10, oi=161)",2026-12-18,0.27945205479452057,0.045,,TEM261218C00085000,,,,,,False,,,3.95,5.45,4.65,4.7,"mid=avg(bid,ask)",True,0.786012882080078,,0.8574864523098136,,,,,,,,,,,,,,,,,,,,,,,0.5,0.5,2.0,21,61.03232687247527,pullback,bull_ema8_pullback,15.0,strong_setup,close_above_ema21;ema8_above_ema21;ema21_above_ema50;ema50_above_ema200;ema8_slope_positive;ema21_slope_positive;low_near_ema8;recent_2_5_day_pullback;relative_strength_positive;atr_pullback_controlled,low_near_ema21;reclaimed_ema8;close_upper_half_range;volume_above_20d_average,64.76000213623047,66.30000305175781,63.11000061035156,64.62000274658203,64.66000366210938,64.09344528094628,61.03232687247527,56.76205200714158,53.10410092073101,0.15044499018164714,0.35876758741068215,0.3207326832424684,5.771428789411273,0.473354539366689,0.008148521251240564,0.2695538788127565,QQQ,"SPY,QQQ",50.0,770.1900024414062,757.749642905043,True,718.9600219726562,710.4548482967451,True
TEM,credit,pullup,bear_breakdown_retest,3,reject,NO,SETUP_REJECT,setup_score_below_near_miss_threshold,close_below_ema21;ema8_below_ema21;ema21_below_ema50;ema50_below_ema200;ema8_slope_negative;ema21_slope_negative;high_near_ema8;high_near_ema21;failed_ema8_reclaim;relative_weakness_negative;volume_above_20d_average,64.62000274658203,,-1,,,,,,,,,,,,,,,,,0,0,0,0,0.008148521251240564,0.05551958714976268,0.38232435178960483,0.9127161352050377,0.005525428268261745,0.2471277286416066,0.5876915748888045,0.08931334794343603,True,False,"SPY: close=770.19, ema50=757.75, above=true; QQQ: close=718.96, ema50=710.45, above=true",,,setup_score_below_near_miss_threshold,,,SETUP_REJECT,False,setup_score_below_near_miss_threshold,,,0.045,,,,,,,,False,,,,,,,,False,,,,,,,,,,,,,,,,,,,,,,,,,,0.5,0.5,2.0,21,61.03232687247527,pullup,bear_breakdown_retest,3.0,reject,recent_2_5_day_bounce;close_lower_half_range;atr_bounce_controlled,close_below_ema21;ema8_below_ema21;ema21_below_ema50;ema50_below_ema200;ema8_slope_negative;ema21_slope_negative;high_near_ema8;high_near_ema21;failed_ema8_reclaim;relative_weakness_negative;volume_above_20d_average,64.76000213623047,66.30000305175781,63.11000061035156,64.62000274658203,64.66000366210938,64.09344528094628,61.03232687247527,56.76205200714158,53.10410092073101,0.15044499018164714,0.35876758741068215,0.3207326832424684,5.771428789411273,0.473354539366689,-0.008148521251240564,0.2695538788127565,QQQ,"SPY,QQQ",50.0,770.1900024414062,757.749642905043,True,718.9600219726562,710.4548482967451,True
TENB,debit,pullback,bull_ema21_pullback,6,watchlist,NO,SETUP_REJECT,watchlist setup; below option evaluation threshold,close_above_ema21;ema8_above_ema21;ema8_slope_positive;ema21_slope_positive;low_near_ema8;low_near_ema21;reclaimed_ema8;relative_strength_positive;volume_above_20d_average,34.25,,-1,,,,,,,,,,,,,,,,,0,0,0,0,0.026325430218717173,0.03354487174180616,0.934753339108996,1.0525791036016994,-0.09431982127822414,-0.052919582149083766,0.415649983399297,0.06127218061492888,True,False,"SPY: close=770.19, ema50=757.75, above=true; QQQ: close=718.96, ema50=710.45, above=true",,,watchlist setup; below option evaluation threshold,,,SETUP_REJECT,False,watchlist setup; below option evaluation threshold,,,0.045,,,,,,,,False,,,,,,,,False,,,,,,,,,,,,,,,,,,,,,,,,,,0.5,0.5,2.0,21,35.39891185715686,pullback,bull_ema21_pullback,6.0,watchlist,ema21_above_ema50;ema50_above_ema200;recent_2_5_day_pullback;close_upper_half_range;atr_pullback_controlled,close_above_ema21;ema8_above_ema21;ema8_slope_positive;ema21_slope_positive;low_near_ema8;low_near_ema21;reclaimed_ema8;relative_strength_positive;volume_above_20d_average,33.91999816894531,34.66999816894531,33.189998626708984,34.25,34.4900016784668,35.15164598499106,35.39891185715686,34.26376075357467,27.589733863078674,-0.25761313856887114,-0.11489118571568468,-0.0005616634112115548,2.0985721860613142,0.7162173656414235,-0.026325430218717173,0.24155670719356936,QQQ,"SPY,QQQ",50.0,770.1900024414062,757.749642905043,True,718.9600219726562,710.4548482967451,True
TENB,credit,pullup,bear_ema8_rejection,14,strong_setup,NO,LIQUIDITY_REJECT,"short leg illiquid (vol=1, oi=166)",ema21_below_ema50;ema50_below_ema200;failed_ema8_reclaim;close_lower_half_range;volume_above_20d_average,34.25,2026-12-18,102,,45.0,,,,,,,,,,,,,0.3125,,1,166,0,0,0.026325430218717173,0.03354487174180616,0.22951215080655715,0.34733791529926045,-0.09431982127822414,-0.052919582149083766,0.415649983399297,0.06127218061492888,True,False,"SPY: close=770.19, ema50=757.75, above=true; QQQ: close=718.96, ema50=710.45, above=true",,,"short leg illiquid (vol=1, oi=166)",,,,False,"short leg illiquid (vol=1, oi=166)",2026-12-18,0.27945205479452057,0.045,,TENB261218C00045000,,,,,,False,,,1.35,1.85,1.43,1.6,"mid=avg(bid,ask)",True,0.6428258374023439,,0.6995816930918405,,,,,,,,,,,,,,,,,,,,,,,0.5,0.5,2.0,21,35.39891185715686,pullup,bear_ema8_rejection,14.0,strong_setup,close_below_ema21;ema8_below_ema21;ema8_slope_negative;ema21_slope_negative;high_near_ema8;high_near_ema21;recent_2_5_day_bounce;relative_weakness_negative;atr_bounce_controlled,ema21_below_ema50;ema50_below_ema200;failed_ema8_reclaim;close_lower_half_range;volume_above_20d_average,33.91999816894531,34.66999816894531,33.189998626708984,34.25,34.4900016784668,35.15164598499106,35.39891185715686,34.26376075357467,27.589733863078674,-0.25761313856887114,-0.11489118571568468,-0.0005616634112115548,2.0985721860613142,0.7162173656414235,0.026325430218717173,0.24155670719356936,QQQ,"SPY,QQQ",50.0,770.1900024414062,757.749642905043,True,718.9600219726562,710.4548482967451,True
TER,debit,pullback,bull_continuation,8,valid_setup,NO,LIQUIDITY_REJECT,"short leg illiquid (vol=2, oi=53)",close_above_ema21;ema8_above_ema21;ema21_above_ema50;ema21_slope_positive;low_near_ema8;low_near_ema21;recent_2_5_day_pullback;volume_above_20d_average,357.0299987792969,2026-11-20,74,,440.0,,,,,,,,,,,,,0.38497652582159625,,2,53,0,0,0.011267033244798691,0.02213966083909982,0.5178165575322589,1.09408904792826,0.002271860754059718,-0.05310913377843374,0.9643545568897494,0.057970308561739965,True,False,"SPY: close=770.19, ema50=757.75, above=true; QQQ: close=718.96, ema50=710.45, above=true",,,"short leg illiquid (vol=2, oi=53)",,,,False,"short leg illiquid (vol=2, oi=53)",2026-11-20,0.20273972602739726,0.045,,TER261120C00440000,,,,,,False,,,17.2,25.4,19.0,21.299999999999997,"mid=avg(bid,ask)",True,0.7376124871826171,,0.9088916318755833,,,,,,,,,,,,,,,,,,,,,,,0.5,0.5,2.0,21,364.93452186165473,pullback,bull_continuation,8.0,valid_setup,ema50_above_ema200;ema8_slope_positive;reclaimed_ema8;close_upper_half_range;relative_strength_positive;atr_pullback_controlled,close_above_ema21;ema8_above_ema21;ema21_above_ema50;ema21_slope_positive;low_near_ema8;low_near_ema21;recent_2_5_day_pullback;volume_above_20d_average,345.8900146484375,359.0,342.2900085449219,357.0299987792969,338.5899963378906,353.0073299136601,364.93452186165473,370.5111791815157,350.0967450650154,1.1493339616105231,-0.7904523082358423,-0.5502522613149949,20.697139195033483,0.8821063897010883,0.011267033244798691,-0.009269962717959102,QQQ,"SPY,QQQ",50.0,770.1900024414062,757.749642905043,True,718.9600219726562,710.4548482967451,True
TER,credit,pullup,bear_ema8_rejection,14,strong_setup,NO,LIQUIDITY_REJECT,"short leg illiquid (vol=4, oi=127)",ema50_below_ema200;ema8_slope_negative;recent_2_5_day_bounce;failed_ema8_reclaim;close_lower_half_range;volume_above_20d_average,357.0299987792969,2026-11-20,74,,470.0,,,,,,,,,,,,,0.45768025078369906,,4,127,0,0,0.011267033244798691,0.02213966083909982,0.2895409858275442,0.2867315045684568,0.002271860754059718,-0.05310913377843374,0.9643545568897494,0.057970308561739965,True,False,"SPY: close=770.19, ema50=757.75, above=true; QQQ: close=718.96, ema50=710.45, above=true",,,"short leg illiquid (vol=4, oi=127)",,,,False,"short leg illiquid (vol=4, oi=127)",2026-11-20,0.20273972602739726,0.045,,TER261120C00470000,,,,,,False,,,12.3,19.6,11.25,15.950000000000001,"mid=avg(bid,ask)",True,0.7424036990356445,,0.9088916318755833,,,,,,,,,,,,,,,,,,,,,,,0.5,0.5,2.0,21,364.93452186165473,pullup,bear_ema8_rejection,14.0,strong_setup,close_below_ema21;ema8_below_ema21;ema21_below_ema50;ema21_slope_negative;high_near_ema8;high_near_ema21;relative_weakness_negative;atr_bounce_controlled,ema50_below_ema200;ema8_slope_negative;recent_2_5_day_bounce;failed_ema8_reclaim;close_lower_half_range;volume_above_20d_average,345.8900146484375,359.0,342.2900085449219,357.0299987792969,338.5899963378906,353.0073299136601,364.93452186165473,370.5111791815157,350.0967450650154,1.1493339616105231,-0.7904523082358423,-0.5502522613149949,20.697139195033483,0.8821063897010883,-0.011267033244798691,-0.009269962717959102,QQQ,"SPY,QQQ",50.0,770.1900024414062,757.749642905043,True,718.9600219726562,710.4548482967451,True
TLT,debit,pullback,bull_breakout_pullback,6,watchlist,NO,SETUP_REJECT,watchlist setup; below option evaluation threshold,close_above_ema21;ema8_above_ema21;ema21_above_ema50;ema50_above_ema200;ema8_slope_positive;ema21_slope_positive;reclaimed_ema8;close_upper_half_range;relative_strength_positive;volume_above_20d_average,82.20999908447266,,-1,,,,,,,,,,,,,,,,,0,0,0,0,0.0013009222590947263,0.0041246673745181164,0.206379905115749,0.556214801211104,-0.011615394678978652,-0.001016660676551484,0.5832381062971241,0.008071650789959268,True,False,"SPY: close=770.19, ema50=757.75, above=true; QQQ: close=718.96, ema50=710.45, above=true",,,watchlist setup; below option evaluation threshold,,,SETUP_REJECT,False,watchlist setup; below option evaluation threshold,,,0.045,,,,,,,,False,,,,,,,,False,,,,,,,,,,,,,,,,,,,,,,,,,,0.5,0.5,2.0,21,82.54908798555554,pullback,bull_breakout_pullback,6.0,watchlist,low_near_ema8;low_near_ema21;recent_2_5_day_pullback;atr_pullback_controlled,close_above_ema21;ema8_above_ema21;ema21_above_ema50;ema50_above_ema200;ema8_slope_positive;ema21_slope_positive;reclaimed_ema8;close_upper_half_range;relative_strength_positive;volume_above_20d_average,82.29000091552734,82.5,82.18000030517578,82.20999908447266,82.06999969482422,82.3169479022018,82.54908798555554,83.28363053669749,85.6918032099309,-0.03055680506547276,-0.03390889010829312,-0.04382169192754759,0.6635704040527344,0.09374627470614882,-0.0013009222590947263,-0.06788455668173288,QQQ,"SPY,QQQ",50.0,770.1900024414062,757.749642905043,True,718.9600219726562,710.4548482967451,True
TLT,credit,pullup,bear_ema8_rejection,20,strong_setup,NO,RISK_REJECT,credit/width<20.0% (credit_width=6.8%),volume_above_20d_average,82.20999908447266,2026-12-18,102,92.0,87.0,5.0,0.34,0.33000000000000007,0.009999999999999953,92.93531912653181,excellent,0.068,0.4717155946865077,-0.13171559468650768,0.7648550855320413,0.07296137339055794,,0.018348623853211024,0.04878048780487795,701,64297,21,14159,0.0013009222590947263,0.0041246673745181164,0.2758593461676584,0.07397554992769656,-0.011615394678978652,-0.001016660676551484,0.5832381062971241,0.008071650789959268,True,False,"SPY: close=770.19, ema50=757.75, above=true; QQQ: close=718.96, ema50=710.45, above=true",0.17,0.68,credit/width<20.0% (credit_width=6.8%),SELL credit call spread near mid on pullup day (trend down).,TP: buy back at 50% max profit (spread≈0.17); SL: buy back if spread≥0.68 OR close>EMA21 (≈82.55); Time-stop: exit by 21 days.,,False,credit/width<20.0% (credit_width=6.8%),2026-12-18,0.27945205479452057,0.045,TLT261218C00092000,TLT261218C00087000,0.2,0.21,0.2,0.20500000000000002,"mid=avg(bid,ask)",True,0.14429566650390624,0.14429566650390624,0.54,0.55,0.56,0.545,"mid=avg(bid,ask)",True,0.11975977905273436,0.11975977905273436,0.09845795416795013,0.1320277227783203,0.2935726814245285,0.7652882761110362,-1.2719961136625866,-1.3482754563827484,0.10168725005072354,0.02832956236951255,7.720576814019692,-2.3562443020935,-0.6642327274374764,-0.7275416087905217,0.25327068496170324,0.06147723253508386,13.905348865369074,-3.88210783269687,0.1515834349109797,0.03314767016557131,6.184772051349382,-1.5258635306033699,87.34,0.34,4.66,0.5,0.5,2.0,21,82.54908798555554,pullup,bear_ema8_rejection,20.0,strong_setup,close_below_ema21;ema8_below_ema21;ema21_below_ema50;ema50_below_ema200;ema8_slope_negative;ema21_slope_negative;high_near_ema8;high_near_ema21;recent_2_5_day_bounce;failed_ema8_reclaim;close_lower_half_range;relative_weakness_negative;atr_bounce_controlled,volume_above_20d_average,82.29000091552734,82.5,82.18000030517578,82.20999908447266,82.06999969482422,82.3169479022018,82.54908798555554,83.28363053669749,85.6918032099309,-0.03055680506547276,-0.03390889010829312,-0.04382169192754759,0.6635704040527344,0.09374627470614882,0.0013009222590947263,-0.06788455668173288,QQQ,"SPY,QQQ",50.0,770.1900024414062,757.749642905043,True,718.9600219726562,710.4548482967451,True
TMO,debit,pullback,bull_ema21_pullback,15,strong_setup,NO,LIQUIDITY_REJECT,"short leg illiquid (vol=10, oi=103)",ema8_slope_positive;low_near_ema8;reclaimed_ema8;volume_above_20d_average,613.780029296875,2026-12-18,102,,680.0,,,,,,,,,,,,,0.24581005586592192,,10,103,0,0,0.002325536346827462,0.012150386251253014,0.5646310096746378,0.046229227210755064,-0.017032297103148575,0.03892881121899039,0.7672904140208915,0.02792413739258125,True,False,"SPY: close=770.19, ema50=757.75, above=true; QQQ: close=718.96, ema50=710.45, above=true",,,"short leg illiquid (vol=10, oi=103)",,,,False,"short leg illiquid (vol=10, oi=103)",2026-12-18,0.27945205479452057,0.045,,TMO261218C00680000,,,,,,False,,,15.7,20.1,25.8,17.9,"mid=avg(bid,ask)",True,0.3347234497070312,,0.30979390629204673,,,,,,,,,,,,,,,,,,,,,,,0.5,0.5,2.0,21,606.3223648676126,pullback,bull_ema21_pullback,15.0,strong_setup,close_above_ema21;ema8_above_ema21;ema21_above_ema50;ema50_above_ema200;ema21_slope_positive;low_near_ema21;recent_2_5_day_pullback;close_upper_half_range;relative_strength_positive;atr_pullback_controlled,ema8_slope_positive;low_near_ema8;reclaimed_ema8;volume_above_20d_average,608.5800170898438,615.739990234375,605.530029296875,613.780029296875,618.4299926757812,615.2073970639617,606.3223648676126,575.6879245529103,528.1762796673908,-0.4078193620248385,0.7457664429261968,1.5547797854679857,17.139277866908483,0.8080344332855093,-0.002325536346827462,0.2368684562313279,QQQ,"SPY,QQQ",50.0,770.1900024414062,757.749642905043,True,718.9600219726562,710.4548482967451,True
TMO,credit,pullup,bear_failed_reclaim,7,watchlist,NO,SETUP_REJECT,watchlist setup; below option evaluation threshold,close_below_ema21;ema8_below_ema21;ema21_below_ema50;ema50_below_ema200;ema21_slope_negative;high_near_ema21;failed_ema8_reclaim;close_lower_half_range;volume_above_20d_average,613.780029296875,,-1,,,,,,,,,,,,,,,,,0,0,0,0,0.002325536346827462,0.012150386251253014,0.03107442300364314,0.5494762054675257,-0.017032297103148575,0.03892881121899039,0.7672904140208915,0.02792413739258125,True,False,"SPY: close=770.19, ema50=757.75, above=true; QQQ: close=718.96, ema50=710.45, above=true",,,watchlist setup; below option evaluation threshold,,,SETUP_REJECT,False,watchlist setup; below option evaluation threshold,,,0.045,,,,,,,,False,,,,,,,,False,,,,,,,,,,,,,,,,,,,,,,,,,,0.5,0.5,2.0,21,606.3223648676126,pullup,bear_failed_reclaim,7.0,watchlist,ema8_slope_negative;high_near_ema8;recent_2_5_day_bounce;relative_weakness_negative;atr_bounce_controlled,close_below_ema21;ema8_below_ema21;ema21_below_ema50;ema50_below_ema200;ema21_slope_negative;high_near_ema21;failed_ema8_reclaim;close_lower_half_range;volume_above_20d_average,608.5800170898438,615.739990234375,605.530029296875,613.780029296875,618.4299926757812,615.2073970639617,606.3223648676126,575.6879245529103,528.1762796673908,-0.4078193620248385,0.7457664429261968,1.5547797854679857,17.139277866908483,0.8080344332855093,0.002325536346827462,0.2368684562313279,QQQ,"SPY,QQQ",50.0,770.1900024414062,757.749642905043,True,718.9600219726562,710.4548482967451,True
TNA,debit,pullback,bull_ema8_reclaim,9,valid_setup,NO,LIQUIDITY_REJECT,"short leg illiquid (vol=6, oi=720)",close_above_ema21;ema8_above_ema21;ema21_slope_positive;low_near_ema8;low_near_ema21;relative_strength_positive;volume_above_20d_average,69.88999938964844,2026-12-18,102,,85.0,,,,,,,,,,,,,0.13953488372093018,,6,720,0,0,0.0008446206862672225,0.01717528637513958,0.7424849343955882,1.308876047268823,-0.004389160344876131,-0.05851124548279951,0.7283764731429337,0.03181530686453387,True,False,"SPY: close=770.19, ema50=757.75, above=true; QQQ: close=718.96, ema50=710.45, above=true",,,"short leg illiquid (vol=6, oi=720)",,,,False,"short leg illiquid (vol=6, oi=720)",2026-12-18,0.27945205479452057,0.045,,TNA261218C00085000,,,,,,False,,,2.4,2.76,2.71,2.58,"mid=avg(bid,ask)",True,0.5022022436523439,,0.43829749258810197,,,,,,,,,,,,,,,,,,,,,,,0.5,0.5,2.0,21,71.09038014392398,pullback,bull_ema8_reclaim,9.0,valid_setup,ema21_above_ema50;ema50_above_ema200;ema8_slope_positive;recent_2_5_day_pullback;reclaimed_ema8;close_upper_half_range;atr_pullback_controlled,close_above_ema21;ema8_above_ema21;ema21_slope_positive;low_near_ema8;low_near_ema21;relative_strength_positive;volume_above_20d_average,68.26000213623047,70.02999877929688,68.18000030517578,69.88999938964844,69.38999938964844,69.83096885040074,71.09038014392398,70.55050281186226,61.80250326227965,0.016865868356475744,-0.12003807542755851,-0.026959323355669085,2.22357177734375,0.924324591827056,0.0008446206862672225,0.08306541402924594,QQQ,"SPY,QQQ",50.0,770.1900024414062,757.749642905043,True,718.9600219726562,710.4548482967451,True
TNA,credit,pullup,bear_ema8_rejection,11,strong_setup,NO,LIQUIDITY_REJECT,"short leg illiquid (vol=6, oi=720)",ema21_below_ema50;ema50_below_ema200;ema8_slope_negative;high_near_ema21;failed_ema8_reclaim;close_lower_half_range;volume_above_20d_average,69.88999938964844,2026-12-18,102,,85.0,,,,,,,,,,,,,0.13953488372093018,,6,720,0,0,0.0008446206862672225,0.01717528637513958,0.08950910913876443,0.4768820037344703,-0.004389160344876131,-0.05851124548279951,0.7283764731429337,0.03181530686453387,True,False,"SPY: close=770.19, ema50=757.75, above=true; QQQ: close=718.96, ema50=710.45, above=true",,,"short leg illiquid (vol=6, oi=720)",,,,False,"short leg illiquid (vol=6, oi=720)",2026-12-18,0.27945205479452057,0.045,,TNA261218C00085000,,,,,,False,,,2.4,2.76,2.71,2.58,"mid=avg(bid,ask)",True,0.5022022436523439,,0.43829749258810197,,,,,,,,,,,,,,,,,,,,,,,0.5,0.5,2.0,21,71.09038014392398,pullup,bear_ema8_rejection,11.0,strong_setup,close_below_ema21;ema8_below_ema21;ema21_slope_negative;high_near_ema8;recent_2_5_day_bounce;relative_weakness_negative;atr_bounce_controlled,ema21_below_ema50;ema50_below_ema200;ema8_slope_negative;high_near_ema21;failed_ema8_reclaim;close_lower_half_range;volume_above_20d_average,68.26000213623047,70.02999877929688,68.18000030517578,69.88999938964844,69.38999938964844,69.83096885040074,71.09038014392398,70.55050281186226,61.80250326227965,0.016865868356475744,-0.12003807542755851,-0.026959323355669085,2.22357177734375,0.924324591827056,-0.0008446206862672225,0.08306541402924594,QQQ,"SPY,QQQ",50.0,770.1900024414062,757.749642905043,True,718.9600219726562,710.4548482967451,True
TOELY,debit,pullback,bull_ema8_reclaim,13,strong_setup,NO,OPTION_CHAIN_REJECT,no options expirations found,ema8_above_ema21;ema21_above_ema50;low_near_ema21;recent_2_5_day_pullback;volume_above_20d_average,176.49000549316406,,-1,,,,,,,,,,,,,,,,,0,0,0,0,0.02092360844058213,0.0035188397600089726,0.2531904874371247,0.6983282722774008,0.026766297334985367,0.012934610442339012,0.6989543203082004,0.039099733325982024,True,False,"SPY: close=770.19, ema50=757.75, above=true; QQQ: close=718.96, ema50=710.45, above=true",,,no options expirations found,,,OPTION_CHAIN_REJECT,False,no options expirations found,,,0.045,,,,,,,,False,,,,,,,,False,,,,,,,,,,,,,,,,,,,,,,,,,,0.5,0.5,2.0,21,175.86896544459051,pullback,bull_ema8_reclaim,13.0,strong_setup,close_above_ema21;ema50_above_ema200;ema8_slope_positive;ema21_slope_positive;low_near_ema8;reclaimed_ema8;close_upper_half_range;relative_strength_positive;atr_pullback_controlled,ema8_above_ema21;ema21_above_ema50;low_near_ema21;recent_2_5_day_pullback;volume_above_20d_average,172.10000610351562,178.42999267578125,171.0500030517578,176.49000549316406,172.05999755859375,172.7971977245489,175.86896544459051,182.03654034447527,164.38756155549726,1.0550879338900643,0.06210400485733203,-0.22638917760451704,6.900712149483817,0.737128738460266,0.02092360844058213,-0.10997168206594321,QQQ,"SPY,QQQ",50.0,770.1900024414062,757.749642905043,True,718.9600219726562,710.4548482967451,True
TOELY,credit,pullup,bear_ema21_rejection,7,watchlist,NO,SETUP_REJECT,watchlist setup; below option evaluation threshold,close_below_ema21;ema50_below_ema200;ema8_slope_negative;ema21_slope_negative;high_near_ema8;recent_2_5_day_bounce;failed_ema8_reclaim;close_lower_half_range;relative_weakness_negative;volume_above_20d_average,176.49000549316406,,-1,,,,,,,,,,,,,,,,,0,0,0,0,0.02092360844058213,0.0035188397600089726,0.8162628478357385,0.37112506299546255,0.026766297334985367,0.012934610442339012,0.6989543203082004,0.039099733325982024,True,False,"SPY: close=770.19, ema50=757.75, above=true; QQQ: close=718.96, ema50=710.45, above=true",,,watchlist setup; below option evaluation threshold,,,SETUP_REJECT,False,watchlist setup; below option evaluation threshold,,,0.045,,,,,,,,False,,,,,,,,False,,,,,,,,,,,,,,,,,,,,,,,,,,0.5,0.5,2.0,21,175.86896544459051,pullup,bear_ema21_rejection,7.0,watchlist,ema8_below_ema21;ema21_below_ema50;high_near_ema21;atr_bounce_controlled,close_below_ema21;ema50_below_ema200;ema8_slope_negative;ema21_slope_negative;high_near_ema8;recent_2_5_day_bounce;failed_ema8_reclaim;close_lower_half_range;relative_weakness_negative;volume_above_20d_average,172.10000610351562,178.42999267578125,171.0500030517578,176.49000549316406,172.05999755859375,172.7971977245489,175.86896544459051,182.03654034447527,164.38756155549726,1.0550879338900643,0.06210400485733203,-0.22638917760451704,6.900712149483817,0.737128738460266,-0.02092360844058213,-0.10997168206594321,QQQ,"SPY,QQQ",50.0,770.1900024414062,757.749642905043,True,718.9600219726562,710.4548482967451,True
TQQQ,debit,pullback,bull_ema21_pullback,15,strong_setup,NO,PRICING_REJECT,spread mid/width too high (35.5%>20.0%),ema8_above_ema21;recent_2_5_day_pullback;reclaimed_ema8;close_upper_half_range,72.37000274658203,2026-12-18,102,75.0,85.0,10.0,3.5500000000000007,3.9000000000000004,0.34999999999999964,85.7258244809358,good,0.3550000000000001,,,,,,0.04761904761904767,0.06451612903225806,159,6959,37,4528,0.01365075188098,0.01224212214710249,0.10793250924337817,0.06686210728764418,0.0037059198777813496,-0.02257015532571449,1.0076475742169695,0.03429792908761261,True,False,"SPY: close=770.19, ema50=757.75, above=true; QQQ: close=718.96, ema50=710.45, above=true",,,spread mid/width too high (35.5%>20.0%),,,PRICING_REJECT,False,spread mid/width too high (35.5%>20.0%),2026-12-18,0.27945205479452057,0.045,TQQQ261218C00075000,TQQQ261218C00085000,7.5,8.0,7.45,7.75,"mid=avg(bid,ask)",True,0.5788616333007812,,4.1,4.3,4.15,4.199999999999999,"mid=avg(bid,ask)",True,0.5526167785644531,,0.7013856742788113,,,,,,,,,,,,,,,,,,,,,,,0.5,0.5,2.0,21,71.48404033317223,pullback,bull_ema21_pullback,15.0,strong_setup,close_above_ema21;ema21_above_ema50;ema50_above_ema200;ema8_slope_positive;ema21_slope_positive;low_near_ema8;low_near_ema21;relative_strength_positive;volume_above_20d_average;atr_pullback_controlled,ema8_above_ema21;recent_2_5_day_pullback;reclaimed_ema8;close_upper_half_range,72.48999786376953,73.23999786376953,71.6500015258789,72.37000274658203,72.02999877929688,71.3820977954626,71.48404033317223,71.4734786026893,63.7250733827144,0.282258557462697,0.08859624134097999,0.03659282219970805,2.4821412222726003,0.4528319993858083,0.01365075188098,0.008324104540105903,QQQ,"SPY,QQQ",50.0,770.1900024414062,757.749642905043,True,718.9600219726562,710.4548482967451,True
TQQQ,credit,pullup,bear_continuation,7,watchlist,NO,SETUP_REJECT,watchlist setup; below option evaluation threshold,close_below_ema21;ema21_below_ema50;ema50_below_ema200;ema8_slope_negative;ema21_slope_negative;high_near_ema8;high_near_ema21;recent_2_5_day_bounce;failed_ema8_reclaim,72.37000274658203,,-1,,,,,,,,,,,,,,,,,0,0,0,0,0.01365075188098,0.01224212214710249,0.748506995345686,0.7074365933899519,0.0037059198777813496,-0.02257015532571449,1.0076475742169695,0.03429792908761261,True,False,"SPY: close=770.19, ema50=757.75, above=true; QQQ: close=718.96, ema50=710.45, above=true",,,watchlist setup; below option evaluation threshold,,,SETUP_REJECT,False,watchlist setup; below option evaluation threshold,,,0.045,,,,,,,,False,,,,,,,,False,,,,,,,,,,,,,,,,,,,,,,,,,,0.5,0.5,2.0,21,71.48404033317223,pullup,bear_continuation,7.0,watchlist,ema8_below_ema21;close_lower_half_range;relative_weakness_negative;volume_above_20d_average;atr_bounce_controlled,close_below_ema21;ema21_below_ema50;ema50_below_ema200;ema8_slope_negative;ema21_slope_negative;high_near_ema8;high_near_ema21;recent_2_5_day_bounce;failed_ema8_reclaim,72.48999786376953,73.23999786376953,71.6500015258789,72.37000274658203,72.02999877929688,71.3820977954626,71.48404033317223,71.4734786026893,63.7250733827144,0.282258557462697,0.08859624134097999,0.03659282219970805,2.4821412222726003,0.4528319993858083,-0.01365075188098,0.008324104540105903,QQQ,"SPY,QQQ",50.0,770.1900024414062,757.749642905043,True,718.9600219726562,710.4548482967451,True
TRMB,debit,pullback,bull_ema8_pullback,12,strong_setup,NO,LIQUIDITY_REJECT,"short leg illiquid (vol=1, oi=184)",ema50_above_ema200;ema8_slope_positive;low_near_ema8;low_near_ema21;reclaimed_ema8;volume_above_20d_average,59.470001220703125,2026-11-20,74,,65.0,,,,,,,,,,,,,0.37500000000000006,,1,184,0,0,0.0034277209142261683,0.009584152657994022,0.972199069580728,0.5200528003703312,-0.028773156490098706,0.004956991356210971,0.6702702967964824,0.028778018217298144,True,False,"SPY: close=770.19, ema50=757.75, above=true; QQQ: close=718.96, ema50=710.45, above=true",,,"short leg illiquid (vol=1, oi=184)",,,,False,"short leg illiquid (vol=1, oi=184)",2026-11-20,0.20273972602739726,0.045,,TRMB261120C00065000,,,,,,False,,,1.95,2.85,2.71,2.4,"mid=avg(bid,ask)",True,0.45862357788085945,,0.3385963115336403,,,,,,,,,,,,,,,,,,,,,,,0.5,0.5,2.0,21,58.900031650432815,pullback,bull_ema8_pullback,12.0,strong_setup,close_above_ema21;ema8_above_ema21;ema21_above_ema50;ema21_slope_positive;recent_2_5_day_pullback;close_upper_half_range;relative_strength_positive;atr_pullback_controlled,ema50_above_ema200;ema8_slope_positive;low_near_ema8;low_near_ema21;reclaimed_ema8;volume_above_20d_average,59.209999084472656,60.029998779296875,58.0099983215332,59.470001220703125,60.099998474121094,59.673847787656385,58.900031650432815,57.52851022690803,61.490641085299856,-0.05824187627236199,0.05699695702703167,0.07924453035898438,1.7114287785121374,0.7227735486685387,-0.0034277209142261683,0.13886809843937886,QQQ,"SPY,QQQ",50.0,770.1900024414062,757.749642905043,True,718.9600219726562,710.4548482967451,True
TRMB,credit,pullup,bear_failed_reclaim,8,valid_setup,NO,LIQUIDITY_REJECT,"short leg illiquid (vol=1, oi=1015)",close_below_ema21;ema8_below_ema21;ema21_below_ema50;ema21_slope_negative;high_near_ema21;failed_ema8_reclaim;close_lower_half_range;volume_above_20d_average,59.470001220703125,2026-11-20,74,,70.0,,,,,,,,,,,,,0.46153846153846156,,1,1015,0,0,0.0034277209142261683,0.009584152657994022,0.20810155591173163,0.6602478251221284,-0.028773156490098706,0.004956991356210971,0.6702702967964824,0.028778018217298144,True,False,"SPY: close=770.19, ema50=757.75, above=true; QQQ: close=718.96, ema50=710.45, above=true",,,"short leg illiquid (vol=1, oi=1015)",,,,False,"short leg illiquid (vol=1, oi=1015)",2026-11-20,0.20273972602739726,0.045,,TRMB261120C00070000,,,,,,False,,,1.0,1.6,1.4,1.3,"mid=avg(bid,ask)",True,0.4523980541992188,,0.3385963115336403,,,,,,,,,,,,,,,,,,,,,,,0.5,0.5,2.0,21,58.900031650432815,pullup,bear_failed_reclaim,8.0,valid_setup,ema50_below_ema200;ema8_slope_negative;high_near_ema8;recent_2_5_day_bounce;relative_weakness_negative;atr_bounce_controlled,close_below_ema21;ema8_below_ema21;ema21_below_ema50;ema21_slope_negative;high_near_ema21;failed_ema8_reclaim;close_lower_half_range;volume_above_20d_average,59.209999084472656,60.029998779296875,58.0099983215332,59.470001220703125,60.099998474121094,59.673847787656385,58.900031650432815,57.52851022690803,61.490641085299856,-0.05824187627236199,0.05699695702703167,0.07924453035898438,1.7114287785121374,0.7227735486685387,0.0034277209142261683,0.13886809843937886,QQQ,"SPY,QQQ",50.0,770.1900024414062,757.749642905043,True,718.9600219726562,710.4548482967451,True
TSLA,debit,pullback,bull_ema8_pullback,12,strong_setup,NO,PRICING_REJECT,spread mid/width too high (30.2%>20.0%),ema21_above_ema50;ema50_above_ema200;ema8_slope_positive;low_near_ema8;reclaimed_ema8;close_upper_half_range,354.0799865722656,2026-12-18,102,365.0,415.0,50.0,15.1,15.45,0.34999999999999964,96.05209614254461,excellent,0.302,,,,,,0.02013422818791951,0.013333333333333286,107,565,150,897,0.011287521175342556,0.006809024818600487,0.44054277251570473,0.022757822744283857,0.0117516759494527,0.08323577289977757,1.708392439317929,0.04331545692070538,True,False,"SPY: close=770.19, ema50=757.75, above=true; QQQ: close=718.96, ema50=710.45, above=true",,,spread mid/width too high (30.2%>20.0%),,,PRICING_REJECT,False,spread mid/width too high (30.2%>20.0%),2026-12-18,0.27945205479452057,0.045,TSLA261218C00365000,TSLA261218C00415000,29.8,30.2,30.0,30.0,"mid=avg(bid,ask)",True,0.4656578092956543,,14.75,15.05,14.99,14.9,"mid=avg(bid,ask)",True,0.46832807067871096,,0.5889500706309232,,,,,,,,,,,,,,,,,,,,,,,0.5,0.5,2.0,21,351.66904715592534,pullback,bull_ema8_pullback,12.0,strong_setup,close_above_ema21;ema8_above_ema21;ema21_slope_positive;low_near_ema21;recent_2_5_day_pullback;relative_strength_positive;volume_above_20d_average;atr_pullback_controlled,ema21_above_ema50;ema50_above_ema200;ema8_slope_positive;low_near_ema8;reclaimed_ema8;close_upper_half_range,362.07000732421875,364.69000244140625,351.32000732421875,354.0799865722656,376.3699951171875,358.0766719184651,351.66904715592534,357.9655552260272,383.07543099783413,-1.1419100989141384,0.24109394163400566,-0.15859463892905978,15.337136404854911,0.20643083440612817,-0.011287521175342556,-0.10852151429896251,QQQ,"SPY,QQQ",50.0,770.1900024414062,757.749642905043,True,718.9600219726562,710.4548482967451,True
TSLA,credit,pullup,bear_breakdown_retest,8,valid_setup,NO,RISK_REJECT,credit/width<20.0% (credit_width=16.5%),close_below_ema21;ema8_below_ema21;ema21_slope_negative;high_near_ema8;high_near_ema21;failed_ema8_reclaim;relative_weakness_negative,354.0799865722656,2026-12-18,102,435.0,430.0,5.0,0.8250000000000011,0.5500000000000007,0.27500000000000036,79.40266829314876,good,0.1650000000000002,0.9007601444921818,-0.07576014449218071,0.8053782333812436,0.19760479041916199,,0.024896265560165887,0.022271714922048998,183,3780,241,5547,0.011287521175342556,0.006809024818600487,0.431197216244862,0.848982166016283,0.0117516759494527,0.08323577289977757,1.708392439317929,0.04331545692070538,True,False,"SPY: close=770.19, ema50=757.75, above=true; QQQ: close=718.96, ema50=710.45, above=true",0.41250000000000053,1.6500000000000021,credit/width<20.0% (credit_width=16.5%),SELL credit call spread near mid on pullup day (trend down).,TP: buy back at 50% max profit (spread≈0.41); SL: buy back if spread≥1.65 OR close>EMA21 (≈351.67); Time-stop: exit by 21 days.,,False,credit/width<20.0% (credit_width=16.5%),2026-12-18,0.27945205479452057,0.045,TSLA261218C00435000,TSLA261218C00430000,11.1,11.35,11.05,11.225,"mid=avg(bid,ask)",True,0.47202066070556636,0.47202066070556636,11.9,12.2,12.11,12.05,"mid=avg(bid,ask)",True,0.47137979797363283,0.47137979797363283,0.5889500706309232,0.4717002293395996,12.178284054705884,13.079044199198066,-0.6496991425837162,-0.8992244860768447,0.2579432889356972,0.0036562360305373736,60.46517304211828,-54.62760886345465,-0.6045272049239916,-0.85371376770977,0.2727465938657597,0.003766404193870711,62.20251694495863,-56.218888772791196,0.014803304930062544,0.0001101681633333372,1.737343902840351,-1.5912799093365493,430.825,0.8250000000000011,4.174999999999999,0.5,0.5,2.0,21,351.66904715592534,pullup,bear_breakdown_retest,8.0,valid_setup,ema21_below_ema50;ema50_below_ema200;ema8_slope_negative;recent_2_5_day_bounce;close_lower_half_range;volume_above_20d_average;atr_bounce_controlled,close_below_ema21;ema8_below_ema21;ema21_slope_negative;high_near_ema8;high_near_ema21;failed_ema8_reclaim;relative_weakness_negative,362.07000732421875,364.69000244140625,351.32000732421875,354.0799865722656,376.3699951171875,358.0766719184651,351.66904715592534,357.9655552260272,383.07543099783413,-1.1419100989141384,0.24109394163400566,-0.15859463892905978,15.337136404854911,0.20643083440612817,0.011287521175342556,-0.10852151429896251,QQQ,"SPY,QQQ",50.0,770.1900024414062,757.749642905043,True,718.9600219726562,710.4548482967451,True
TSLL,debit,pullback,bull_continuation,9,valid_setup,NO,LIQUIDITY_REJECT,short leg bid/ask too wide (21.5%>15.0%),close_above_ema21;ema21_above_ema50;ema50_above_ema200;ema8_slope_positive;ema21_slope_positive;low_near_ema8;reclaimed_ema8;close_upper_half_range,9.149999618530273,2026-12-18,102,,13.0,,,,,,,,,,,,,0.21538461538461542,,168,2896,0,0,0.03158630138775646,0.007603448378881497,0.5454560107714924,0.2728075675705931,0.01539952747480311,0.13386584408252877,1.256228174715433,0.0879625525358432,True,False,"SPY: close=770.19, ema50=757.75, above=true; QQQ: close=718.96, ema50=710.45, above=true",,,short leg bid/ask too wide (21.5%>15.0%),,,,False,short leg bid/ask too wide (21.5%>15.0%),2026-12-18,0.27945205479452057,0.045,,TSLL261218C00013000,,,,,,False,,,0.58,0.72,0.65,0.6499999999999999,"mid=avg(bid,ask)",True,0.875977802734375,,1.2099960609912084,,,,,,,,,,,,,,,,,,,,,,,0.5,0.5,2.0,21,9.219571168296554,pullback,bull_continuation,9.0,valid_setup,ema8_above_ema21;low_near_ema21;recent_2_5_day_pullback;relative_strength_positive;volume_above_20d_average;atr_pullback_controlled,close_above_ema21;ema21_above_ema50;ema50_above_ema200;ema8_slope_positive;ema21_slope_positive;low_near_ema8;reclaimed_ema8;close_upper_half_range,9.59000015258789,9.729999542236328,9.0,9.149999618530273,10.380000114440918,9.439014264179027,9.219571168296554,9.915798702072445,12.383534085438137,-0.0825756130425006,-0.006957154976628743,-0.031257105450700706,0.8048573221479144,0.2054790583440023,-0.03158630138775646,-0.2764616556818871,QQQ,"SPY,QQQ",50.0,770.1900024414062,757.749642905043,True,718.9600219726562,710.4548482967451,True
TSLL,credit,pullup,bear_failed_reclaim,13,strong_setup,NO,LIQUIDITY_REJECT,short leg bid/ask too wide (33.3%>15.0%),ema8_below_ema21;high_near_ema8;high_near_ema21;relative_weakness_negative,9.149999618530273,2026-12-18,102,,14.0,,,,,,,,,,,,,0.33333333333333326,,2513,2120,0,0,0.03158630138775646,0.007603448378881497,0.3615364736705773,0.6341849168714766,0.01539952747480311,0.13386584408252877,1.256228174715433,0.0879625525358432,True,False,"SPY: close=770.19, ema50=757.75, above=true; QQQ: close=718.96, ema50=710.45, above=true",,,short leg bid/ask too wide (33.3%>15.0%),,,,False,short leg bid/ask too wide (33.3%>15.0%),2026-12-18,0.27945205479452057,0.045,,TSLL261218C00014000,,,,,,False,,,0.5,0.7,0.53,0.6,"mid=avg(bid,ask)",True,0.9355475195312499,,1.2099960609912084,,,,,,,,,,,,,,,,,,,,,,,0.5,0.5,2.0,21,9.219571168296554,pullup,bear_failed_reclaim,13.0,strong_setup,close_below_ema21;ema21_below_ema50;ema50_below_ema200;ema8_slope_negative;ema21_slope_negative;recent_2_5_day_bounce;failed_ema8_reclaim;close_lower_half_range;volume_above_20d_average;atr_bounce_controlled,ema8_below_ema21;high_near_ema8;high_near_ema21;relative_weakness_negative,9.59000015258789,9.729999542236328,9.0,9.149999618530273,10.380000114440918,9.439014264179027,9.219571168296554,9.915798702072445,12.383534085438137,-0.0825756130425006,-0.006957154976628743,-0.031257105450700706,0.8048573221479144,0.2054790583440023,0.03158630138775646,-0.2764616556818871,QQQ,"SPY,QQQ",50.0,770.1900024414062,757.749642905043,True,718.9600219726562,710.4548482967451,True
TSM,debit,pullback,bull_ema8_pullback,20,strong_setup,NO,PRICING_REJECT,spread mid/width too high (30.4%>20.0%),recent_2_5_day_pullback,428.9100036621094,2026-12-18,102,440.0,490.0,50.0,15.2,16.9,1.6999999999999993,80.06906791641387,good,0.304,,,,,,0.10488245931283914,0.06718346253229972,54,1913,132,1799,0.021782685849710562,0.024471598419456363,0.013861403584868263,0.0947576679231296,0.023748726425441014,0.026746123016482604,1.3291274917824771,0.024755436889808153,True,False,"SPY: close=770.19, ema50=757.75, above=true; QQQ: close=718.96, ema50=710.45, above=true",,,spread mid/width too high (30.4%>20.0%),,,PRICING_REJECT,False,spread mid/width too high (30.4%>20.0%),2026-12-18,0.27945205479452057,0.045,TSM261218C00440000,TSM261218C00490000,28.05,30.0,29.38,29.025,"mid=avg(bid,ask)",True,0.3836731555175781,,13.1,14.55,13.82,13.825,"mid=avg(bid,ask)",True,0.3855957437133788,,0.45695315235083367,,,,,,,,,,,,,,,,,,,,,,,0.5,0.5,2.0,21,418.4138902944027,pullback,bull_ema8_pullback,20.0,strong_setup,close_above_ema21;ema8_above_ema21;ema21_above_ema50;ema50_above_ema200;ema8_slope_positive;ema21_slope_positive;low_near_ema8;low_near_ema21;reclaimed_ema8;close_upper_half_range;relative_strength_positive;volume_above_20d_average;atr_pullback_controlled,recent_2_5_day_pullback,421.8800048828125,429.82000732421875,419.4200134277344,428.9100036621094,417.010009765625,419.56719179453944,418.4138902944027,417.56030089357273,393.46479436330435,2.6693748193057445,1.0496113367706812,0.4632531742259971,10.617854527064733,0.9124995965221678,0.021782685849710562,0.012892706061884196,QQQ,"SPY,QQQ",50.0,770.1900024414062,757.749642905043,True,718.9600219726562,710.4548482967451,True
TSM,credit,pullup,bear_continuation,2,reject,NO,SETUP_REJECT,setup_score_below_near_miss_threshold,close_below_ema21;ema8_below_ema21;ema21_below_ema50;ema50_below_ema200;ema8_slope_negative;ema21_slope_negative;high_near_ema8;high_near_ema21;recent_2_5_day_bounce;failed_ema8_reclaim;close_lower_half_range;relative_weakness_negative,428.9100036621094,,-1,,,,,,,,,,,,,,,,,0,0,0,0,0.021782685849710562,0.024471598419456363,0.965620267592201,1.074239339100199,0.023748726425441014,0.026746123016482604,1.3291274917824771,0.024755436889808153,True,False,"SPY: close=770.19, ema50=757.75, above=true; QQQ: close=718.96, ema50=710.45, above=true",,,setup_score_below_near_miss_threshold,,,SETUP_REJECT,False,setup_score_below_near_miss_threshold,,,0.045,,,,,,,,False,,,,,,,,False,,,,,,,,,,,,,,,,,,,,,,,,,,0.5,0.5,2.0,21,418.4138902944027,pullup,bear_continuation,2.0,reject,volume_above_20d_average;atr_bounce_controlled,close_below_ema21;ema8_below_ema21;ema21_below_ema50;ema50_below_ema200;ema8_slope_negative;ema21_slope_negative;high_near_ema8;high_near_ema21;recent_2_5_day_bounce;failed_ema8_reclaim;close_lower_half_range;relative_weakness_negative,421.8800048828125,429.82000732421875,419.4200134277344,428.9100036621094,417.010009765625,419.56719179453944,418.4138902944027,417.56030089357273,393.46479436330435,2.6693748193057445,1.0496113367706812,0.4632531742259971,10.617854527064733,0.9124995965221678,-0.021782685849710562,0.012892706061884196,QQQ,"SPY,QQQ",50.0,770.1900024414062,757.749642905043,True,718.9600219726562,710.4548482967451,True
TT,debit,pullback,bull_ema8_reclaim,10,valid_setup,NO,LIQUIDITY_REJECT,"short leg illiquid (vol=2, oi=410)",close_above_ema21;ema8_above_ema21;ema21_above_ema50;ema21_slope_positive;low_near_ema21;relative_strength_positive,447.8999938964844,2026-12-18,102,,500.0,,,,,,,,,,,,,0.318840579710145,,2,410,0,0,0.000493475683824581,0.017849480713138452,0.5985062081577316,1.464370381858797,-0.005892446393860662,-0.06571506560405871,1.1633529309950141,0.021184565609820266,True,False,"SPY: close=770.19, ema50=757.75, above=true; QQQ: close=718.96, ema50=710.45, above=true",,,"short leg illiquid (vol=2, oi=410)",,,,False,"short leg illiquid (vol=2, oi=410)",2026-12-18,0.27945205479452057,0.045,,TT261218C00500000,,,,,,False,,,8.7,12.0,10.91,10.35,"mid=avg(bid,ask)",True,0.3133918759155273,,0.3067417713802622,,,,,,,,,,,,,,,,,,,,,,,0.5,0.5,2.0,21,455.8947761989545,pullback,bull_ema8_reclaim,10.0,valid_setup,ema50_above_ema200;ema8_slope_positive;low_near_ema8;recent_2_5_day_pullback;reclaimed_ema8;close_upper_half_range;volume_above_20d_average;atr_pullback_controlled,close_above_ema21;ema8_above_ema21;ema21_above_ema50;ema21_slope_positive;low_near_ema21;relative_strength_positive,443.1499938964844,449.29998779296875,442.0,447.8999938964844,445.19000244140625,447.6789661407113,455.8947761989545,462.88243689762254,455.99047824140024,0.0631507873637247,-0.7994782302470185,-0.6115282857606985,9.48856680733817,0.8082196934859494,0.000493475683824581,-0.03914482979000278,QQQ,"SPY,QQQ",50.0,770.1900024414062,757.749642905043,True,718.9600219726562,710.4548482967451,True
TT,credit,pullup,bear_ema8_rejection,16,strong_setup,NO,LIQUIDITY_REJECT,"short leg illiquid (vol=6, oi=50)",ema50_below_ema200;ema8_slope_negative;failed_ema8_reclaim;close_lower_half_range,447.8999938964844,2026-12-18,102,,510.0,,,,,,,,,,,,,0.3658536585365853,,6,50,0,0,0.000493475683824581,0.017849480713138452,0.17083946239423842,0.695024711306827,-0.005892446393860662,-0.06571506560405871,1.1633529309950141,0.021184565609820266,True,False,"SPY: close=770.19, ema50=757.75, above=true; QQQ: close=718.96, ema50=710.45, above=true",,,"short leg illiquid (vol=6, oi=50)",,,,False,"short leg illiquid (vol=6, oi=50)",2026-12-18,0.27945205479452057,0.045,,TT261218C00510000,,,,,,False,,,6.7,9.7,10.5,8.2,"mid=avg(bid,ask)",True,0.31082842498779295,,0.3067417713802622,,,,,,,,,,,,,,,,,,,,,,,0.5,0.5,2.0,21,455.8947761989545,pullup,bear_ema8_rejection,16.0,strong_setup,close_below_ema21;ema8_below_ema21;ema21_below_ema50;ema21_slope_negative;high_near_ema8;high_near_ema21;recent_2_5_day_bounce;relative_weakness_negative;volume_above_20d_average;atr_bounce_controlled,ema50_below_ema200;ema8_slope_negative;failed_ema8_reclaim;close_lower_half_range,443.1499938964844,449.29998779296875,442.0,447.8999938964844,445.19000244140625,447.6789661407113,455.8947761989545,462.88243689762254,455.99047824140024,0.0631507873637247,-0.7994782302470185,-0.6115282857606985,9.48856680733817,0.8082196934859494,-0.000493475683824581,-0.03914482979000278,QQQ,"SPY,QQQ",50.0,770.1900024414062,757.749642905043,True,718.9600219726562,710.4548482967451,True
TTD,debit,pullback,bull_continuation,8,valid_setup,NO,PRICING_REJECT,spread mid/width too high (24.7%>20.0%),close_above_ema21;ema8_above_ema21;ema21_above_ema50;ema50_above_ema200;ema21_slope_positive;low_near_ema21;reclaimed_ema8;close_upper_half_range,14.430000305175781,2026-12-18,102,15.0,20.0,5.0,1.235,1.3199999999999998,0.08499999999999974,83.46312805863218,good,0.24700000000000003,,,,,,0.11111111111111106,0.0460358056265985,124,3044,542,3699,0.018485305603953926,0.003748399992935766,0.10805032315046903,0.4534063393090677,0.059843698848264015,0.0512812801728767,1.1651260258466616,0.039600038762550145,True,False,"SPY: close=770.19, ema50=757.75, above=true; QQQ: close=718.96, ema50=710.45, above=true",,,spread mid/width too high (24.7%>20.0%),,,PRICING_REJECT,False,spread mid/width too high (24.7%>20.0%),2026-12-18,0.27945205479452057,0.045,TTD261218C00015000,TTD261218C00020000,1.91,2.0,2.0,1.955,"mid=avg(bid,ask)",True,0.7187528125,,0.68,0.76,0.71,0.72,"mid=avg(bid,ask)",True,0.7270535107421875,,0.6926328514771464,,,,,,,,,,,,,,,,,,,,,,,0.5,0.5,2.0,21,14.484089718217765,pullback,bull_continuation,8.0,valid_setup,ema8_slope_positive;low_near_ema8;recent_2_5_day_pullback;relative_strength_positive;volume_above_20d_average;atr_pullback_controlled,close_above_ema21;ema8_above_ema21;ema21_above_ema50;ema50_above_ema200;ema21_slope_positive;low_near_ema21;reclaimed_ema8;close_upper_half_range,15.180000305175781,15.260000228881836,14.225000381469727,14.430000305175781,15.09000015258789,14.163257339669459,14.484089718217765,16.172547127285974,21.85372268698073,0.07621227585894985,-0.005408941304198223,-0.07112436008613088,0.5714285714285714,0.19806758833697602,0.018485305603953926,-0.2883724359397666,QQQ,"SPY,QQQ",50.0,770.1900024414062,757.749642905043,True,718.9600219726562,710.4548482967451,True
TTD,credit,pullup,bear_ema8_rejection,12,strong_setup,NO,LIQUIDITY_REJECT,long leg bid/ask too wide (91.5%>15.0%),ema8_slope_negative;high_near_ema8;high_near_ema21;failed_ema8_reclaim;relative_weakness_negative,14.430000305175781,2026-12-18,102,25.0,20.0,5.0,,,,,,,,,,,,0.11111111111111106,0.9152542372881357,124,3044,12,7778,0.018485305603953926,0.003748399992935766,1.9193000561216604,1.3578433936621237,0.059843698848264015,0.0512812801728767,1.1651260258466616,0.039600038762550145,True,False,"SPY: close=770.19, ema50=757.75, above=true; QQQ: close=718.96, ema50=710.45, above=true",,,long leg bid/ask too wide (91.5%>15.0%),,,,False,long leg bid/ask too wide (91.5%>15.0%),2026-12-18,0.27945205479452057,0.045,TTD261218C00025000,TTD261218C00020000,0.16,0.43,0.29,0.295,"mid=avg(bid,ask)",True,0.75586181640625,,0.68,0.76,0.71,0.72,"mid=avg(bid,ask)",True,0.7270535107421875,,0.6926328514771464,,,,,,,,,,,,,,,,,,,,,,,0.5,0.5,2.0,21,14.484089718217765,pullup,bear_ema8_rejection,12.0,strong_setup,close_below_ema21;ema8_below_ema21;ema21_below_ema50;ema50_below_ema200;ema21_slope_negative;recent_2_5_day_bounce;close_lower_half_range;volume_above_20d_average;atr_bounce_controlled,ema8_slope_negative;high_near_ema8;high_near_ema21;failed_ema8_reclaim;relative_weakness_negative,15.180000305175781,15.260000228881836,14.225000381469727,14.430000305175781,15.09000015258789,14.163257339669459,14.484089718217765,16.172547127285974,21.85372268698073,0.07621227585894985,-0.005408941304198223,-0.07112436008613088,0.5714285714285714,0.19806758833697602,-0.018485305603953926,-0.2883724359397666,QQQ,"SPY,QQQ",50.0,770.1900024414062,757.749642905043,True,718.9600219726562,710.4548482967451,True
TXG,debit,pullback,bull_ema8_pullback,16,strong_setup,NO,LIQUIDITY_REJECT,"short leg illiquid (vol=2, oi=42)",low_near_ema21;reclaimed_ema8;volume_above_20d_average,62.650001525878906,2026-11-20,74,,80.0,,,,,,,,,,,,,0.5154639175257731,,2,42,0,0,0.0057094034234915535,0.05005266203406482,0.34428455388739626,0.3901503071016806,0.014505619053454932,0.20974216789922828,0.4976148478682597,0.060377388065233434,True,False,"SPY: close=770.19, ema50=757.75, above=true; QQQ: close=718.96, ema50=710.45, above=true",,,"short leg illiquid (vol=2, oi=42)",,,,False,"short leg illiquid (vol=2, oi=42)",2026-11-20,0.20273972602739726,0.045,,TXG261120C00080000,,,,,,False,,,3.6,6.1,5.3,4.85,"mid=avg(bid,ask)",True,0.9024667956542969,,0.7599815609924995,,,,,,,,,,,,,,,,,,,,,,,0.5,0.5,2.0,21,59.514202173070444,pullback,bull_ema8_pullback,16.0,strong_setup,close_above_ema21;ema8_above_ema21;ema21_above_ema50;ema50_above_ema200;ema8_slope_positive;ema21_slope_positive;low_near_ema8;recent_2_5_day_pullback;close_upper_half_range;relative_strength_positive;atr_pullback_controlled,low_near_ema21;reclaimed_ema8;volume_above_20d_average,62.540000915527344,63.47999954223633,60.9900016784668,62.650001525878906,63.220001220703125,62.2923073926853,59.514202173070444,51.79838705500185,34.76076109110142,0.10219832376959914,0.31357993528084904,0.4429230396276367,3.7826434544154575,0.6666671773360828,0.0057094034234915535,1.1157529844466423,QQQ,"SPY,QQQ",50.0,770.1900024414062,757.749642905043,True,718.9600219726562,710.4548482967451,True
TXG,credit,pullup,bear_breakdown_retest,4,near_miss,NO,SETUP_REJECT,near_miss setup; below option evaluation threshold,close_below_ema21;ema8_below_ema21;ema21_below_ema50;ema50_below_ema200;ema8_slope_negative;ema21_slope_negative;high_near_ema21;failed_ema8_reclaim;close_lower_half_range;relative_weakness_negative;volume_above_20d_average,62.650001525878906,,-1,,,,,,,,,,,,,,,,,0,0,0,0,0.0057094034234915535,0.05005266203406482,0.3139846945301281,1.0484195555192048,0.014505619053454932,0.20974216789922828,0.4976148478682597,0.060377388065233434,True,False,"SPY: close=770.19, ema50=757.75, above=true; QQQ: close=718.96, ema50=710.45, above=true",,,near_miss setup; below option evaluation threshold,,,SETUP_REJECT,False,near_miss setup; below option evaluation threshold,,,0.045,,,,,,,,False,,,,,,,,False,,,,,,,,,,,,,,,,,,,,,,,,,,0.5,0.5,2.0,21,59.514202173070444,pullup,bear_breakdown_retest,4.0,near_miss,high_near_ema8;recent_2_5_day_bounce;atr_bounce_controlled,close_below_ema21;ema8_below_ema21;ema21_below_ema50;ema50_below_ema200;ema8_slope_negative;ema21_slope_negative;high_near_ema21;failed_ema8_reclaim;close_lower_half_range;relative_weakness_negative;volume_above_20d_average,62.540000915527344,63.47999954223633,60.9900016784668,62.650001525878906,63.220001220703125,62.2923073926853,59.514202173070444,51.79838705500185,34.76076109110142,0.10219832376959914,0.31357993528084904,0.4429230396276367,3.7826434544154575,0.6666671773360828,-0.0057094034234915535,1.1157529844466423,QQQ,"SPY,QQQ",50.0,770.1900024414062,757.749642905043,True,718.9600219726562,710.4548482967451,True
TZA,debit,pullback,bull_ema8_pullback,13,strong_setup,NO,LIQUIDITY_REJECT,"short leg illiquid (vol=5, oi=172)",ema21_above_ema50;ema50_above_ema200;ema8_slope_positive;recent_2_5_day_pullback;reclaimed_ema8;close_upper_half_range,39.900001525878906,2027-01-15,130,,50.0,,,,,,,,,,,,,0.33502538071065996,,5,172,0,0,0.002461197633065952,0.011448874178230466,0.15381363742555376,0.2997863425388902,-0.004532869369629711,0.06679939501012366,1.0394269374821046,0.030665944501114786,True,False,"SPY: close=770.19, ema50=757.75, above=true; QQQ: close=718.96, ema50=710.45, above=true",,,"short leg illiquid (vol=5, oi=172)",,,,False,"short leg illiquid (vol=5, oi=172)",2027-01-15,0.3561643835616438,0.045,,TZA270115C00050000,,,,,,False,,,2.46,3.45,2.85,2.955,"mid=avg(bid,ask)",True,0.6445348046875,,0.441024065214925,,,,,,,,,,,,,,,,,,,,,,,0.5,0.5,2.0,21,39.443191428697915,pullback,bull_ema8_pullback,13.0,strong_setup,close_above_ema21;ema8_above_ema21;ema21_slope_positive;low_near_ema8;low_near_ema21;relative_strength_positive;volume_above_20d_average;atr_pullback_controlled,ema21_above_ema50;ema50_above_ema200;ema8_slope_positive;recent_2_5_day_pullback;reclaimed_ema8;close_upper_half_range,40.81999969482422,40.88999938964844,39.810001373291016,39.900001525878906,40.16999816894531,39.99820331519373,39.443191428697915,40.425385251657325,50.759300513881946,-0.02805765408994887,0.04568100971810196,-0.021444233705238958,1.2235712323869978,0.08333362767779877,-0.002461197633065952,-0.18386425474787582,QQQ,"SPY,QQQ",50.0,770.1900024414062,757.749642905043,True,718.9600219726562,710.4548482967451,True
TZA,credit,pullup,bear_continuation,9,valid_setup,NO,LIQUIDITY_REJECT,"short leg illiquid (vol=10, oi=62)",close_below_ema21;ema8_below_ema21;ema21_slope_negative;high_near_ema8;high_near_ema21;recent_2_5_day_bounce;failed_ema8_reclaim,39.900001525878906,2027-01-15,130,,55.0,,,,,,,,,,,,,0.24943310657596374,,10,62,0,0,0.002461197633065952,0.011448874178230466,0.7288468794047686,1.1824468593692126,-0.004532869369629711,0.06679939501012366,1.0394269374821046,0.030665944501114786,True,False,"SPY: close=770.19, ema50=757.75, above=true; QQQ: close=718.96, ema50=710.45, above=true",,,"short leg illiquid (vol=10, oi=62)",,,,False,"short leg illiquid (vol=10, oi=62)",2027-01-15,0.3561643835616438,0.045,,TZA270115C00055000,,,,,,False,,,1.93,2.48,2.57,2.205,"mid=avg(bid,ask)",True,0.666263103027344,,0.441024065214925,,,,,,,,,,,,,,,,,,,,,,,0.5,0.5,2.0,21,39.443191428697915,pullup,bear_continuation,9.0,valid_setup,ema21_below_ema50;ema50_below_ema200;ema8_slope_negative;close_lower_half_range;relative_weakness_negative;volume_above_20d_average;atr_bounce_controlled,close_below_ema21;ema8_below_ema21;ema21_slope_negative;high_near_ema8;high_near_ema21;recent_2_5_day_bounce;failed_ema8_reclaim,40.81999969482422,40.88999938964844,39.810001373291016,39.900001525878906,40.16999816894531,39.99820331519373,39.443191428697915,40.425385251657325,50.759300513881946,-0.02805765408994887,0.04568100971810196,-0.021444233705238958,1.2235712323869978,0.08333362767779877,0.002461197633065952,-0.18386425474787582,QQQ,"SPY,QQQ",50.0,770.1900024414062,757.749642905043,True,718.9600219726562,710.4548482967451,True
U,debit,pullback,bull_ema21_pullback,8,valid_setup,NO,LIQUIDITY_REJECT,"short leg illiquid (vol=16, oi=2502)",close_above_ema21;ema8_slope_positive;ema21_slope_positive;low_near_ema8;low_near_ema21;reclaimed_ema8;relative_strength_positive;volume_above_20d_average,41.65999984741211,2026-11-20,74,,50.0,,,,,,,,,,,,,0.12949640287769795,,16,2502,0,0,0.017439594990574875,0.008159946118409887,0.9233624938293399,0.6864191086265311,-0.04162891077500319,-0.025533695648241372,0.5126417856737931,0.039163992125047876,True,False,"SPY: close=770.19, ema50=757.75, above=true; QQQ: close=718.96, ema50=710.45, above=true",,,"short leg illiquid (vol=16, oi=2502)",,,,False,"short leg illiquid (vol=16, oi=2502)",2026-11-20,0.20273972602739726,0.045,,U261120C00050000,,,,,,False,,,1.95,2.22,2.08,2.085,"mid=avg(bid,ask)",True,0.6350134155273439,,0.535959115306075,,,,,,,,,,,,,,,,,,,,,,,0.5,0.5,2.0,21,41.999943201459956,pullback,bull_ema21_pullback,8.0,valid_setup,ema8_above_ema21;ema21_above_ema50;ema50_above_ema200;recent_2_5_day_pullback;close_upper_half_range;atr_pullback_controlled,close_above_ema21;ema8_slope_positive;ema21_slope_positive;low_near_ema8;low_near_ema21;reclaimed_ema8;relative_strength_positive;volume_above_20d_average,41.459999084472656,41.84000015258789,40.880001068115234,41.65999984741211,42.08000183105469,42.38653337205839,41.999943201459956,37.97441821779136,28.864250485696296,-0.20758100704179583,-0.03399433540478469,0.15043190324983158,1.6315719059535436,0.8124995032941532,-0.017439594990574875,0.5262122595704661,QQQ,"SPY,QQQ",50.0,770.1900024414062,757.749642905043,True,718.9600219726562,710.4548482967451,True
U,credit,pullup,bear_ema8_rejection,12,strong_setup,NO,LIQUIDITY_REJECT,"short leg illiquid (vol=16, oi=2502)",ema8_below_ema21;ema21_below_ema50;ema50_below_ema200;failed_ema8_reclaim;close_lower_half_range;volume_above_20d_average,41.65999984741211,2026-11-20,74,,50.0,,,,,,,,,,,,,0.12949640287769795,,16,2502,0,0,0.017439594990574875,0.008159946118409887,0.3349734188706107,0.09803003366780194,-0.04162891077500319,-0.025533695648241372,0.5126417856737931,0.039163992125047876,True,False,"SPY: close=770.19, ema50=757.75, above=true; QQQ: close=718.96, ema50=710.45, above=true",,,"short leg illiquid (vol=16, oi=2502)",,,,False,"short leg illiquid (vol=16, oi=2502)",2026-11-20,0.20273972602739726,0.045,,U261120C00050000,,,,,,False,,,1.95,2.22,2.08,2.085,"mid=avg(bid,ask)",True,0.6350134155273439,,0.535959115306075,,,,,,,,,,,,,,,,,,,,,,,0.5,0.5,2.0,21,41.999943201459956,pullup,bear_ema8_rejection,12.0,strong_setup,close_below_ema21;ema8_slope_negative;ema21_slope_negative;high_near_ema8;high_near_ema21;recent_2_5_day_bounce;relative_weakness_negative;atr_bounce_controlled,ema8_below_ema21;ema21_below_ema50;ema50_below_ema200;failed_ema8_reclaim;close_lower_half_range;volume_above_20d_average,41.459999084472656,41.84000015258789,40.880001068115234,41.65999984741211,42.08000183105469,42.38653337205839,41.999943201459956,37.97441821779136,28.864250485696296,-0.20758100704179583,-0.03399433540478469,0.15043190324983158,1.6315719059535436,0.8124995032941532,0.017439594990574875,0.5262122595704661,QQQ,"SPY,QQQ",50.0,770.1900024414062,757.749642905043,True,718.9600219726562,710.4548482967451,True
UBER,debit,pullback,bull_ema21_pullback,11,strong_setup,NO,LIQUIDITY_REJECT,"short leg illiquid (vol=3, oi=1409)",close_above_ema21;ema8_slope_positive;ema21_slope_positive;low_near_ema8;reclaimed_ema8;close_upper_half_range;volume_above_20d_average,75.76000213623047,2026-12-18,102,,87.5,,,,,,,,,,,,,0.21402214022140223,,3,1409,0,0,0.009576177276382736,0.004625946489460867,0.49316257340888264,0.34815956064201903,-0.042354042695086025,0.015493208519039459,0.9301910707810562,0.03413881334231908,True,False,"SPY: close=770.19, ema50=757.75, above=true; QQQ: close=718.96, ema50=710.45, above=true",,,"short leg illiquid (vol=3, oi=1409)",,,,False,"short leg illiquid (vol=3, oi=1409)",2026-12-18,0.27945205479452057,0.045,,UBER261218C00087500,,,,,,False,,,2.42,3.0,2.7,2.71,"mid=avg(bid,ask)",True,0.4318904467773438,,0.41242503036060363,,,,,,,,,,,,,,,,,,,,,,,0.5,0.5,2.0,21,76.11046385215411,pullback,bull_ema21_pullback,11.0,strong_setup,ema8_above_ema21;ema21_above_ema50;ema50_above_ema200;low_near_ema21;recent_2_5_day_pullback;relative_strength_positive;atr_pullback_controlled,close_above_ema21;ema8_slope_positive;ema21_slope_positive;low_near_ema8;reclaimed_ema8;close_upper_half_range;volume_above_20d_average,76.1500015258789,76.86000061035156,75.20999908447266,75.76000213623047,75.95999908447266,76.48549334714615,76.11046385215411,74.75879109935588,74.24984940439717,-0.20728320311876303,-0.03504617159237,0.04086575660711844,2.5863565717424666,0.33333487462373246,-0.009576177276382736,0.06778383146096645,QQQ,"SPY,QQQ",50.0,770.1900024414062,757.749642905043,True,718.9600219726562,710.4548482967451,True
UBER,credit,pullup,bear_failed_reclaim,15,strong_setup,NO,LIQUIDITY_REJECT,long leg bid/ask too wide (18.7%>15.0%),ema8_below_ema21;ema21_below_ema50;ema50_below_ema200;volume_above_20d_average,75.76000213623047,2026-12-18,102,95.0,90.0,5.0,,,,,,,,,,,,0.1038374717832957,0.18685121107266436,61,7290,58,2571,0.009576177276382736,0.004625946489460867,0.14480109482858544,0.28980410759544906,-0.042354042695086025,0.015493208519039459,0.9301910707810562,0.03413881334231908,True,False,"SPY: close=770.19, ema50=757.75, above=true; QQQ: close=718.96, ema50=710.45, above=true",,,long leg bid/ask too wide (18.7%>15.0%),,,,False,long leg bid/ask too wide (18.7%>15.0%),2026-12-18,0.27945205479452057,0.045,UBER261218C00095000,UBER261218C00090000,1.31,1.58,1.5,1.445,"mid=avg(bid,ask)",True,0.424810439453125,,2.1,2.33,2.32,2.215,"mid=avg(bid,ask)",True,0.42090422851562503,,0.41242503036060363,,,,,,,,,,,,,,,,,,,,,,,0.5,0.5,2.0,21,76.11046385215411,pullup,bear_failed_reclaim,15.0,strong_setup,close_below_ema21;ema8_slope_negative;ema21_slope_negative;high_near_ema8;high_near_ema21;recent_2_5_day_bounce;failed_ema8_reclaim;close_lower_half_range;relative_weakness_negative;atr_bounce_controlled,ema8_below_ema21;ema21_below_ema50;ema50_below_ema200;volume_above_20d_average,76.1500015258789,76.86000061035156,75.20999908447266,75.76000213623047,75.95999908447266,76.48549334714615,76.11046385215411,74.75879109935588,74.24984940439717,-0.20728320311876303,-0.03504617159237,0.04086575660711844,2.5863565717424666,0.33333487462373246,0.009576177276382736,0.06778383146096645,QQQ,"SPY,QQQ",50.0,770.1900024414062,757.749642905043,True,718.9600219726562,710.4548482967451,True
UMC,debit,pullback,bull_ema8_reclaim,13,strong_setup,NO,LIQUIDITY_REJECT,"short leg illiquid (vol=1, oi=266)",ema21_above_ema50;low_near_ema8;low_near_ema21;recent_2_5_day_pullback;volume_above_20d_average,20.770000457763672,2027-01-15,130,,27.0,,,,,,,,,,,,,0.7636363636363636,,1,266,0,0,0.040009143461133774,0.05326136271757117,0.4365111868429943,0.7438062054124142,0.04598849448363951,0.11513771075625667,0.9505217667481168,0.04312539564790778,True,False,"SPY: close=770.19, ema50=757.75, above=true; QQQ: close=718.96, ema50=710.45, above=true",,,"short leg illiquid (vol=1, oi=266)",,,,False,"short leg illiquid (vol=1, oi=266)",2027-01-15,0.3561643835616438,0.045,,UMC270115C00027000,,,,,,False,,,0.85,1.9,1.42,1.375,"mid=avg(bid,ask)",True,0.6528355029296876,,0.7988632972386699,,,,,,,,,,,,,,,,,,,,,,,0.5,0.5,2.0,21,19.6637619297386,pullback,bull_ema8_reclaim,13.0,strong_setup,close_above_ema21;ema8_above_ema21;ema50_above_ema200;ema8_slope_positive;ema21_slope_positive;reclaimed_ema8;close_upper_half_range;relative_strength_positive;atr_pullback_controlled,ema21_above_ema50;low_near_ema8;low_near_ema21;recent_2_5_day_pullback;volume_above_20d_average,20.479999542236328,21.030000686645508,20.329999923706055,20.770000457763672,19.860000610351562,19.93901052976119,19.6637619297386,19.870732542739667,16.10169824027023,0.237425693714993,0.11062385280250808,0.03670481285812244,0.8957144873482841,0.6285715064223083,0.040009143461133774,0.06251344152784744,QQQ,"SPY,QQQ",50.0,770.1900024414062,757.749642905043,True,718.9600219726562,710.4548482967451,True
UMC,credit,pullup,bear_continuation,3,reject,NO,SETUP_REJECT,setup_score_below_near_miss_threshold,close_below_ema21;ema8_below_ema21;ema50_below_ema200;ema8_slope_negative;ema21_slope_negative;high_near_ema8;high_near_ema21;recent_2_5_day_bounce;failed_ema8_reclaim;close_lower_half_range;relative_weakness_negative;volume_above_20d_average,20.770000457763672,,-1,,,,,,,,,,,,,,,,,0,0,0,0,0.040009143461133774,0.05326136271757117,1.2180110652381386,1.5253060838075585,0.04598849448363951,0.11513771075625667,0.9505217667481168,0.04312539564790778,True,False,"SPY: close=770.19, ema50=757.75, above=true; QQQ: close=718.96, ema50=710.45, above=true",,,setup_score_below_near_miss_threshold,,,SETUP_REJECT,False,setup_score_below_near_miss_threshold,,,0.045,,,,,,,,False,,,,,,,,False,,,,,,,,,,,,,,,,,,,,,,,,,,0.5,0.5,2.0,21,19.6637619297386,pullup,bear_continuation,3.0,reject,ema21_below_ema50;atr_bounce_controlled,close_below_ema21;ema8_below_ema21;ema50_below_ema200;ema8_slope_negative;ema21_slope_negative;high_near_ema8;high_near_ema21;recent_2_5_day_bounce;failed_ema8_reclaim;close_lower_half_range;relative_weakness_negative;volume_above_20d_average,20.479999542236328,21.030000686645508,20.329999923706055,20.770000457763672,19.860000610351562,19.93901052976119,19.6637619297386,19.870732542739667,16.10169824027023,0.237425693714993,0.11062385280250808,0.03670481285812244,0.8957144873482841,0.6285715064223083,-0.040009143461133774,0.06251344152784744,QQQ,"SPY,QQQ",50.0,770.1900024414062,757.749642905043,True,718.9600219726562,710.4548482967451,True
UNG,debit,pullback,bull_ema8_pullback,13,strong_setup,NO,LIQUIDITY_REJECT,"short leg illiquid (vol=12, oi=3795)",ema21_above_ema50;ema50_above_ema200;low_near_ema21;reclaimed_ema8;close_upper_half_range,10.5600004196167,2027-01-15,130,,14.0,,,,,,,,,,,,,0.2535211267605635,,12,3795,0,0,0.007383431048262483,0.02121136261407019,0.20703047774095734,0.7285406695986993,0.0187338553551597,0.08981807886162974,1.454957999893947,0.026515170329748233,True,False,"SPY: close=770.19, ema50=757.75, above=true; QQQ: close=718.96, ema50=710.45, above=true",,,"short leg illiquid (vol=12, oi=3795)",,,,False,"short leg illiquid (vol=12, oi=3795)",2027-01-15,0.3561643835616438,0.045,,UNG270115C00014000,,,,,,False,,,0.62,0.8,0.75,0.71,"mid=avg(bid,ask)",True,0.6806672558593752,,0.31277180856771175,,,,,,,,,,,,,,,,,,,,,,,0.5,0.5,2.0,21,10.336008421511476,pullback,bull_ema8_pullback,13.0,strong_setup,close_above_ema21;ema8_above_ema21;ema8_slope_positive;ema21_slope_positive;low_near_ema8;recent_2_5_day_pullback;relative_strength_positive;volume_above_20d_average;atr_pullback_controlled,ema21_above_ema50;ema50_above_ema200;low_near_ema21;reclaimed_ema8;close_upper_half_range,10.649999618530273,10.720000267028809,10.539999961853027,10.5600004196167,10.489999771118164,10.482031384648836,10.336008421511476,10.476110618048455,11.189992444583329,0.022276867133674827,0.022399199810521964,0.003424073533398797,0.2800002098083496,0.11111346585851736,0.007383431048262483,-0.12135037482660749,QQQ,"SPY,QQQ",50.0,770.1900024414062,757.749642905043,True,718.9600219726562,710.4548482967451,True
UNG,credit,pullup,bear_continuation,7,watchlist,NO,SETUP_REJECT,watchlist setup; below option evaluation threshold,close_below_ema21;ema8_below_ema21;ema8_slope_negative;ema21_slope_negative;high_near_ema8;high_near_ema21;failed_ema8_reclaim;relative_weakness_negative,10.5600004196167,,-1,,,,,,,,,,,,,,,,,0,0,0,0,0.007383431048262483,0.02121136261407019,0.8498882288083054,1.3713984206660474,0.0187338553551597,0.08981807886162974,1.454957999893947,0.026515170329748233,True,False,"SPY: close=770.19, ema50=757.75, above=true; QQQ: close=718.96, ema50=710.45, above=true",,,watchlist setup; below option evaluation threshold,,,SETUP_REJECT,False,watchlist setup; below option evaluation threshold,,,0.045,,,,,,,,False,,,,,,,,False,,,,,,,,,,,,,,,,,,,,,,,,,,0.5,0.5,2.0,21,10.336008421511476,pullup,bear_continuation,7.0,watchlist,ema21_below_ema50;ema50_below_ema200;recent_2_5_day_bounce;close_lower_half_range;volume_above_20d_average;atr_bounce_controlled,close_below_ema21;ema8_below_ema21;ema8_slope_negative;ema21_slope_negative;high_near_ema8;high_near_ema21;failed_ema8_reclaim;relative_weakness_negative,10.649999618530273,10.720000267028809,10.539999961853027,10.5600004196167,10.489999771118164,10.482031384648836,10.336008421511476,10.476110618048455,11.189992444583329,0.022276867133674827,0.022399199810521964,0.003424073533398797,0.2800002098083496,0.11111346585851736,-0.007383431048262483,-0.12135037482660749,QQQ,"SPY,QQQ",50.0,770.1900024414062,757.749642905043,True,718.9600219726562,710.4548482967451,True
UNH,debit,pullback,bull_continuation,11,strong_setup,NO,LIQUIDITY_REJECT,"short leg illiquid (vol=49, oi=927)",close_above_ema21;ema8_above_ema21;ema21_above_ema50;ema21_slope_positive;reclaimed_ema8;close_upper_half_range,397.1400146484375,2026-12-18,102,,440.0,,,,,,,,,,,,,0.2529832935560859,,49,927,0,0,0.0004001577155394979,0.005685233594969682,0.2339572346353176,0.5514137781282025,0.007131500427377091,-0.0187886380918586,1.359174931435591,0.019169210511628884,True,False,"SPY: close=770.19, ema50=757.75, above=true; QQQ: close=718.96, ema50=710.45, above=true",,,"short leg illiquid (vol=49, oi=927)",,,,False,"short leg illiquid (vol=49, oi=927)",2026-12-18,0.27945205479452057,0.045,,UNH261218C00440000,,,,,,False,,,9.15,11.8,10.86,10.475000000000001,"mid=avg(bid,ask)",True,0.318518777770996,,0.2327048578833492,,,,,,,,,,,,,,,,,,,,,,,0.5,0.5,2.0,21,399.39784840162355,pullback,bull_continuation,11.0,strong_setup,ema50_above_ema200;ema8_slope_positive;low_near_ema8;low_near_ema21;recent_2_5_day_pullback;relative_strength_positive;volume_above_20d_average;atr_pullback_controlled,close_above_ema21;ema8_above_ema21;ema21_above_ema50;ema21_slope_positive;reclaimed_ema8;close_upper_half_range,397.04998779296875,402.2300109863281,395.20001220703125,397.1400146484375,400.94000244140625,396.98109600742646,399.39784840162355,401.3819852321516,358.76805572184475,0.045405326003105984,-0.22578337531859916,-0.17314165647809432,7.612860543387277,0.27596056589931367,0.0004001577155394979,-0.061755986947076735,QQQ,"SPY,QQQ",50.0,770.1900024414062,757.749642905043,True,718.9600219726562,710.4548482967451,True
UNH,credit,pullup,bear_ema8_rejection,17,strong_setup,NO,LIQUIDITY_REJECT,"short leg illiquid (vol=41, oi=2782)",ema50_below_ema200;ema8_slope_negative;failed_ema8_reclaim,397.1400146484375,2026-12-18,102,,450.0,,,,,,,,,,,,,0.16909620991253657,,41,2782,0,0,0.0004001577155394979,0.005685233594969682,0.6894799857408405,0.37202344224795564,0.007131500427377091,-0.0187886380918586,1.359174931435591,0.019169210511628884,True,False,"SPY: close=770.19, ema50=757.75, above=true; QQQ: close=718.96, ema50=710.45, above=true",,,"short leg illiquid (vol=41, oi=2782)",,,,False,"short leg illiquid (vol=41, oi=2782)",2026-12-18,0.27945205479452057,0.045,,UNH261218C00450000,,,,,,False,,,7.85,9.3,8.74,8.575,"mid=avg(bid,ask)",True,0.3147956704711914,,0.2327048578833492,,,,,,,,,,,,,,,,,,,,,,,0.5,0.5,2.0,21,399.39784840162355,pullup,bear_ema8_rejection,17.0,strong_setup,close_below_ema21;ema8_below_ema21;ema21_below_ema50;ema21_slope_negative;high_near_ema8;high_near_ema21;recent_2_5_day_bounce;close_lower_half_range;relative_weakness_negative;volume_above_20d_average;atr_bounce_controlled,ema50_below_ema200;ema8_slope_negative;failed_ema8_reclaim,397.04998779296875,402.2300109863281,395.20001220703125,397.1400146484375,400.94000244140625,396.98109600742646,399.39784840162355,401.3819852321516,358.76805572184475,0.045405326003105984,-0.22578337531859916,-0.17314165647809432,7.612860543387277,0.27596056589931367,-0.0004001577155394979,-0.061755986947076735,QQQ,"SPY,QQQ",50.0,770.1900024414062,757.749642905043,True,718.9600219726562,710.4548482967451,True
USO,debit,pullback,bull_ema8_pullback,16,strong_setup,NO,LIQUIDITY_REJECT,"short leg illiquid (vol=22, oi=987)",low_near_ema21;reclaimed_ema8;volume_above_20d_average,141.9600067138672,2026-12-18,102,,170.0,,,,,,,,,,,,,0.12987012987012986,,22,987,0,0,0.0310107218057918,0.0666958092104412,0.1173638301021797,1.4319504360148005,0.09099446668390954,0.20888391021538733,0.818610749082872,0.02714548227111737,True,False,"SPY: close=770.19, ema50=757.75, above=true; QQQ: close=718.96, ema50=710.45, above=true",,,"short leg illiquid (vol=22, oi=987)",,,,False,"short leg illiquid (vol=22, oi=987)",2026-12-18,0.27945205479452057,0.045,,USO261218C00170000,,,,,,False,,,5.4,6.15,6.0,5.775,"mid=avg(bid,ask)",True,0.5025684509277344,,0.519619539126561,,,,,,,,,,,,,,,,,,,,,,,0.5,0.5,2.0,21,132.49186919056615,pullback,bull_ema8_pullback,16.0,strong_setup,close_above_ema21;ema8_above_ema21;ema21_above_ema50;ema50_above_ema200;ema8_slope_positive;ema21_slope_positive;low_near_ema8;recent_2_5_day_pullback;close_upper_half_range;relative_strength_positive;atr_pullback_controlled,low_near_ema21;reclaimed_ema8;volume_above_20d_average,140.14999389648438,143.02999877929688,138.00999450683594,141.9600067138672,142.08999633789062,137.55772443811512,132.49186919056615,128.18449828562714,118.33691226426669,1.2577949359291551,0.9468137523300868,0.5622656501322467,3.8535728454589844,0.7868543516387986,0.0310107218057918,0.02060810763749288,QQQ,"SPY,QQQ",50.0,770.1900024414062,757.749642905043,True,718.9600219726562,710.4548482967451,True
USO,credit,pullup,bear_breakdown_retest,2,reject,NO,SETUP_REJECT,setup_score_below_near_miss_threshold,close_below_ema21;ema8_below_ema21;ema21_below_ema50;ema50_below_ema200;ema8_slope_negative;ema21_slope_negative;high_near_ema8;high_near_ema21;failed_ema8_reclaim;close_lower_half_range;relative_weakness_negative;volume_above_20d_average,141.9600067138672,,-1,,,,,,,,,,,,,,,,,0,0,0,0,0.0310107218057918,0.0666958092104412,1.420052133601221,2.734638739513842,0.09099446668390954,0.20888391021538733,0.818610749082872,0.02714548227111737,True,False,"SPY: close=770.19, ema50=757.75, above=true; QQQ: close=718.96, ema50=710.45, above=true",,,setup_score_below_near_miss_threshold,,,SETUP_REJECT,False,setup_score_below_near_miss_threshold,,,0.045,,,,,,,,False,,,,,,,,False,,,,,,,,,,,,,,,,,,,,,,,,,,0.5,0.5,2.0,21,132.49186919056615,pullup,bear_breakdown_retest,2.0,reject,recent_2_5_day_bounce;atr_bounce_controlled,close_below_ema21;ema8_below_ema21;ema21_below_ema50;ema50_below_ema200;ema8_slope_negative;ema21_slope_negative;high_near_ema8;high_near_ema21;failed_ema8_reclaim;close_lower_half_range;relative_weakness_negative;volume_above_20d_average,140.14999389648438,143.02999877929688,138.00999450683594,141.9600067138672,142.08999633789062,137.55772443811512,132.49186919056615,128.18449828562714,118.33691226426669,1.2577949359291551,0.9468137523300868,0.5622656501322467,3.8535728454589844,0.7868543516387986,-0.0310107218057918,0.02060810763749288,QQQ,"SPY,QQQ",50.0,770.1900024414062,757.749642905043,True,718.9600219726562,710.4548482967451,True
UUP,debit,pullback,bull_continuation,11,strong_setup,NO,LIQUIDITY_REJECT,"short leg illiquid (vol=1, oi=260)",close_above_ema21;ema8_above_ema21;ema21_above_ema50;ema8_slope_positive;ema21_slope_positive;reclaimed_ema8,28.079999923706055,2026-12-18,102,,30.0,,,,,,,,,,,,,,,1,260,0,0,0.00020473076485076822,0.000799831685840439,0.5535285623494774,0.7194482302037033,-0.007080069208157291,0.005985358982404709,1.416895037277264,0.003586681004644466,True,False,"SPY: close=770.19, ema50=757.75, above=true; QQQ: close=718.96, ema50=710.45, above=true",,,"short leg illiquid (vol=1, oi=260)",,,,False,"short leg illiquid (vol=1, oi=260)",2026-12-18,0.27945205479452057,0.045,,UUP261218C00030000,,,,,,False,,,0.0,0.15,0.05,0.05,mid=last (no valid bid/ask),False,0.1215908154296875,,0.05231245830756545,,,,,,,,,,,,,,,,,,,,,,,0.5,0.5,2.0,21,28.102459197383432,pullback,bull_continuation,11.0,strong_setup,ema50_above_ema200;low_near_ema8;low_near_ema21;recent_2_5_day_pullback;close_upper_half_range;relative_strength_positive;volume_above_20d_average;atr_pullback_controlled,close_above_ema21;ema8_above_ema21;ema21_above_ema50;ema8_slope_positive;ema21_slope_positive;reclaimed_ema8,28.040000915527344,28.079999923706055,28.030000686645508,28.079999923706055,28.010000228881836,28.085748763567445,28.102459197383432,28.12381568659274,27.85697498288943,-0.0016425256746863681,-0.0022459273677384317,-0.0017883984851714274,0.10071400233677455,1.0,-0.00020473076485076822,-0.035358860589826735,QQQ,"SPY,QQQ",50.0,770.1900024414062,757.749642905043,True,718.9600219726562,710.4548482967451,True
UUP,credit,pullup,bear_ema8_rejection,17,strong_setup,NO,LIQUIDITY_REJECT,"short leg illiquid (vol=1, oi=2)",ema50_below_ema200;failed_ema8_reclaim;close_lower_half_range,28.079999923706055,2026-12-18,102,,33.0,,,,,,,,,,,,,,,1,2,0,0,0.00020473076485076822,0.000799831685840439,0.05708084008186349,0.22300050793608933,-0.007080069208157291,0.005985358982404709,1.416895037277264,0.003586681004644466,True,False,"SPY: close=770.19, ema50=757.75, above=true; QQQ: close=718.96, ema50=710.45, above=true",,,"short leg illiquid (vol=1, oi=2)",,,,False,"short leg illiquid (vol=1, oi=2)",2026-12-18,0.27945205479452057,0.045,,UUP261218C00033000,,,,,,False,,,0.0,0.75,0.05,0.05,mid=last (no valid bid/ask),False,0.38281867187499996,,0.05231245830756545,,,,,,,,,,,,,,,,,,,,,,,0.5,0.5,2.0,21,28.102459197383432,pullup,bear_ema8_rejection,17.0,strong_setup,close_below_ema21;ema8_below_ema21;ema21_below_ema50;ema8_slope_negative;ema21_slope_negative;high_near_ema8;high_near_ema21;recent_2_5_day_bounce;relative_weakness_negative;volume_above_20d_average;atr_bounce_controlled,ema50_below_ema200;failed_ema8_reclaim;close_lower_half_range,28.040000915527344,28.079999923706055,28.030000686645508,28.079999923706055,28.010000228881836,28.085748763567445,28.102459197383432,28.12381568659274,27.85697498288943,-0.0016425256746863681,-0.0022459273677384317,-0.0017883984851714274,0.10071400233677455,1.0,0.00020473076485076822,-0.035358860589826735,QQQ,"SPY,QQQ",50.0,770.1900024414062,757.749642905043,True,718.9600219726562,710.4548482967451,True
UVXY,debit,pullback,bull_continuation,4,near_miss,NO,SETUP_REJECT,near_miss setup; below option evaluation threshold,close_above_ema21;ema8_above_ema21;ema21_above_ema50;ema50_above_ema200;ema8_slope_positive;ema21_slope_positive;low_near_ema8;low_near_ema21;reclaimed_ema8;relative_strength_positive,17.530000686645508,,-1,,,,,,,,,,,,,,,,,0,0,0,0,0.037165023014386706,0.11394139807520086,1.750399165587574,3.869910067031163,-0.05339594038812301,-0.18354758936799176,1.132789497315919,0.03622362829486847,True,False,"SPY: close=770.19, ema50=757.75, above=true; QQQ: close=718.96, ema50=710.45, above=true",,,near_miss setup; below option evaluation threshold,,,SETUP_REJECT,False,near_miss setup; below option evaluation threshold,,,0.045,,,,,,,,False,,,,,,,,False,,,,,,,,,,,,,,,,,,,,,,,,,,0.5,0.5,2.0,21,19.527393473141128,pullback,bull_continuation,4.0,near_miss,recent_2_5_day_pullback;close_upper_half_range;volume_above_20d_average;atr_pullback_controlled,close_above_ema21;ema8_above_ema21;ema21_above_ema50;ema50_above_ema200;ema8_slope_positive;ema21_slope_positive;low_near_ema8;low_near_ema21;reclaimed_ema8;relative_strength_positive,17.1200008392334,17.559999465942383,17.06999969482422,17.530000686645508,17.40999984741211,18.181503565606903,19.527393473141128,22.523103429310545,33.26616357003572,-0.18614367970325674,-0.1997392786495631,-0.20380011194551173,0.6350002288818359,0.9387779728377857,-0.037165023014386706,-0.5095272783129028,QQQ,"SPY,QQQ",50.0,770.1900024414062,757.749642905043,True,718.9600219726562,710.4548482967451,True
UVXY,credit,pullup,bear_continuation,14,strong_setup,NO,LIQUIDITY_REJECT,"short leg illiquid (vol=1, oi=0)",high_near_ema8;high_near_ema21;failed_ema8_reclaim;close_lower_half_range,17.530000686645508,2026-12-18,102,,43.0,,,,,,,,,,,,,1.898305084745763,,1,0,0,0,0.037165023014386706,0.11394139807520086,0.9787462608618566,3.0982571623054453,-0.05339594038812301,-0.18354758936799176,1.132789497315919,0.03622362829486847,True,False,"SPY: close=770.19, ema50=757.75, above=true; QQQ: close=718.96, ema50=710.45, above=true",,,"short leg illiquid (vol=1, oi=0)",,,,False,"short leg illiquid (vol=1, oi=0)",2026-12-18,0.27945205479452057,0.045,,UVXY261218C00043000,,,,,,False,,,0.09,3.45,3.66,1.77,"mid=avg(bid,ask)",True,1.6396502392578123,,0.6674976301351923,,,,,,,,,,,,,,,,,,,,,,,0.5,0.5,2.0,21,19.527393473141128,pullup,bear_continuation,14.0,strong_setup,close_below_ema21;ema8_below_ema21;ema21_below_ema50;ema50_below_ema200;ema8_slope_negative;ema21_slope_negative;recent_2_5_day_bounce;relative_weakness_negative;volume_above_20d_average;atr_bounce_controlled,high_near_ema8;high_near_ema21;failed_ema8_reclaim;close_lower_half_range,17.1200008392334,17.559999465942383,17.06999969482422,17.530000686645508,17.40999984741211,18.181503565606903,19.527393473141128,22.523103429310545,33.26616357003572,-0.18614367970325674,-0.1997392786495631,-0.20380011194551173,0.6350002288818359,0.9387779728377857,0.037165023014386706,-0.5095272783129028,QQQ,"SPY,QQQ",50.0,770.1900024414062,757.749642905043,True,718.9600219726562,710.4548482967451,True
VEEV,debit,pullback,bull_ema8_pullback,14,strong_setup,NO,LIQUIDITY_REJECT,"short leg illiquid (vol=1, oi=119)",low_near_ema21;recent_2_5_day_pullback;reclaimed_ema8;close_upper_half_range;volume_above_20d_average,275.0899963378906,2026-12-18,102,,330.0,,,,,,,,,,,,,0.19905213270142175,,1,119,0,0,0.0038207114333801977,0.06962379227726714,0.03635571309435675,1.4977852312881152,-0.009314106515144638,0.19923345005741522,0.5928849686858343,0.042892461142397996,True,False,"SPY: close=770.19, ema50=757.75, above=true; QQQ: close=718.96, ema50=710.45, above=true",,,"short leg illiquid (vol=1, oi=119)",,,,False,"short leg illiquid (vol=1, oi=119)",2026-12-18,0.27945205479452057,0.045,,VEEV261218C00330000,,,,,,False,,,9.5,11.6,11.7,10.55,"mid=avg(bid,ask)",True,0.4986622399902344,,0.49896405627013046,,,,,,,,,,,,,,,,,,,,,,,0.5,0.5,2.0,21,255.93718757530715,pullback,bull_ema8_pullback,14.0,strong_setup,close_above_ema21;ema8_above_ema21;ema21_above_ema50;ema50_above_ema200;ema8_slope_positive;ema21_slope_positive;low_near_ema8;relative_strength_positive;atr_pullback_controlled,low_near_ema21;recent_2_5_day_pullback;reclaimed_ema8;close_upper_half_range;volume_above_20d_average,279.55999755859375,279.8599853515625,273.6099853515625,275.0899963378906,284.3800048828125,274.03895684367393,255.93718757530715,228.5101824822553,197.98735150311842,0.30029699834761914,1.9152808762583504,1.901216892066742,11.79928697858538,0.2368017578125,0.0038207114333801977,0.6434079760429283,QQQ,"SPY,QQQ",50.0,770.1900024414062,757.749642905043,True,718.9600219726562,710.4548482967451,True
VEEV,credit,pullup,bear_continuation,4,near_miss,NO,SETUP_REJECT,near_miss setup; below option evaluation threshold,close_below_ema21;ema8_below_ema21;ema21_below_ema50;ema50_below_ema200;ema8_slope_negative;ema21_slope_negative;high_near_ema8;high_near_ema21;recent_2_5_day_bounce;failed_ema8_reclaim;volume_above_20d_average,275.0899963378906,,-1,,,,,,,,,,,,,,,,,0,0,0,0,0.0038207114333801977,0.06962379227726714,0.4933373108437146,2.0274782552261867,-0.009314106515144638,0.19923345005741522,0.5928849686858343,0.042892461142397996,True,False,"SPY: close=770.19, ema50=757.75, above=true; QQQ: close=718.96, ema50=710.45, above=true",,,near_miss setup; below option evaluation threshold,,,SETUP_REJECT,False,near_miss setup; below option evaluation threshold,,,0.045,,,,,,,,False,,,,,,,,False,,,,,,,,,,,,,,,,,,,,,,,,,,0.5,0.5,2.0,21,255.93718757530715,pullup,bear_continuation,4.0,near_miss,close_lower_half_range;relative_weakness_negative;atr_bounce_controlled,close_below_ema21;ema8_below_ema21;ema21_below_ema50;ema50_below_ema200;ema8_slope_negative;ema21_slope_negative;high_near_ema8;high_near_ema21;recent_2_5_day_bounce;failed_ema8_reclaim;volume_above_20d_average,279.55999755859375,279.8599853515625,273.6099853515625,275.0899963378906,284.3800048828125,274.03895684367393,255.93718757530715,228.5101824822553,197.98735150311842,0.30029699834761914,1.9152808762583504,1.901216892066742,11.79928697858538,0.2368017578125,-0.0038207114333801977,0.6434079760429283,QQQ,"SPY,QQQ",50.0,770.1900024414062,757.749642905043,True,718.9600219726562,710.4548482967451,True
VERI,debit,pullback,bull_ema8_reclaim,7,watchlist,NO,SETUP_REJECT,watchlist setup; below option evaluation threshold,close_above_ema21;ema8_above_ema21;ema21_above_ema50;ema50_above_ema200;ema21_slope_positive;low_near_ema8;low_near_ema21;recent_2_5_day_pullback;volume_above_20d_average,0.9070000052452087,,-1,,,,,,,,,,,,,,,,,0,0,0,0,0.06295930832054919,0.044693454860633246,0.6396909557918848,1.8914992305191718,0.13306007684106302,-0.30200445494190864,0.6302536364300855,0.08599780441987825,True,False,"SPY: close=770.19, ema50=757.75, above=true; QQQ: close=718.96, ema50=710.45, above=true",,,watchlist setup; below option evaluation threshold,,,SETUP_REJECT,False,watchlist setup; below option evaluation threshold,,,0.045,,,,,,,,False,,,,,,,,False,,,,,,,,,,,,,,,,,,,,,,,,,,0.5,0.5,2.0,21,0.9475369690382296,pullback,bull_ema8_reclaim,7.0,watchlist,ema8_slope_positive;reclaimed_ema8;close_upper_half_range;relative_strength_positive;atr_pullback_controlled,close_above_ema21;ema8_above_ema21;ema21_above_ema50;ema50_above_ema200;ema21_slope_positive;low_near_ema8;low_near_ema21;recent_2_5_day_pullback;volume_above_20d_average,0.8180000185966492,0.9100000262260437,0.800000011920929,0.9070000052452087,0.8240000009536743,0.8498959122682359,0.9475369690382296,1.1443446026420137,1.9421142498422517,0.01631545513627808,-0.004053696379302196,-0.009687534587624613,0.078000009059906,0.9727270855391564,0.06295930832054919,-0.46598816091879103,QQQ,"SPY,QQQ",50.0,770.1900024414062,757.749642905043,True,718.9600219726562,710.4548482967451,True
VERI,credit,pullup,bear_ema8_rejection,11,strong_setup,NO,LIQUIDITY_REJECT,"short leg illiquid (vol=30, oi=214)",ema8_slope_negative;high_near_ema8;high_near_ema21;recent_2_5_day_bounce;failed_ema8_reclaim;close_lower_half_range;volume_above_20d_average,0.9070000052452087,2026-11-20,74,,2.0,,,,,,,,,,,,,,,30,214,0,0,0.06295930832054919,0.044693454860633246,0.7705654740584235,0.4812428006688635,0.13306007684106302,-0.30200445494190864,0.6302536364300855,0.08599780441987825,True,False,"SPY: close=770.19, ema50=757.75, above=true; QQQ: close=718.96, ema50=710.45, above=true",,,"short leg illiquid (vol=30, oi=214)",,,,False,"short leg illiquid (vol=30, oi=214)",2026-11-20,0.20273972602739726,0.045,,VERI261120C00002000,,,,,,False,,,0.0,0.15,0.08,0.08,mid=last (no valid bid/ask),False,1.671876640625,,0.9014723038164054,,,,,,,,,,,,,,,,,,,,,,,0.5,0.5,2.0,21,0.9475369690382296,pullup,bear_ema8_rejection,11.0,strong_setup,close_below_ema21;ema8_below_ema21;ema21_below_ema50;ema50_below_ema200;ema21_slope_negative;relative_weakness_negative;atr_bounce_controlled,ema8_slope_negative;high_near_ema8;high_near_ema21;recent_2_5_day_bounce;failed_ema8_reclaim;close_lower_half_range;volume_above_20d_average,0.8180000185966492,0.9100000262260437,0.800000011920929,0.9070000052452087,0.8240000009536743,0.8498959122682359,0.9475369690382296,1.1443446026420137,1.9421142498422517,0.01631545513627808,-0.004053696379302196,-0.009687534587624613,0.078000009059906,0.9727270855391564,-0.06295930832054919,-0.46598816091879103,QQQ,"SPY,QQQ",50.0,770.1900024414062,757.749642905043,True,718.9600219726562,710.4548482967451,True
VRNS,debit,pullback,bull_breakout_pullback,14,strong_setup,NO,LIQUIDITY_REJECT,"short leg illiquid (vol=1, oi=904)",low_near_ema8;low_near_ema21;reclaimed_ema8;close_upper_half_range,46.09000015258789,2026-12-18,102,,55.0,,,,,,,,,,,,,1.4666666666666668,,1,904,0,0,0.02973364889320985,0.052017158659716504,0.5497837913614004,1.0406066821592024,0.04587662212676169,0.06468239978805668,1.2962262291224846,0.0454003066773968,True,False,"SPY: close=770.19, ema50=757.75, above=true; QQQ: close=718.96, ema50=710.45, above=true",,,"short leg illiquid (vol=1, oi=904)",,,,False,"short leg illiquid (vol=1, oi=904)",2026-12-18,0.27945205479452057,0.045,,VRNS261218C00055000,,,,,,False,,,0.4,2.6,0.77,1.5,"mid=avg(bid,ask)",True,0.5671430004882813,,0.5447671747518997,,,,,,,,,,,,,,,,,,,,,,,0.5,0.5,2.0,21,43.69252930202437,pullback,bull_breakout_pullback,14.0,strong_setup,close_above_ema21;ema8_above_ema21;ema21_above_ema50;ema50_above_ema200;ema8_slope_positive;ema21_slope_positive;recent_2_5_day_pullback;relative_strength_positive;volume_above_20d_average;atr_pullback_controlled,low_near_ema8;low_near_ema21;reclaimed_ema8;close_upper_half_range,46.380001068115234,46.79999923706055,45.869998931884766,46.09000015258789,46.5099983215332,44.719576270562854,43.69252930202437,41.91949328015439,33.16732644055563,0.39154968057858497,0.23974708505635078,0.1702247703034132,2.0925001416887556,0.23656037474261057,0.02973364889320985,0.3644833899531317,QQQ,"SPY,QQQ",50.0,770.1900024414062,757.749642905043,True,718.9600219726562,710.4548482967451,True
VRNS,credit,pullup,bear_breakdown_retest,4,near_miss,NO,SETUP_REJECT,near_miss setup; below option evaluation threshold,close_below_ema21;ema8_below_ema21;ema21_below_ema50;ema50_below_ema200;ema8_slope_negative;ema21_slope_negative;high_near_ema8;high_near_ema21;failed_ema8_reclaim;relative_weakness_negative,46.09000015258789,,-1,,,,,,,,,,,,,,,,,0,0,0,0,0.02973364889320985,0.052017158659716504,0.9942283515539857,1.4850512423517876,0.04587662212676169,0.06468239978805668,1.2962262291224846,0.0454003066773968,True,False,"SPY: close=770.19, ema50=757.75, above=true; QQQ: close=718.96, ema50=710.45, above=true",,,near_miss setup; below option evaluation threshold,,,SETUP_REJECT,False,near_miss setup; below option evaluation threshold,,,0.045,,,,,,,,False,,,,,,,,False,,,,,,,,,,,,,,,,,,,,,,,,,,0.5,0.5,2.0,21,43.69252930202437,pullup,bear_breakdown_retest,4.0,near_miss,recent_2_5_day_bounce;close_lower_half_range;volume_above_20d_average;atr_bounce_controlled,close_below_ema21;ema8_below_ema21;ema21_below_ema50;ema50_below_ema200;ema8_slope_negative;ema21_slope_negative;high_near_ema8;high_near_ema21;failed_ema8_reclaim;relative_weakness_negative,46.380001068115234,46.79999923706055,45.869998931884766,46.09000015258789,46.5099983215332,44.719576270562854,43.69252930202437,41.91949328015439,33.16732644055563,0.39154968057858497,0.23974708505635078,0.1702247703034132,2.0925001416887556,0.23656037474261057,-0.02973364889320985,0.3644833899531317,QQQ,"SPY,QQQ",50.0,770.1900024414062,757.749642905043,True,718.9600219726562,710.4548482967451,True
VRT,debit,pullback,bull_ema21_pullback,10,valid_setup,NO,LIQUIDITY_REJECT,"short leg illiquid (vol=26, oi=301)",ema8_above_ema21;ema21_above_ema50;ema50_above_ema200;low_near_ema8;recent_2_5_day_pullback;reclaimed_ema8;volume_above_20d_average,280.5299987792969,2026-12-18,102,,350.0,,,,,,,,,,,,,0.19580419580419572,,26,301,0,0,0.05099434206840401,0.042541722148023146,0.3857561220472772,0.2019116502073369,0.08768535444809467,0.0354749321698572,0.8310950665469585,0.04597701435232672,True,False,"SPY: close=770.19, ema50=757.75, above=true; QQQ: close=718.96, ema50=710.45, above=true",,,"short leg illiquid (vol=26, oi=301)",,,,False,"short leg illiquid (vol=26, oi=301)",2026-12-18,0.27945205479452057,0.045,,VRT261218C00350000,,,,,,False,,,12.9,15.7,13.65,14.3,"mid=avg(bid,ask)",True,0.5997964825439455,,0.7519976256214834,,,,,,,,,,,,,,,,,,,,,,,0.5,0.5,2.0,21,268.59576951704275,pullback,bull_ema21_pullback,10.0,valid_setup,close_above_ema21;ema8_slope_positive;ema21_slope_positive;low_near_ema21;close_upper_half_range;relative_strength_positive;atr_pullback_controlled,ema8_above_ema21;ema21_above_ema50;ema50_above_ema200;low_near_ema8;recent_2_5_day_pullback;reclaimed_ema8;volume_above_20d_average,273.94500732421875,280.989990234375,271.20001220703125,280.5299987792969,268.8299865722656,266.22455606109645,268.59576951704275,279.5447613181841,280.9256802902075,4.087269348057305,1.1934229262254235,0.040213773923028384,12.897931780133929,0.9530140462222333,0.05099434206840401,-0.03802998467267549,QQQ,"SPY,QQQ",50.0,770.1900024414062,757.749642905043,True,718.9600219726562,710.4548482967451,True
VRT,credit,pullup,bear_continuation,6,watchlist,NO,SETUP_REJECT,watchlist setup; below option evaluation threshold,close_below_ema21;ema8_slope_negative;ema21_slope_negative;high_near_ema8;high_near_ema21;recent_2_5_day_bounce;failed_ema8_reclaim;close_lower_half_range;relative_weakness_negative;volume_above_20d_average,280.5299987792969,,-1,,,,,,,,,,,,,,,,,0,0,0,0,0.05099434206840401,0.042541722148023146,1.1447908412743388,0.9609463694343984,0.08768535444809467,0.0354749321698572,0.8310950665469585,0.04597701435232672,True,False,"SPY: close=770.19, ema50=757.75, above=true; QQQ: close=718.96, ema50=710.45, above=true",,,watchlist setup; below option evaluation threshold,,,SETUP_REJECT,False,watchlist setup; below option evaluation threshold,,,0.045,,,,,,,,False,,,,,,,,False,,,,,,,,,,,,,,,,,,,,,,,,,,0.5,0.5,2.0,21,268.59576951704275,pullup,bear_continuation,6.0,watchlist,ema8_below_ema21;ema21_below_ema50;ema50_below_ema200;atr_bounce_controlled,close_below_ema21;ema8_slope_negative;ema21_slope_negative;high_near_ema8;high_near_ema21;recent_2_5_day_bounce;failed_ema8_reclaim;close_lower_half_range;relative_weakness_negative;volume_above_20d_average,273.94500732421875,280.989990234375,271.20001220703125,280.5299987792969,268.8299865722656,266.22455606109645,268.59576951704275,279.5447613181841,280.9256802902075,4.087269348057305,1.1934229262254235,0.040213773923028384,12.897931780133929,0.9530140462222333,-0.05099434206840401,-0.03802998467267549,QQQ,"SPY,QQQ",50.0,770.1900024414062,757.749642905043,True,718.9600219726562,710.4548482967451,True
VST,debit,pullback,bull_ema8_pullback,13,strong_setup,NO,LIQUIDITY_REJECT,"short leg illiquid (vol=3, oi=426)",ema8_above_ema21;ema21_above_ema50;ema50_above_ema200;recent_2_5_day_pullback;reclaimed_ema8,149.3000030517578,2026-12-18,102,,175.0,,,,,,,,,,,,,0.05633802816901401,,3,426,0,0,0.044489049429733356,0.041919376423981296,0.10296883665802185,0.024308990840878737,0.08553418904137611,0.06758234520689943,1.1665679561598528,0.032668167335665244,True,False,"SPY: close=770.19, ema50=757.75, above=true; QQQ: close=718.96, ema50=710.45, above=true",,,"short leg illiquid (vol=3, oi=426)",,,,False,"short leg illiquid (vol=3, oi=426)",2026-12-18,0.27945205479452057,0.045,,VST261218C00175000,,,,,,False,,,6.9,7.3,6.79,7.1,"mid=avg(bid,ask)",True,0.5023853472900393,,0.44256725682300946,,,,,,,,,,,,,,,,,,,,,,,0.5,0.5,2.0,21,143.04144002372962,pullback,bull_ema8_pullback,13.0,strong_setup,close_above_ema21;ema8_slope_positive;ema21_slope_positive;low_near_ema8;low_near_ema21;close_upper_half_range;relative_strength_positive;volume_above_20d_average;atr_pullback_controlled,ema8_above_ema21;ema21_above_ema50;ema50_above_ema200;recent_2_5_day_pullback;reclaimed_ema8,143.8699951171875,149.4499969482422,143.16000366210938,149.3000030517578,144.22000122070312,142.65778783612882,143.04144002372962,147.18558477956563,156.03447343370198,1.8977757758939902,0.6258563028028163,0.08630278662010937,4.877357482910156,0.9761535681103097,0.044489049429733356,0.04123877019319133,QQQ,"SPY,QQQ",50.0,770.1900024414062,757.749642905043,True,718.9600219726562,710.4548482967451,True
VST,credit,pullup,bear_continuation,7,watchlist,NO,SETUP_REJECT,watchlist setup; below option evaluation threshold,close_below_ema21;ema8_slope_negative;ema21_slope_negative;high_near_ema8;high_near_ema21;recent_2_5_day_bounce;failed_ema8_reclaim;close_lower_half_range;relative_weakness_negative,149.3000030517578,,-1,,,,,,,,,,,,,,,,,0,0,0,0,0.044489049429733356,0.041919376423981296,1.3926002217210218,1.3139403759038788,0.08553418904137611,0.06758234520689943,1.1665679561598528,0.032668167335665244,True,False,"SPY: close=770.19, ema50=757.75, above=true; QQQ: close=718.96, ema50=710.45, above=true",,,watchlist setup; below option evaluation threshold,,,SETUP_REJECT,False,watchlist setup; below option evaluation threshold,,,0.045,,,,,,,,False,,,,,,,,False,,,,,,,,,,,,,,,,,,,,,,,,,,0.5,0.5,2.0,21,143.04144002372962,pullup,bear_continuation,7.0,watchlist,ema8_below_ema21;ema21_below_ema50;ema50_below_ema200;volume_above_20d_average;atr_bounce_controlled,close_below_ema21;ema8_slope_negative;ema21_slope_negative;high_near_ema8;high_near_ema21;recent_2_5_day_bounce;failed_ema8_reclaim;close_lower_half_range;relative_weakness_negative,143.8699951171875,149.4499969482422,143.16000366210938,149.3000030517578,144.22000122070312,142.65778783612882,143.04144002372962,147.18558477956563,156.03447343370198,1.8977757758939902,0.6258563028028163,0.08630278662010937,4.877357482910156,0.9761535681103097,-0.044489049429733356,0.04123877019319133,QQQ,"SPY,QQQ",50.0,770.1900024414062,757.749642905043,True,718.9600219726562,710.4548482967451,True
VXX,debit,pullback,bull_ema8_reclaim,3,reject,NO,SETUP_REJECT,setup_score_below_near_miss_threshold,close_above_ema21;ema8_above_ema21;ema21_above_ema50;ema50_above_ema200;ema8_slope_positive;ema21_slope_positive;low_near_ema8;low_near_ema21;reclaimed_ema8;relative_strength_positive;volume_above_20d_average,17.719999313354492,,-1,,,,,,,,,,,,,,,,,0,0,0,0,0.023608862592680406,0.07047173212877732,1.7287249764593802,3.713318385185202,-0.03838989695323425,-0.12232367800229749,0.784326182203295,0.02361333527061571,True,False,"SPY: close=770.19, ema50=757.75, above=true; QQQ: close=718.96, ema50=710.45, above=true",,,setup_score_below_near_miss_threshold,,,SETUP_REJECT,False,setup_score_below_near_miss_threshold,,,0.045,,,,,,,,False,,,,,,,,False,,,,,,,,,,,,,,,,,,,,,,,,,,0.5,0.5,2.0,21,18.968758358287328,pullback,bull_ema8_reclaim,3.0,reject,recent_2_5_day_pullback;close_upper_half_range;atr_pullback_controlled,close_above_ema21;ema8_above_ema21;ema21_above_ema50;ema50_above_ema200;ema8_slope_positive;ema21_slope_positive;low_near_ema8;low_near_ema21;reclaimed_ema8;relative_strength_positive;volume_above_20d_average,17.5,17.739999771118164,17.415000915527344,17.719999313354492,17.6200008392334,18.13834834228587,18.968758358287328,20.66465540023182,26.04288251799777,-0.11952829398039455,-0.12487590449328323,-0.12019004436233871,0.41842828478131977,0.9384599132593475,-0.023608862592680406,-0.370263025648198,QQQ,"SPY,QQQ",50.0,770.1900024414062,757.749642905043,True,718.9600219726562,710.4548482967451,True
VXX,credit,pullup,bear_ema8_rejection,13,strong_setup,NO,LIQUIDITY_REJECT,"short leg illiquid (vol=2, oi=56)",high_near_ema8;high_near_ema21;failed_ema8_reclaim;close_lower_half_range;volume_above_20d_average,17.719999313354492,2026-12-18,102,,26.0,,,,,,,,,,,,,0.277511961722488,,2,56,0,0,0.023608862592680406,0.07047173212877732,0.9520115767888196,2.936604985514642,-0.03838989695323425,-0.12232367800229749,0.784326182203295,0.02361333527061571,True,False,"SPY: close=770.19, ema50=757.75, above=true; QQQ: close=718.96, ema50=710.45, above=true",,,"short leg illiquid (vol=2, oi=56)",,,,False,"short leg illiquid (vol=2, oi=56)",2026-12-18,0.27945205479452057,0.045,,VXX261218C00026000,,,,,,False,,,0.9,1.19,1.0,1.045,"mid=avg(bid,ask)",True,0.8476577734374999,,0.44392401503049356,,,,,,,,,,,,,,,,,,,,,,,0.5,0.5,2.0,21,18.968758358287328,pullup,bear_ema8_rejection,13.0,strong_setup,close_below_ema21;ema8_below_ema21;ema21_below_ema50;ema50_below_ema200;ema8_slope_negative;ema21_slope_negative;recent_2_5_day_bounce;relative_weakness_negative;atr_bounce_controlled,high_near_ema8;high_near_ema21;failed_ema8_reclaim;close_lower_half_range;volume_above_20d_average,17.5,17.739999771118164,17.415000915527344,17.719999313354492,17.6200008392334,18.13834834228587,18.968758358287328,20.66465540023182,26.04288251799777,-0.11952829398039455,-0.12487590449328323,-0.12019004436233871,0.41842828478131977,0.9384599132593475,0.023608862592680406,-0.370263025648198,QQQ,"SPY,QQQ",50.0,770.1900024414062,757.749642905043,True,718.9600219726562,710.4548482967451,True
WDAY,debit,pullback,bull_ema8_pullback,11,strong_setup,NO,LIQUIDITY_REJECT,"short leg illiquid (vol=3, oi=359)",ema8_slope_positive;low_near_ema8;low_near_ema21;recent_2_5_day_pullback;reclaimed_ema8;close_upper_half_range;volume_above_20d_average,195.7899932861328,2026-12-18,102,,230.0,,,,,,,,,,,,,0.28235294117647053,,3,359,0,0,0.015903451642109653,0.02409560220051077,0.40111462761794325,0.49544117241094726,-0.04715203307226479,0.095531091201842,0.5742093920713677,0.04461412646187945,True,False,"SPY: close=770.19, ema50=757.75, above=true; QQQ: close=718.96, ema50=710.45, above=true",,,"short leg illiquid (vol=3, oi=359)",,,,False,"short leg illiquid (vol=3, oi=359)",2026-12-18,0.27945205479452057,0.045,,WDAY261218C00230000,,,,,,False,,,7.3,9.7,8.5,8.5,"mid=avg(bid,ask)",True,0.5089770782470704,,0.6670409823975479,,,,,,,,,,,,,,,,,,,,,,,0.5,0.5,2.0,21,191.07231549306948,pullback,bull_ema8_pullback,11.0,strong_setup,close_above_ema21;ema8_above_ema21;ema21_above_ema50;ema50_above_ema200;ema21_slope_positive;relative_strength_positive;atr_pullback_controlled,ema8_slope_positive;low_near_ema8;low_near_ema21;recent_2_5_day_pullback;reclaimed_ema8;close_upper_half_range;volume_above_20d_average,206.94000244140625,206.94000244140625,195.39999389648438,195.7899932861328,206.9199981689453,198.9037299763678,191.07231549306948,172.87179045010274,149.8584633704403,-0.8896390543528696,0.47176777930633307,0.9354368504502304,8.734999520438057,0.0337954160198655,-0.015903451642109653,0.3878095502664989,QQQ,"SPY,QQQ",50.0,770.1900024414062,757.749642905043,True,718.9600219726562,710.4548482967451,True
WDAY,credit,pullup,bear_failed_reclaim,5,near_miss,NO,SETUP_REJECT,near_miss setup; below option evaluation threshold,close_below_ema21;ema8_below_ema21;ema21_below_ema50;ema50_below_ema200;ema21_slope_negative;high_near_ema8;high_near_ema21;recent_2_5_day_bounce;failed_ema8_reclaim;volume_above_20d_average,195.7899932861328,,-1,,,,,,,,,,,,,,,,,0,0,0,0,0.015903451642109653,0.02409560220051077,0.9200083464498501,1.8165641464787405,-0.04715203307226479,0.095531091201842,0.5742093920713677,0.04461412646187945,True,False,"SPY: close=770.19, ema50=757.75, above=true; QQQ: close=718.96, ema50=710.45, above=true",,,near_miss setup; below option evaluation threshold,,,SETUP_REJECT,False,near_miss setup; below option evaluation threshold,,,0.045,,,,,,,,False,,,,,,,,False,,,,,,,,,,,,,,,,,,,,,,,,,,0.5,0.5,2.0,21,191.07231549306948,pullup,bear_failed_reclaim,5.0,near_miss,ema8_slope_negative;close_lower_half_range;relative_weakness_negative;atr_bounce_controlled,close_below_ema21;ema8_below_ema21;ema21_below_ema50;ema50_below_ema200;ema21_slope_negative;high_near_ema8;high_near_ema21;recent_2_5_day_bounce;failed_ema8_reclaim;volume_above_20d_average,206.94000244140625,206.94000244140625,195.39999389648438,195.7899932861328,206.9199981689453,198.9037299763678,191.07231549306948,172.87179045010274,149.8584633704403,-0.8896390543528696,0.47176777930633307,0.9354368504502304,8.734999520438057,0.0337954160198655,0.015903451642109653,0.3878095502664989,QQQ,"SPY,QQQ",50.0,770.1900024414062,757.749642905043,True,718.9600219726562,710.4548482967451,True
WDC,debit,pullback,bull_continuation,8,valid_setup,NO,LIQUIDITY_REJECT,"short leg illiquid (vol=11, oi=63)",close_above_ema21;ema8_above_ema21;ema21_above_ema50;ema21_slope_positive;low_near_ema8;low_near_ema21;recent_2_5_day_pullback;volume_above_20d_average,467.4599914550781,2026-12-18,102,,610.0,,,,,,,,,,,,,0.16095617529880468,,11,63,0,0,0.02415183474603234,0.002379825481278045,0.5138347199172025,0.9683881005062107,0.013902403044671496,0.08198186073050062,0.8965147121848009,0.05836863470893293,True,False,"SPY: close=770.19, ema50=757.75, above=true; QQQ: close=718.96, ema50=710.45, above=true",,,"short leg illiquid (vol=11, oi=63)",,,,False,"short leg illiquid (vol=11, oi=63)",2026-12-18,0.27945205479452057,0.045,,WDC261218C00610000,,,,,,False,,,28.85,33.9,20.63,31.375,"mid=avg(bid,ask)",True,0.7460047372436523,,0.9940359116391735,,,,,,,,,,,,,,,,,,,,,,,0.5,0.5,2.0,21,468.57246465422094,pullback,bull_continuation,8.0,valid_setup,ema50_above_ema200;ema8_slope_positive;reclaimed_ema8;close_upper_half_range;relative_strength_positive;atr_pullback_controlled,close_above_ema21;ema8_above_ema21;ema21_above_ema50;ema21_slope_positive;low_near_ema8;low_near_ema21;recent_2_5_day_pullback;volume_above_20d_average,452.2200012207031,468.19000244140625,442.1499938964844,467.4599914550781,441.57000732421875,456.1699749910734,468.57246465422094,489.73628462588755,419.7498795716703,3.225718989715631,-0.11124731991429826,-0.9092364559513726,27.285001482282365,0.9719657931344847,0.02415183474603234,-0.08260360643458153,QQQ,"SPY,QQQ",50.0,770.1900024414062,757.749642905043,True,718.9600219726562,710.4548482967451,True
WDC,credit,pullup,bear_ema21_rejection,10,valid_setup,NO,LIQUIDITY_REJECT,"short leg illiquid (vol=9, oi=118)",ema50_below_ema200;ema8_slope_negative;high_near_ema8;recent_2_5_day_bounce;failed_ema8_reclaim;close_lower_half_range;relative_weakness_negative;volume_above_20d_average,467.4599914550781,2026-12-18,102,,650.0,,,,,,,,,,,,,0.25680933852140087,,9,118,0,0,0.02415183474603234,0.002379825481278045,0.440536074668646,0.014017305920362166,0.013902403044671496,0.08198186073050062,0.8965147121848009,0.05836863470893293,True,False,"SPY: close=770.19, ema50=757.75, above=true; QQQ: close=718.96, ema50=710.45, above=true",,,"short leg illiquid (vol=9, oi=118)",,,,False,"short leg illiquid (vol=9, oi=118)",2026-12-18,0.27945205479452057,0.045,,WDC261218C00650000,,,,,,False,,,22.4,29.0,20.9,25.7,"mid=avg(bid,ask)",True,0.7603478555297852,,0.9940359116391735,,,,,,,,,,,,,,,,,,,,,,,0.5,0.5,2.0,21,468.57246465422094,pullup,bear_ema21_rejection,10.0,valid_setup,close_below_ema21;ema8_below_ema21;ema21_below_ema50;ema21_slope_negative;high_near_ema21;atr_bounce_controlled,ema50_below_ema200;ema8_slope_negative;high_near_ema8;recent_2_5_day_bounce;failed_ema8_reclaim;close_lower_half_range;relative_weakness_negative;volume_above_20d_average,452.2200012207031,468.19000244140625,442.1499938964844,467.4599914550781,441.57000732421875,456.1699749910734,468.57246465422094,489.73628462588755,419.7498795716703,3.225718989715631,-0.11124731991429826,-0.9092364559513726,27.285001482282365,0.9719657931344847,-0.02415183474603234,-0.08260360643458153,QQQ,"SPY,QQQ",50.0,770.1900024414062,757.749642905043,True,718.9600219726562,710.4548482967451,True
XBI,debit,pullback,bull_ema8_pullback,17,strong_setup,NO,LIQUIDITY_REJECT,"short leg illiquid (vol=0, oi=1)",ema8_slope_positive;reclaimed_ema8;volume_above_20d_average,163.80999755859375,2026-12-18,102,,183.0,,,,,,,,,,,,,0.345679012345679,,0,1,0,0,0.0029763425927915414,0.009826057089379135,0.40679149242159107,0.0704559083053891,0.005275018223765304,0.04655178170928076,0.4728761807454972,0.026825499023502425,True,False,"SPY: close=770.19, ema50=757.75, above=true; QQQ: close=718.96, ema50=710.45, above=true",,,"short leg illiquid (vol=0, oi=1)",,,,False,"short leg illiquid (vol=0, oi=1)",2026-12-18,0.27945205479452057,0.045,,XBI261218C00183000,,,,,,False,,,3.35,4.75,5.84,4.05,"mid=avg(bid,ask)",True,0.3266668896484375,,0.29359334921124897,,,,,,,,,,,,,,,,,,,,,,,0.5,0.5,2.0,21,162.20039117077195,pullback,bull_ema8_pullback,17.0,strong_setup,close_above_ema21;ema8_above_ema21;ema21_above_ema50;ema50_above_ema200;ema21_slope_positive;low_near_ema8;low_near_ema21;recent_2_5_day_pullback;close_upper_half_range;relative_strength_positive;atr_pullback_controlled,ema8_slope_positive;reclaimed_ema8;volume_above_20d_average,162.74000549316406,164.35000610351562,162.50999450683594,163.80999755859375,164.3800048828125,164.29755223145247,162.20039117077195,156.5389803368566,140.31410792023502,-0.13930133510248766,0.16096063878217137,0.29677621313214786,4.394284929547991,0.7065189448282153,-0.0029763425927915414,0.23489476109826413,QQQ,"SPY,QQQ",50.0,770.1900024414062,757.749642905043,True,718.9600219726562,710.4548482967451,True
XBI,credit,pullup,bear_failed_reclaim,7,watchlist,NO,SETUP_REJECT,watchlist setup; below option evaluation threshold,close_below_ema21;ema8_below_ema21;ema21_below_ema50;ema50_below_ema200;ema21_slope_negative;failed_ema8_reclaim;close_lower_half_range;relative_weakness_negative;volume_above_20d_average,163.80999755859375,,-1,,,,,,,,,,,,,,,,,0,0,0,0,0.0029763425927915414,0.009826057089379135,0.01193683907714868,0.48918423980412884,0.005275018223765304,0.04655178170928076,0.4728761807454972,0.026825499023502425,True,False,"SPY: close=770.19, ema50=757.75, above=true; QQQ: close=718.96, ema50=710.45, above=true",,,watchlist setup; below option evaluation threshold,,,SETUP_REJECT,False,watchlist setup; below option evaluation threshold,,,0.045,,,,,,,,False,,,,,,,,False,,,,,,,,,,,,,,,,,,,,,,,,,,0.5,0.5,2.0,21,162.20039117077195,pullup,bear_failed_reclaim,7.0,watchlist,ema8_slope_negative;high_near_ema8;high_near_ema21;recent_2_5_day_bounce;atr_bounce_controlled,close_below_ema21;ema8_below_ema21;ema21_below_ema50;ema50_below_ema200;ema21_slope_negative;failed_ema8_reclaim;close_lower_half_range;relative_weakness_negative;volume_above_20d_average,162.74000549316406,164.35000610351562,162.50999450683594,163.80999755859375,164.3800048828125,164.29755223145247,162.20039117077195,156.5389803368566,140.31410792023502,-0.13930133510248766,0.16096063878217137,0.29677621313214786,4.394284929547991,0.7065189448282153,0.0029763425927915414,0.23489476109826413,QQQ,"SPY,QQQ",50.0,770.1900024414062,757.749642905043,True,718.9600219726562,710.4548482967451,True
XHB,debit,pullback,bull_ema8_reclaim,9,valid_setup,NO,LIQUIDITY_REJECT,"short leg illiquid (vol=4, oi=6)",close_above_ema21;ema8_above_ema21;ema21_above_ema50;ema50_above_ema200;ema21_slope_positive;low_near_ema21;relative_strength_positive,103.25,2026-12-18,102,,121.0,,,,,,,,,,,,,,,4,6,0,0,0.00015306954158822412,0.018047540132190634,0.6855777079434896,1.5654762535837037,-0.016437735021902267,-0.06251172129198002,1.0029167455123227,0.02068489573481008,True,False,"SPY: close=770.19, ema50=757.75, above=true; QQQ: close=718.96, ema50=710.45, above=true",,,"short leg illiquid (vol=4, oi=6)",,,,False,"short leg illiquid (vol=4, oi=6)",2026-12-18,0.27945205479452057,0.045,,XHB261218C00121000,,,,,,False,,,0.0,4.8,1.63,1.63,mid=last (no valid bid/ask),False,0.489384989013672,,0.3043330131880291,,,,,,,,,,,,,,,,,,,,,,,0.5,0.5,2.0,21,105.11340851864868,pullback,bull_ema8_reclaim,9.0,valid_setup,ema8_slope_positive;low_near_ema8;recent_2_5_day_pullback;reclaimed_ema8;close_upper_half_range;volume_above_20d_average;atr_pullback_controlled,close_above_ema21;ema8_above_ema21;ema21_above_ema50;ema50_above_ema200;ema21_slope_positive;low_near_ema21;relative_strength_positive,101.83999633789062,103.52999877929688,101.7699966430664,103.25,102.2699966430664,103.23419556983102,105.11340851864868,106.33383630635976,106.47256747416826,0.004515551476856672,-0.1863408518648697,-0.1258708696473292,2.1357154846191406,0.8409099775886808,0.00015306954158822412,-0.03865108790327998,QQQ,"SPY,QQQ",50.0,770.1900024414062,757.749642905043,True,718.9600219726562,710.4548482967451,True
XHB,credit,pullup,bear_ema8_rejection,15,strong_setup,NO,LIQUIDITY_REJECT,"short leg illiquid (vol=2, oi=13)",ema8_slope_negative;high_near_ema21;failed_ema8_reclaim;close_lower_half_range,103.25,2026-12-18,102,,135.0,,,,,,,,,,,,,,,2,13,0,0,0.00015306954158822412,0.018047540132190634,0.13850309725061966,0.7413954483895945,-0.016437735021902267,-0.06251172129198002,1.0029167455123227,0.02068489573481008,True,False,"SPY: close=770.19, ema50=757.75, above=true; QQQ: close=718.96, ema50=710.45, above=true",,,"short leg illiquid (vol=2, oi=13)",,,,False,"short leg illiquid (vol=2, oi=13)",2026-12-18,0.27945205479452057,0.045,,XHB261218C00135000,,,,,,False,,,0.0,4.8,0.63,0.63,mid=last (no valid bid/ask),False,0.6355016918945313,,0.3043330131880291,,,,,,,,,,,,,,,,,,,,,,,0.5,0.5,2.0,21,105.11340851864868,pullup,bear_ema8_rejection,15.0,strong_setup,close_below_ema21;ema8_below_ema21;ema21_below_ema50;ema50_below_ema200;ema21_slope_negative;high_near_ema8;recent_2_5_day_bounce;relative_weakness_negative;volume_above_20d_average;atr_bounce_controlled,ema8_slope_negative;high_near_ema21;failed_ema8_reclaim;close_lower_half_range,101.83999633789062,103.52999877929688,101.7699966430664,103.25,102.2699966430664,103.23419556983102,105.11340851864868,106.33383630635976,106.47256747416826,0.004515551476856672,-0.1863408518648697,-0.1258708696473292,2.1357154846191406,0.8409099775886808,-0.00015306954158822412,-0.03865108790327998,QQQ,"SPY,QQQ",50.0,770.1900024414062,757.749642905043,True,718.9600219726562,710.4548482967451,True
XLC,debit,pullback,bull_ema8_pullback,15,strong_setup,NO,LIQUIDITY_REJECT,"short leg illiquid (vol=1, oi=4)",ema50_above_ema200;ema8_slope_positive;reclaimed_ema8;close_upper_half_range;volume_above_20d_average,112.02999877929688,2026-12-18,102,,131.0,,,,,,,,,,,,,,,1,4,0,0,0.0012695363120242963,0.00300286203957941,0.19453712714825896,0.11873613796695803,-0.012027758836446134,0.012640323580432544,0.674555203876385,0.013637928375510706,True,False,"SPY: close=770.19, ema50=757.75, above=true; QQQ: close=718.96, ema50=710.45, above=true",,,"short leg illiquid (vol=1, oi=4)",,,,False,"short leg illiquid (vol=1, oi=4)",2026-12-18,0.27945205479452057,0.045,,XLC261218C00131000,,,,,,False,,,0.0,4.8,0.8,0.8,mid=last (no valid bid/ask),False,0.4669242761230469,,0.19964510492087847,,,,,,,,,,,,,,,,,,,,,,,0.5,0.5,2.0,21,111.6935881486684,pullback,bull_ema8_pullback,15.0,strong_setup,close_above_ema21;ema8_above_ema21;ema21_above_ema50;ema21_slope_positive;low_near_ema8;low_near_ema21;recent_2_5_day_pullback;relative_strength_positive;atr_pullback_controlled,ema50_above_ema200;ema8_slope_positive;reclaimed_ema8;close_upper_half_range;volume_above_20d_average,113.125,113.29000091552734,111.875,112.02999877929688,113.37999725341797,112.17222493078323,111.6935881486684,111.4028473644545,113.90624393948866,-0.0406360432818218,0.03364106306283077,0.0255980169323351,1.5278570992606026,0.10953970248076478,-0.0012695363120242963,-0.02724007282269092,QQQ,"SPY,QQQ",50.0,770.1900024414062,757.749642905043,True,718.9600219726562,710.4548482967451,True
XLC,credit,pullup,bear_failed_reclaim,11,strong_setup,NO,LIQUIDITY_REJECT,"short leg illiquid (vol=1, oi=2)",close_below_ema21;ema8_below_ema21;ema21_below_ema50;ema21_slope_negative;failed_ema8_reclaim;volume_above_20d_average,112.02999877929688,2026-12-18,102,,145.0,,,,,,,,,,,,,,,1,2,0,0,0.0012695363120242963,0.00300286203957941,0.7315972058414723,1.0448704709566892,-0.012027758836446134,0.012640323580432544,0.674555203876385,0.013637928375510706,True,False,"SPY: close=770.19, ema50=757.75, above=true; QQQ: close=718.96, ema50=710.45, above=true",,,"short leg illiquid (vol=1, oi=2)",,,,False,"short leg illiquid (vol=1, oi=2)",2026-12-18,0.27945205479452057,0.045,,XLC261218C00145000,,,,,,False,,,0.0,4.8,0.1,0.1,mid=last (no valid bid/ask),False,0.6016885534667971,,0.19964510492087847,,,,,,,,,,,,,,,,,,,,,,,0.5,0.5,2.0,21,111.6935881486684,pullup,bear_failed_reclaim,11.0,strong_setup,ema50_below_ema200;ema8_slope_negative;high_near_ema8;high_near_ema21;recent_2_5_day_bounce;close_lower_half_range;relative_weakness_negative;atr_bounce_controlled,close_below_ema21;ema8_below_ema21;ema21_below_ema50;ema21_slope_negative;failed_ema8_reclaim;volume_above_20d_average,113.125,113.29000091552734,111.875,112.02999877929688,113.37999725341797,112.17222493078323,111.6935881486684,111.4028473644545,113.90624393948866,-0.0406360432818218,0.03364106306283077,0.0255980169323351,1.5278570992606026,0.10953970248076478,0.0012695363120242963,-0.02724007282269092,QQQ,"SPY,QQQ",50.0,770.1900024414062,757.749642905043,True,718.9600219726562,710.4548482967451,True
XLE,debit,pullback,bull_ema8_pullback,19,strong_setup,NO,PRICING_REJECT,spread mid/width too high (32.4%>20.0%),reclaimed_ema8,64.05999755859375,2026-12-18,102,65.0,70.0,5.0,1.6199999999999997,1.7999999999999998,0.18000000000000016,81.98780216781583,good,0.32399999999999995,,,,,,0.07073954983922835,0.07874015748031496,171,7535,402,38254,0.002055971782911519,0.02325517978250884,0.48552031882673613,0.7170289854774692,0.0184851086181681,0.1197160126604887,1.0229736835857053,0.01762855620449024,True,False,"SPY: close=770.19, ema50=757.75, above=true; QQQ: close=718.96, ema50=710.45, above=true",,,spread mid/width too high (32.4%>20.0%),,,PRICING_REJECT,False,spread mid/width too high (32.4%>20.0%),2026-12-18,0.27945205479452057,0.045,XLE261218C00065000,XLE261218C00070000,3.05,3.3,3.28,3.175,"mid=avg(bid,ask)",True,0.2745433874511719,,1.5,1.61,1.57,1.5550000000000002,"mid=avg(bid,ask)",True,0.27332269653320307,,0.22175384818827384,,,,,,,,,,,,,,,,,,,,,,,0.5,0.5,2.0,21,62.570270798501575,pullback,bull_ema8_pullback,19.0,strong_setup,close_above_ema21;ema8_above_ema21;ema21_above_ema50;ema50_above_ema200;ema8_slope_positive;ema21_slope_positive;low_near_ema8;low_near_ema21;recent_2_5_day_pullback;close_upper_half_range;relative_strength_positive;volume_above_20d_average;atr_pullback_controlled,reclaimed_ema8,64.04000091552734,64.33000183105469,63.380001068115234,64.05999755859375,64.62000274658203,63.9282920111999,62.570270798501575,60.465862091223094,58.09931153586481,0.03763015639824374,0.14897267600921538,0.146699406831452,1.1292852674211775,0.7157852046081506,0.002055971782911519,0.06331404354299663,QQQ,"SPY,QQQ",50.0,770.1900024414062,757.749642905043,True,718.9600219726562,710.4548482967451,True
XLE,credit,pullup,bear_breakdown_retest,5,near_miss,NO,SETUP_REJECT,near_miss setup; below option evaluation threshold,close_below_ema21;ema8_below_ema21;ema21_below_ema50;ema50_below_ema200;ema8_slope_negative;ema21_slope_negative;high_near_ema21;failed_ema8_reclaim;close_lower_half_range;relative_weakness_negative,64.05999755859375,,-1,,,,,,,,,,,,,,,,,0,0,0,0,0.002055971782911519,0.02325517978250884,0.3557204113466625,1.5582697156508678,0.0184851086181681,0.1197160126604887,1.0229736835857053,0.01762855620449024,True,False,"SPY: close=770.19, ema50=757.75, above=true; QQQ: close=718.96, ema50=710.45, above=true",,,near_miss setup; below option evaluation threshold,,,SETUP_REJECT,False,near_miss setup; below option evaluation threshold,,,0.045,,,,,,,,False,,,,,,,,False,,,,,,,,,,,,,,,,,,,,,,,,,,0.5,0.5,2.0,21,62.570270798501575,pullup,bear_breakdown_retest,5.0,near_miss,high_near_ema8;recent_2_5_day_bounce;volume_above_20d_average;atr_bounce_controlled,close_below_ema21;ema8_below_ema21;ema21_below_ema50;ema50_below_ema200;ema8_slope_negative;ema21_slope_negative;high_near_ema21;failed_ema8_reclaim;close_lower_half_range;relative_weakness_negative,64.04000091552734,64.33000183105469,63.380001068115234,64.05999755859375,64.62000274658203,63.9282920111999,62.570270798501575,60.465862091223094,58.09931153586481,0.03763015639824374,0.14897267600921538,0.146699406831452,1.1292852674211775,0.7157852046081506,-0.002055971782911519,0.06331404354299663,QQQ,"SPY,QQQ",50.0,770.1900024414062,757.749642905043,True,718.9600219726562,710.4548482967451,True
XLF,debit,pullback,bull_ema8_pullback,17,strong_setup,NO,LIQUIDITY_REJECT,"short leg illiquid (vol=1, oi=5738)",reclaimed_ema8;close_upper_half_range;volume_above_20d_average,58.099998474121094,2026-12-18,102,,66.0,,,,,,,,,,,,,,,1,5738,0,0,0.0025110016213515393,0.0066147425608039075,0.05096643194353159,0.30527495696137713,-0.0035314396699468453,0.014309654383500514,0.9498028754888005,0.011519551257273414,True,False,"SPY: close=770.19, ema50=757.75, above=true; QQQ: close=718.96, ema50=710.45, above=true",,,"short leg illiquid (vol=1, oi=5738)",,,,False,"short leg illiquid (vol=1, oi=5738)",2026-12-18,0.27945205479452057,0.045,,XLF261218C00066000,,,,,,False,,,0.0,2.34,0.22,0.22,mid=last (no valid bid/ask),False,0.4116269775390625,,0.12753964196344794,,,,,,,,,,,,,,,,,,,,,,,0.5,0.5,2.0,21,57.71568194143168,pullback,bull_ema8_pullback,17.0,strong_setup,close_above_ema21;ema8_above_ema21;ema21_above_ema50;ema50_above_ema200;ema8_slope_positive;ema21_slope_positive;low_near_ema8;low_near_ema21;recent_2_5_day_pullback;relative_strength_positive;atr_pullback_controlled,reclaimed_ema8;close_upper_half_range;volume_above_20d_average,58.040000915527344,58.380001068115234,57.91999816894531,58.099998474121094,58.560001373291016,57.954109283752054,57.71568194143168,56.68093058356465,53.604253260533085,0.041682625819724706,0.03843165326893683,0.05792113839005708,0.6692859104701451,0.39130254505046147,0.0025110016213515393,0.07595909347277052,QQQ,"SPY,QQQ",50.0,770.1900024414062,757.749642905043,True,718.9600219726562,710.4548482967451,True
XLF,credit,pullup,bear_continuation,9,valid_setup,NO,LIQUIDITY_REJECT,"short leg illiquid (vol=1, oi=285)",close_below_ema21;ema8_below_ema21;ema21_below_ema50;ema50_below_ema200;ema8_slope_negative;ema21_slope_negative;failed_ema8_reclaim;volume_above_20d_average,58.099998474121094,2026-12-18,102,,71.0,,,,,,,,,,,,,,,1,285,0,0,0.0025110016213515393,0.0066147425608039075,0.6363375916041766,0.9925789805090853,-0.0035314396699468453,0.014309654383500514,0.9498028754888005,0.011519551257273414,True,False,"SPY: close=770.19, ema50=757.75, above=true; QQQ: close=718.96, ema50=710.45, above=true",,,"short leg illiquid (vol=1, oi=285)",,,,False,"short leg illiquid (vol=1, oi=285)",2026-12-18,0.27945205479452057,0.045,,XLF261218C00071000,,,,,,False,,,0.0,2.22,0.08,0.08,mid=last (no valid bid/ask),False,0.5012256909179689,,0.12753964196344794,,,,,,,,,,,,,,,,,,,,,,,0.5,0.5,2.0,21,57.71568194143168,pullup,bear_continuation,9.0,valid_setup,high_near_ema8;high_near_ema21;recent_2_5_day_bounce;close_lower_half_range;relative_weakness_negative;atr_bounce_controlled,close_below_ema21;ema8_below_ema21;ema21_below_ema50;ema50_below_ema200;ema8_slope_negative;ema21_slope_negative;failed_ema8_reclaim;volume_above_20d_average,58.040000915527344,58.380001068115234,57.91999816894531,58.099998474121094,58.560001373291016,57.954109283752054,57.71568194143168,56.68093058356465,53.604253260533085,0.041682625819724706,0.03843165326893683,0.05792113839005708,0.6692859104701451,0.39130254505046147,-0.0025110016213515393,0.07595909347277052,QQQ,"SPY,QQQ",50.0,770.1900024414062,757.749642905043,True,718.9600219726562,710.4548482967451,True
XLI,debit,pullback,bull_continuation,6,watchlist,NO,SETUP_REJECT,watchlist setup; below option evaluation threshold,close_above_ema21;ema8_above_ema21;ema21_above_ema50;ema8_slope_positive;ema21_slope_positive;low_near_ema21;reclaimed_ema8;relative_strength_positive;volume_above_20d_average,175.27000427246094,,-1,,,,,,,,,,,,,,,,,0,0,0,0,0.003024711843899629,0.01901326319304191,0.7058697974906801,1.8693440430177257,-0.014088034022609941,-0.04788633932878039,0.9245327363500614,0.013742075865116879,True,False,"SPY: close=770.19, ema50=757.75, above=true; QQQ: close=718.96, ema50=710.45, above=true",,,watchlist setup; below option evaluation threshold,,,SETUP_REJECT,False,watchlist setup; below option evaluation threshold,,,0.045,,,,,,,,False,,,,,,,,False,,,,,,,,,,,,,,,,,,,,,,,,,,0.5,0.5,2.0,21,178.60245899353882,pullback,bull_continuation,6.0,watchlist,ema50_above_ema200;low_near_ema8;recent_2_5_day_pullback;close_upper_half_range;atr_pullback_controlled,close_above_ema21;ema8_above_ema21;ema21_above_ema50;ema8_slope_positive;ema21_slope_positive;low_near_ema21;reclaimed_ema8;relative_strength_positive;volume_above_20d_average,174.33999633789062,175.77999877929688,174.10000610351562,175.27000427246094,174.55999755859375,175.8001455302642,178.60245899353882,179.4654773329749,175.6273463125372,-0.15146893080094515,-0.3332454721077909,-0.17124379838833192,2.408573695591518,0.6964305177111717,-0.003024711843899629,-0.0033622686665406576,QQQ,"SPY,QQQ",50.0,770.1900024414062,757.749642905043,True,718.9600219726562,710.4548482967451,True
XLI,credit,pullup,bear_ema8_rejection,14,strong_setup,NO,LIQUIDITY_REJECT,"short leg illiquid (vol=1, oi=813)",ema50_below_ema200;high_near_ema21;failed_ema8_reclaim;close_lower_half_range;volume_above_20d_average,175.27000427246094,2026-12-18,102,,205.0,,,,,,,,,,,,,,,1,813,0,0,0.003024711843899629,0.01901326319304191,0.00836459810392717,1.1718388436309728,-0.014088034022609941,-0.04788633932878039,0.9245327363500614,0.013742075865116879,True,False,"SPY: close=770.19, ema50=757.75, above=true; QQQ: close=718.96, ema50=710.45, above=true",,,"short leg illiquid (vol=1, oi=813)",,,,False,"short leg illiquid (vol=1, oi=813)",2026-12-18,0.27945205479452057,0.045,,XLI261218C00205000,,,,,,False,,,0.0,4.8,0.46,0.46,mid=last (no valid bid/ask),False,0.38056039367675776,,0.1865751788428275,,,,,,,,,,,,,,,,,,,,,,,0.5,0.5,2.0,21,178.60245899353882,pullup,bear_ema8_rejection,14.0,strong_setup,close_below_ema21;ema8_below_ema21;ema21_below_ema50;ema8_slope_negative;ema21_slope_negative;high_near_ema8;recent_2_5_day_bounce;relative_weakness_negative;atr_bounce_controlled,ema50_below_ema200;high_near_ema21;failed_ema8_reclaim;close_lower_half_range;volume_above_20d_average,174.33999633789062,175.77999877929688,174.10000610351562,175.27000427246094,174.55999755859375,175.8001455302642,178.60245899353882,179.4654773329749,175.6273463125372,-0.15146893080094515,-0.3332454721077909,-0.17124379838833192,2.408573695591518,0.6964305177111717,0.003024711843899629,-0.0033622686665406576,QQQ,"SPY,QQQ",50.0,770.1900024414062,757.749642905043,True,718.9600219726562,710.4548482967451,True
XLK,debit,pullback,bull_ema8_pullback,16,strong_setup,NO,LIQUIDITY_REJECT,"short leg illiquid (vol=4, oi=1267)",recent_2_5_day_pullback;reclaimed_ema8;close_upper_half_range;volume_above_20d_average,187.27999877929688,2026-12-18,102,,205.0,,,,,,,,,,,,,0.39520958083832336,,4,1267,0,0,0.009980348946157434,0.014146565022166893,0.2995053708254258,0.5310823393825772,0.005031198689608107,0.001958287101870737,0.8527616843705749,0.017990632237597795,True,False,"SPY: close=770.19, ema50=757.75, above=true; QQQ: close=718.96, ema50=710.45, above=true",,,"short leg illiquid (vol=4, oi=1267)",,,,False,"short leg illiquid (vol=4, oi=1267)",2026-12-18,0.27945205479452057,0.045,,XLK261218C00205000,,,,,,False,,,3.35,5.0,4.01,4.175,"mid=avg(bid,ask)",True,0.28443098388671867,,0.31921115080545776,,,,,,,,,,,,,,,,,,,,,,,0.5,0.5,2.0,21,184.63063009921422,pullback,bull_ema8_pullback,16.0,strong_setup,close_above_ema21;ema8_above_ema21;ema21_above_ema50;ema50_above_ema200;ema8_slope_positive;ema21_slope_positive;low_near_ema8;low_near_ema21;relative_strength_positive;atr_pullback_controlled,recent_2_5_day_pullback;reclaimed_ema8;close_upper_half_range;volume_above_20d_average,187.19000244140625,188.1999969482422,186.4199981689453,187.27999877929688,185.97000122070312,185.41087904084355,184.63063009921422,182.47578731816827,165.56188784167801,0.5340342109866469,0.2649368680082489,0.1960902637195261,3.3692855834960938,0.4831467416462359,0.009980348946157434,0.023867092998122175,QQQ,"SPY,QQQ",50.0,770.1900024414062,757.749642905043,True,718.9600219726562,710.4548482967451,True
XLK,credit,pullup,bear_continuation,4,near_miss,NO,SETUP_REJECT,near_miss setup; below option evaluation threshold,close_below_ema21;ema8_below_ema21;ema21_below_ema50;ema50_below_ema200;ema8_slope_negative;ema21_slope_negative;high_near_ema21;recent_2_5_day_bounce;failed_ema8_reclaim;relative_weakness_negative;volume_above_20d_average,187.27999877929688,,-1,,,,,,,,,,,,,,,,,0,0,0,0,0.009980348946157434,0.014146565022166893,0.8278069158223575,1.059383884379509,0.005031198689608107,0.001958287101870737,0.8527616843705749,0.017990632237597795,True,False,"SPY: close=770.19, ema50=757.75, above=true; QQQ: close=718.96, ema50=710.45, above=true",,,near_miss setup; below option evaluation threshold,,,SETUP_REJECT,False,near_miss setup; below option evaluation threshold,,,0.045,,,,,,,,False,,,,,,,,False,,,,,,,,,,,,,,,,,,,,,,,,,,0.5,0.5,2.0,21,184.63063009921422,pullup,bear_continuation,4.0,near_miss,high_near_ema8;close_lower_half_range;atr_bounce_controlled,close_below_ema21;ema8_below_ema21;ema21_below_ema50;ema50_below_ema200;ema8_slope_negative;ema21_slope_negative;high_near_ema21;recent_2_5_day_bounce;failed_ema8_reclaim;relative_weakness_negative;volume_above_20d_average,187.19000244140625,188.1999969482422,186.4199981689453,187.27999877929688,185.97000122070312,185.41087904084355,184.63063009921422,182.47578731816827,165.56188784167801,0.5340342109866469,0.2649368680082489,0.1960902637195261,3.3692855834960938,0.4831467416462359,-0.009980348946157434,0.023867092998122175,QQQ,"SPY,QQQ",50.0,770.1900024414062,757.749642905043,True,718.9600219726562,710.4548482967451,True
XLP,debit,pullback,bull_ema21_pullback,9,valid_setup,NO,LIQUIDITY_REJECT,"short leg illiquid (vol=1, oi=3174)",close_above_ema21;ema8_above_ema21;ema8_slope_positive;ema21_slope_positive;recent_2_5_day_pullback;reclaimed_ema8;close_upper_half_range;relative_strength_positive,84.58000183105469,2026-12-18,102,,90.0,,,,,,,,,,,,,0.5170731707317074,,1,3174,0,0,0.008308189135386314,0.009940616506409346,0.7102391368958958,0.8422739055888584,-0.013712775518495368,-0.000714896915439911,1.1198270457052304,0.012363617456089361,True,False,"SPY: close=770.19, ema50=757.75, above=true; QQQ: close=718.96, ema50=710.45, above=true",,,"short leg illiquid (vol=1, oi=3174)",,,,False,"short leg illiquid (vol=1, oi=3174)",2026-12-18,0.27945205479452057,0.045,,XLP261218C00090000,,,,,,False,,,0.76,1.29,1.05,1.025,"mid=avg(bid,ask)",True,0.17957363403320312,,0.17192022134302384,,,,,,,,,,,,,,,,,,,,,,,0.5,0.5,2.0,21,85.4207791933686,pullback,bull_ema21_pullback,9.0,valid_setup,ema21_above_ema50;ema50_above_ema200;low_near_ema8;low_near_ema21;volume_above_20d_average;atr_pullback_controlled,close_above_ema21;ema8_above_ema21;ema8_slope_positive;ema21_slope_positive;recent_2_5_day_pullback;reclaimed_ema8;close_upper_half_range;relative_strength_positive,84.81999969482422,85.30000305175781,84.54000091552734,84.58000183105469,85.26000213623047,85.28270848333841,85.4207791933686,85.10205592211575,84.67491092323978,-0.20077332922390667,-0.08407773623139292,-0.021308330247393314,1.0457147870744978,0.05263263564724188,-0.008308189135386314,-0.04707287750127753,QQQ,"SPY,QQQ",50.0,770.1900024414062,757.749642905043,True,718.9600219726562,710.4548482967451,True
XLP,credit,pullup,bear_ema8_rejection,17,strong_setup,NO,LIQUIDITY_REJECT,"short leg illiquid (vol=3, oi=540)",ema21_below_ema50;ema50_below_ema200;recent_2_5_day_bounce,84.58000183105469,2026-12-18,102,,91.0,,,,,,,,,,,,,0.2887700534759358,,3,540,0,0,0.008308189135386314,0.009940616506409346,0.01653851378327103,0.11549625490969151,-0.013712775518495368,-0.000714896915439911,1.1198270457052304,0.012363617456089361,True,False,"SPY: close=770.19, ema50=757.75, above=true; QQQ: close=718.96, ema50=710.45, above=true",,,"short leg illiquid (vol=3, oi=540)",,,,False,"short leg illiquid (vol=3, oi=540)",2026-12-18,0.27945205479452057,0.045,,XLP261218C00091000,,,,,,False,,,0.8,1.07,0.81,0.935,"mid=avg(bid,ask)",True,0.17993984130859375,,0.17192022134302384,,,,,,,,,,,,,,,,,,,,,,,0.5,0.5,2.0,21,85.4207791933686,pullup,bear_ema8_rejection,17.0,strong_setup,close_below_ema21;ema8_below_ema21;ema8_slope_negative;ema21_slope_negative;high_near_ema8;high_near_ema21;failed_ema8_reclaim;close_lower_half_range;relative_weakness_negative;volume_above_20d_average;atr_bounce_controlled,ema21_below_ema50;ema50_below_ema200;recent_2_5_day_bounce,84.81999969482422,85.30000305175781,84.54000091552734,84.58000183105469,85.26000213623047,85.28270848333841,85.4207791933686,85.10205592211575,84.67491092323978,-0.20077332922390667,-0.08407773623139292,-0.021308330247393314,1.0457147870744978,0.05263263564724188,0.008308189135386314,-0.04707287750127753,QQQ,"SPY,QQQ",50.0,770.1900024414062,757.749642905043,True,718.9600219726562,710.4548482967451,True
XLU,debit,pullback,bull_continuation,9,valid_setup,NO,LIQUIDITY_REJECT,"short leg illiquid (vol=20, oi=12)",close_above_ema21;ema8_above_ema21;ema21_above_ema50;ema50_above_ema200;ema21_slope_positive;recent_2_5_day_pullback;reclaimed_ema8;volume_above_20d_average,43.08000183105469,2026-12-18,102,,54.0,,,,,,,,,,,,,,,20,12,0,0,0.0029646839762089918,0.006896184381736207,0.3207209507623117,0.9942530586753269,0.004659580516524375,-0.00652404911765414,0.9363775123613292,0.014640531968846692,True,False,"SPY: close=770.19, ema50=757.75, above=true; QQQ: close=718.96, ema50=710.45, above=true",,,"short leg illiquid (vol=20, oi=12)",,,,False,"short leg illiquid (vol=20, oi=12)",2026-12-18,0.27945205479452057,0.045,,XLU261218C00054000,,,,,,False,,,0.0,4.8,0.04,0.04,mid=last (no valid bid/ask),False,0.6315954809570312,,0.1462915652190708,,,,,,,,,,,,,,,,,,,,,,,0.5,0.5,2.0,21,43.377089466847174,pullback,bull_continuation,9.0,valid_setup,ema8_slope_positive;low_near_ema8;low_near_ema21;close_upper_half_range;relative_strength_positive;atr_pullback_controlled,close_above_ema21;ema8_above_ema21;ema21_above_ema50;ema50_above_ema200;ema21_slope_positive;recent_2_5_day_pullback;reclaimed_ema8;volume_above_20d_average,42.77000045776367,43.22999954223633,42.75,43.08000183105469,43.029998779296875,42.952283239931106,43.377089466847174,44.041870110562726,45.3566231756625,0.03649102603530707,-0.02970876357924368,-0.039259929775830926,0.6307141440255302,0.6875044703526214,0.0029646839762089918,-0.05733745310904759,QQQ,"SPY,QQQ",50.0,770.1900024414062,757.749642905043,True,718.9600219726562,710.4548482967451,True
XLU,credit,pullup,bear_ema8_rejection,15,strong_setup,NO,LIQUIDITY_REJECT,"short leg illiquid (vol=20, oi=2778)",ema8_slope_negative;recent_2_5_day_bounce;failed_ema8_reclaim;close_lower_half_range;volume_above_20d_average,43.08000183105469,2026-12-18,102,,57.5,,,,,,,,,,,,,,,20,2778,0,0,0.0029646839762089918,0.006896184381736207,0.44032039702280884,0.23321171089020634,0.004659580516524375,-0.00652404911765414,0.9363775123613292,0.014640531968846692,True,False,"SPY: close=770.19, ema50=757.75, above=true; QQQ: close=718.96, ema50=710.45, above=true",,,"short leg illiquid (vol=20, oi=2778)",,,,False,"short leg illiquid (vol=20, oi=2778)",2026-12-18,0.27945205479452057,0.045,,XLU261218C00057500,,,,,,False,,,0.0,4.8,0.04,0.04,mid=last (no valid bid/ask),False,0.7136259106445313,,0.1462915652190708,,,,,,,,,,,,,,,,,,,,,,,0.5,0.5,2.0,21,43.377089466847174,pullup,bear_ema8_rejection,15.0,strong_setup,close_below_ema21;ema8_below_ema21;ema21_below_ema50;ema50_below_ema200;ema21_slope_negative;high_near_ema8;high_near_ema21;relative_weakness_negative;atr_bounce_controlled,ema8_slope_negative;recent_2_5_day_bounce;failed_ema8_reclaim;close_lower_half_range;volume_above_20d_average,42.77000045776367,43.22999954223633,42.75,43.08000183105469,43.029998779296875,42.952283239931106,43.377089466847174,44.041870110562726,45.3566231756625,0.03649102603530707,-0.02970876357924368,-0.039259929775830926,0.6307141440255302,0.6875044703526214,-0.0029646839762089918,-0.05733745310904759,QQQ,"SPY,QQQ",50.0,770.1900024414062,757.749642905043,True,718.9600219726562,710.4548482967451,True
XLV,debit,pullback,bull_ema8_pullback,16,strong_setup,NO,LIQUIDITY_REJECT,short leg bid/ask too wide (188.3%>15.0%),ema8_slope_positive;reclaimed_ema8;close_upper_half_range;volume_above_20d_average,171.4499969482422,2026-12-18,102,,190.0,,,,,,,,,,,,,1.8834951456310678,,53,556,0,0,0.004012795230889435,0.005551489477511138,0.3285022514697254,0.2713705289678524,-0.0018371578288147727,0.040455296856895084,0.823901402718211,0.015943855131122796,True,False,"SPY: close=770.19, ema50=757.75, above=true; QQQ: close=718.96, ema50=710.45, above=true",,,short leg bid/ask too wide (188.3%>15.0%),,,,False,short leg bid/ask too wide (188.3%>15.0%),2026-12-18,0.27945205479452057,0.045,,XLV261218C00190000,,,,,,False,,,0.15,5.0,1.11,2.575,"mid=avg(bid,ask)",True,0.31592480957031244,,0.1861912093017589,,,,,,,,,,,,,,,,,,,,,,,0.5,0.5,2.0,21,170.4981940942647,pullback,bull_ema8_pullback,16.0,strong_setup,close_above_ema21;ema8_above_ema21;ema21_above_ema50;ema50_above_ema200;ema21_slope_positive;low_near_ema8;low_near_ema21;recent_2_5_day_pullback;relative_strength_positive;atr_pullback_controlled,ema8_slope_positive;reclaimed_ema8;close_upper_half_range;volume_above_20d_average,171.38999938964844,172.52999877929688,171.24000549316406,171.4499969482422,173.25999450683594,172.1379906783321,170.4981940942647,165.78594336153623,157.0506672538813,-0.1965696371685226,0.09518028539775969,0.23118586068187597,2.7335739135742188,0.16278492092594127,-0.004012795230889435,0.08525946077137792,QQQ,"SPY,QQQ",50.0,770.1900024414062,757.749642905043,True,718.9600219726562,710.4548482967451,True
XLV,credit,pullup,bear_continuation,10,valid_setup,NO,LIQUIDITY_REJECT,"short leg illiquid (vol=1, oi=2)",close_below_ema21;ema8_below_ema21;ema21_below_ema50;ema50_below_ema200;ema21_slope_negative;failed_ema8_reclaim;volume_above_20d_average,171.4499969482422,2026-12-18,102,,210.0,,,,,,,,,,,,,,,1,2,0,0,0.004012795230889435,0.005551489477511138,0.1434049758150539,0.7432777562526317,-0.0018371578288147727,0.040455296856895084,0.823901402718211,0.015943855131122796,True,False,"SPY: close=770.19, ema50=757.75, above=true; QQQ: close=718.96, ema50=710.45, above=true",,,"short leg illiquid (vol=1, oi=2)",,,,False,"short leg illiquid (vol=1, oi=2)",2026-12-18,0.27945205479452057,0.045,,XLV261218C00210000,,,,,,False,,,0.0,4.8,0.2,0.2,mid=last (no valid bid/ask),False,0.4434259759521484,,0.1861912093017589,,,,,,,,,,,,,,,,,,,,,,,0.5,0.5,2.0,21,170.4981940942647,pullup,bear_continuation,10.0,valid_setup,ema8_slope_negative;high_near_ema8;high_near_ema21;recent_2_5_day_bounce;close_lower_half_range;relative_weakness_negative;atr_bounce_controlled,close_below_ema21;ema8_below_ema21;ema21_below_ema50;ema50_below_ema200;ema21_slope_negative;failed_ema8_reclaim;volume_above_20d_average,171.38999938964844,172.52999877929688,171.24000549316406,171.4499969482422,173.25999450683594,172.1379906783321,170.4981940942647,165.78594336153623,157.0506672538813,-0.1965696371685226,0.09518028539775969,0.23118586068187597,2.7335739135742188,0.16278492092594127,0.004012795230889435,0.08525946077137792,QQQ,"SPY,QQQ",50.0,770.1900024414062,757.749642905043,True,718.9600219726562,710.4548482967451,True
XOM,debit,pullback,bull_ema21_pullback,14,strong_setup,NO,PRICING_REJECT,spread mid/width too high (35.5%>20.0%),close_above_ema21;ema8_slope_positive;ema21_slope_positive;reclaimed_ema8;close_upper_half_range,159.47000122070312,2026-12-18,102,160.0,175.0,15.0,5.324999999999998,5.999999999999999,0.6750000000000007,77.0522991392419,good,0.35499999999999987,,,,,,0.11235955056179775,0.0869565217391304,54,2588,48,3024,0.011318759282653612,0.0029248348710376637,0.6354078847714175,0.23325956742991114,0.014080674353348144,0.047644311723020416,1.1529126299998362,0.020872708027490725,True,False,"SPY: close=770.19, ema50=757.75, above=true; QQQ: close=718.96, ema50=710.45, above=true",,,spread mid/width too high (35.5%>20.0%),,,PRICING_REJECT,False,spread mid/width too high (35.5%>20.0%),2026-12-18,0.27945205479452057,0.045,XOM261218C00160000,XOM261218C00175000,9.35,10.2,10.07,9.774999999999999,"mid=avg(bid,ask)",True,0.3093635958862304,,4.2,4.7,4.3,4.45,"mid=avg(bid,ask)",True,0.3030465203857422,,0.2604300319330689,,,,,,,,,,,,,,,,,,,,,,,0.5,0.5,2.0,21,159.93642464115786,pullback,bull_ema21_pullback,14.0,strong_setup,ema8_above_ema21;ema21_above_ema50;ema50_above_ema200;low_near_ema8;low_near_ema21;recent_2_5_day_pullback;relative_strength_positive;volume_above_20d_average;atr_pullback_controlled,close_above_ema21;ema8_slope_positive;ema21_slope_positive;reclaimed_ema8;close_upper_half_range,161.02000427246094,161.47999572753906,159.16000366210938,159.47000122070312,162.2100067138672,161.27500377732474,159.93642464115786,155.94845786398528,152.2953534305236,-0.5157150161776087,-0.04664234204545892,0.1437364635395113,3.328570774623326,0.13362009431542393,-0.011318759282653612,0.022328775778949206,QQQ,"SPY,QQQ",50.0,770.1900024414062,757.749642905043,True,718.9600219726562,710.4548482967451,True
XOM,credit,pullup,bear_failed_reclaim,14,strong_setup,NO,RISK_REJECT,credit/width<20.0% (credit_width=17.1%),ema8_below_ema21;ema21_below_ema50;ema50_below_ema200;relative_weakness_negative,159.47000122070312,2026-12-18,102,185.0,180.0,5.0,0.8550000000000004,0.6400000000000001,0.2150000000000003,74.29591187969386,marginal,0.1710000000000001,0.9288092007507238,-0.07380920075072339,0.7887697967987369,0.20627261761158033,,0.06153846153846159,0.09603340292275575,410,4974,156,12954,0.011318759282653612,0.0029248348710376637,0.06158557654148689,0.4637338938829933,0.014080674353348144,0.047644311723020416,1.1529126299998362,0.020872708027490725,True,False,"SPY: close=770.19, ema50=757.75, above=true; QQQ: close=718.96, ema50=710.45, above=true",0.4275000000000002,1.7100000000000009,credit/width<20.0% (credit_width=17.1%),SELL credit call spread near mid on pullup day (trend down).,TP: buy back at 50% max profit (spread≈0.43); SL: buy back if spread≥1.71 OR close>EMA21 (≈159.94); Time-stop: exit by 21 days.,,False,credit/width<20.0% (credit_width=17.1%),2026-12-18,0.27945205479452057,0.045,XOM261218C00185000,XOM261218C00180000,2.28,2.51,2.45,2.3949999999999996,"mid=avg(bid,ask)",True,0.2966378930664062,0.2966378930664062,3.15,3.35,3.25,3.25,"mid=avg(bid,ask)",True,0.29529513305664057,0.29529513305664057,0.2604300319330689,0.2959665130615234,2.8503088345351593,3.779118035285883,-0.7883919565051043,-0.9452043130867662,0.21523373711605315,0.011691772066841176,24.647465667358208,-14.497907677374322,-0.6171692656903016,-0.773271796027992,0.2685615427420386,0.013246776131220415,27.799167377668695,-16.444775524108838,0.053327805625985436,0.0015550040643792385,3.151701710310487,-1.9468678467345164,180.855,0.8550000000000004,4.145,0.5,0.5,2.0,21,159.93642464115786,pullup,bear_failed_reclaim,14.0,strong_setup,close_below_ema21;ema8_slope_negative;ema21_slope_negative;high_near_ema8;high_near_ema21;recent_2_5_day_bounce;failed_ema8_reclaim;close_lower_half_range;volume_above_20d_average;atr_bounce_controlled,ema8_below_ema21;ema21_below_ema50;ema50_below_ema200;relative_weakness_negative,161.02000427246094,161.47999572753906,159.16000366210938,159.47000122070312,162.2100067138672,161.27500377732474,159.93642464115786,155.94845786398528,152.2953534305236,-0.5157150161776087,-0.04664234204545892,0.1437364635395113,3.328570774623326,0.13362009431542393,0.011318759282653612,0.022328775778949206,QQQ,"SPY,QQQ",50.0,770.1900024414062,757.749642905043,True,718.9600219726562,710.4548482967451,True
XOP,debit,pullback,bull_ema8_pullback,16,strong_setup,NO,LIQUIDITY_REJECT,"short leg illiquid (vol=4, oi=119)",low_near_ema21;reclaimed_ema8;volume_above_20d_average,190.7100067138672,2026-12-18,102,,215.0,,,,,,,,,,,,,0.2885572139303483,,4,119,0,0,0.005265099877193832,0.031208479902884383,0.37560356124156935,0.858446779905191,0.02212201956330273,0.15172293098421952,0.5627477179075486,0.021022951139563935,True,False,"SPY: close=770.19, ema50=757.75, above=true; QQQ: close=718.96, ema50=710.45, above=true",,,"short leg illiquid (vol=4, oi=119)",,,,False,"short leg illiquid (vol=4, oi=119)",2026-12-18,0.27945205479452057,0.045,,XOP261218C00215000,,,,,,False,,,4.3,5.75,4.24,5.025,"mid=avg(bid,ask)",True,0.3460148406982422,,0.2848165182936287,,,,,,,,,,,,,,,,,,,,,,,0.5,0.5,2.0,21,184.75823730205852,pullback,bull_ema8_pullback,16.0,strong_setup,close_above_ema21;ema8_above_ema21;ema21_above_ema50;ema50_above_ema200;ema8_slope_positive;ema21_slope_positive;low_near_ema8;recent_2_5_day_pullback;close_upper_half_range;relative_strength_positive;atr_pullback_controlled,low_near_ema21;reclaimed_ema8;volume_above_20d_average,191.0500030517578,191.61000061035156,188.1999969482422,190.7100067138672,192.3300018310547,189.70589948093837,184.75823730205852,177.60156035798013,169.7683154001298,0.2868877808368211,0.5951769411808527,0.5350386267708984,4.00928715297154,0.7360724545592855,0.005265099877193832,0.0988177446331302,QQQ,"SPY,QQQ",50.0,770.1900024414062,757.749642905043,True,718.9600219726562,710.4548482967451,True
XOP,credit,pullup,bear_breakdown_retest,4,near_miss,NO,SETUP_REJECT,near_miss setup; below option evaluation threshold,close_below_ema21;ema8_below_ema21;ema21_below_ema50;ema50_below_ema200;ema8_slope_negative;ema21_slope_negative;high_near_ema21;failed_ema8_reclaim;close_lower_half_range;relative_weakness_negative;volume_above_20d_average,190.7100067138672,,-1,,,,,,,,,,,,,,,,,0,0,0,0,0.005265099877193832,0.031208479902884383,0.47492261261504815,1.7089729537618086,0.02212201956330273,0.15172293098421952,0.5627477179075486,0.021022951139563935,True,False,"SPY: close=770.19, ema50=757.75, above=true; QQQ: close=718.96, ema50=710.45, above=true",,,near_miss setup; below option evaluation threshold,,,SETUP_REJECT,False,near_miss setup; below option evaluation threshold,,,0.045,,,,,,,,False,,,,,,,,False,,,,,,,,,,,,,,,,,,,,,,,,,,0.5,0.5,2.0,21,184.75823730205852,pullup,bear_breakdown_retest,4.0,near_miss,high_near_ema8;recent_2_5_day_bounce;atr_bounce_controlled,close_below_ema21;ema8_below_ema21;ema21_below_ema50;ema50_below_ema200;ema8_slope_negative;ema21_slope_negative;high_near_ema21;failed_ema8_reclaim;close_lower_half_range;relative_weakness_negative;volume_above_20d_average,191.0500030517578,191.61000061035156,188.1999969482422,190.7100067138672,192.3300018310547,189.70589948093837,184.75823730205852,177.60156035798013,169.7683154001298,0.2868877808368211,0.5951769411808527,0.5350386267708984,4.00928715297154,0.7360724545592855,-0.005265099877193832,0.0988177446331302,QQQ,"SPY,QQQ",50.0,770.1900024414062,757.749642905043,True,718.9600219726562,710.4548482967451,True
XRT,debit,pullback,bull_continuation,10,valid_setup,NO,LIQUIDITY_REJECT,"short leg illiquid (vol=1, oi=22)",close_above_ema21;ema8_above_ema21;ema21_above_ema50;ema21_slope_positive;low_near_ema21;recent_2_5_day_pullback;volume_above_20d_average,87.58999633789062,2026-12-18,102,,110.0,,,,,,,,,,,,,,,1,22,0,0,0.006742196673304423,0.0011341390486433183,0.50921501137368,0.9975076394771036,0.00452468822922758,-0.029935792040495568,0.8375433567001679,0.016130359683168265,True,False,"SPY: close=770.19, ema50=757.75, above=true; QQQ: close=718.96, ema50=710.45, above=true",,,"short leg illiquid (vol=1, oi=22)",,,,False,"short leg illiquid (vol=1, oi=22)",2026-12-18,0.27945205479452057,0.045,,XRT261218C00110000,,,,,,False,,,0.0,4.8,0.46,0.46,mid=last (no valid bid/ask),False,0.6292761682128907,,0.20941334149187416,,,,,,,,,,,,,,,,,,,,,,,0.5,0.5,2.0,21,87.68933557300795,pullback,bull_continuation,10.0,valid_setup,ema50_above_ema200;ema8_slope_positive;low_near_ema8;reclaimed_ema8;close_upper_half_range;relative_strength_positive;atr_pullback_controlled,close_above_ema21;ema8_above_ema21;ema21_above_ema50;ema21_slope_positive;low_near_ema21;recent_2_5_day_pullback;volume_above_20d_average,86.41999816894531,87.70999908447266,86.27999877929688,87.58999633789062,86.7300033569336,86.99944735596655,87.68933557300795,87.72131598913369,85.76208296789679,0.1687282805497432,-0.009933923511738385,-0.005359985765025499,1.412858145577567,0.9160820133060881,0.006742196673304423,-0.005836586666085886,QQQ,"SPY,QQQ",50.0,770.1900024414062,757.749642905043,True,718.9600219726562,710.4548482967451,True
XRT,credit,pullup,bear_ema8_rejection,14,strong_setup,NO,LIQUIDITY_REJECT,"short leg illiquid (vol=1, oi=22)",ema50_below_ema200;ema8_slope_negative;recent_2_5_day_bounce;failed_ema8_reclaim;close_lower_half_range;volume_above_20d_average,87.58999633789062,2026-12-18,102,,110.0,,,,,,,,,,,,,,,1,22,0,0,0.006742196673304423,0.0011341390486433183,0.5029179544529824,0.014625326349558708,0.00452468822922758,-0.029935792040495568,0.8375433567001679,0.016130359683168265,True,False,"SPY: close=770.19, ema50=757.75, above=true; QQQ: close=718.96, ema50=710.45, above=true",,,"short leg illiquid (vol=1, oi=22)",,,,False,"short leg illiquid (vol=1, oi=22)",2026-12-18,0.27945205479452057,0.045,,XRT261218C00110000,,,,,,False,,,0.0,4.8,0.46,0.46,mid=last (no valid bid/ask),False,0.6292761682128907,,0.20941334149187416,,,,,,,,,,,,,,,,,,,,,,,0.5,0.5,2.0,21,87.68933557300795,pullup,bear_ema8_rejection,14.0,strong_setup,close_below_ema21;ema8_below_ema21;ema21_below_ema50;ema21_slope_negative;high_near_ema8;high_near_ema21;relative_weakness_negative;atr_bounce_controlled,ema50_below_ema200;ema8_slope_negative;recent_2_5_day_bounce;failed_ema8_reclaim;close_lower_half_range;volume_above_20d_average,86.41999816894531,87.70999908447266,86.27999877929688,87.58999633789062,86.7300033569336,86.99944735596655,87.68933557300795,87.72131598913369,85.76208296789679,0.1687282805497432,-0.009933923511738385,-0.005359985765025499,1.412858145577567,0.9160820133060881,-0.006742196673304423,-0.005836586666085886,QQQ,"SPY,QQQ",50.0,770.1900024414062,757.749642905043,True,718.9600219726562,710.4548482967451,True
YASKY,debit,pullback,bull_continuation,4,near_miss,NO,SETUP_REJECT,near_miss setup; below option evaluation threshold,close_above_ema21;ema8_above_ema21;ema21_above_ema50;ema50_above_ema200;ema8_slope_positive;ema21_slope_positive;low_near_ema21;reclaimed_ema8;close_upper_half_range;relative_strength_positive;volume_above_20d_average,59.06999969482422,,-1,,,,,,,,,,,,,,,,,0,0,0,0,0.0035262534044177415,0.04855973923860627,0.23483510309805633,2.081412809710386,-0.01573879003031131,-0.11809146977772567,0.8208469055374593,0.024387538998727254,True,False,"SPY: close=770.19, ema50=757.75, above=true; QQQ: close=718.96, ema50=710.45, above=true",,,near_miss setup; below option evaluation threshold,,,SETUP_REJECT,False,near_miss setup; below option evaluation threshold,,,0.045,,,,,,,,False,,,,,,,,False,,,,,,,,,,,,,,,,,,,,,,,,,,0.5,0.5,2.0,21,61.938423476829435,pullback,bull_continuation,4.0,near_miss,low_near_ema8;recent_2_5_day_pullback;atr_pullback_controlled,close_above_ema21;ema8_above_ema21;ema21_above_ema50;ema50_above_ema200;ema8_slope_positive;ema21_slope_positive;low_near_ema21;reclaimed_ema8;close_upper_half_range;relative_strength_positive;volume_above_20d_average,59.224998474121094,59.400001525878906,58.939998626708984,59.06999969482422,58.11000061035156,59.27829548234705,61.938423476829435,66.49835654938614,67.10949446230924,-0.05951308214937967,-0.28684237820051806,-0.3031982389617127,1.4405719212123327,0.2826092364848615,-0.0035262534044177415,-0.2293509653065654,QQQ,"SPY,QQQ",50.0,770.1900024414062,757.749642905043,True,718.9600219726562,710.4548482967451,True
YASKY,credit,pullup,bear_ema8_rejection,18,strong_setup,NO,OPTION_CHAIN_REJECT,no options expirations found,high_near_ema21;volume_above_20d_average,59.06999969482422,,-1,,,,,,,,,,,,,,,,,0,0,0,0,0.0035262534044177415,0.04855973923860627,0.08448453127521414,1.7620931753371156,-0.01573879003031131,-0.11809146977772567,0.8208469055374593,0.024387538998727254,True,False,"SPY: close=770.19, ema50=757.75, above=true; QQQ: close=718.96, ema50=710.45, above=true",,,no options expirations found,,,OPTION_CHAIN_REJECT,False,no options expirations found,,,0.045,,,,,,,,False,,,,,,,,False,,,,,,,,,,,,,,,,,,,,,,,,,,0.5,0.5,2.0,21,61.938423476829435,pullup,bear_ema8_rejection,18.0,strong_setup,close_below_ema21;ema8_below_ema21;ema21_below_ema50;ema50_below_ema200;ema8_slope_negative;ema21_slope_negative;high_near_ema8;recent_2_5_day_bounce;failed_ema8_reclaim;close_lower_half_range;relative_weakness_negative;atr_bounce_controlled,high_near_ema21;volume_above_20d_average,59.224998474121094,59.400001525878906,58.939998626708984,59.06999969482422,58.11000061035156,59.27829548234705,61.938423476829435,66.49835654938614,67.10949446230924,-0.05951308214937967,-0.28684237820051806,-0.3031982389617127,1.4405719212123327,0.2826092364848615,0.0035262534044177415,-0.2293509653065654,QQQ,"SPY,QQQ",50.0,770.1900024414062,757.749642905043,True,718.9600219726562,710.4548482967451,True
ZBRA,debit,pullback,bull_ema21_pullback,15,strong_setup,NO,LIQUIDITY_REJECT,"short leg illiquid (vol=1, oi=23)",low_near_ema8;recent_2_5_day_pullback;reclaimed_ema8;volume_above_20d_average,362.739990234375,2026-12-18,102,,420.0,,,,,,,,,,,,,0.4333333333333333,,1,23,0,0,0.015655229258508156,0.030742116926745718,0.5197519296312745,0.031125425491019404,0.014114731776080358,-0.030892456706682947,0.6800277838955054,0.030876114047033016,True,False,"SPY: close=770.19, ema50=757.75, above=true; QQQ: close=718.96, ema50=710.45, above=true",,,"short leg illiquid (vol=1, oi=23)",,,,False,"short leg illiquid (vol=1, oi=23)",2026-12-18,0.27945205479452057,0.045,,ZBRA261218C00420000,,,,,,False,,,9.4,14.6,22.25,12.0,"mid=avg(bid,ask)",True,0.43897045410156255,,0.5963986170647223,,,,,,,,,,,,,,,,,,,,,,,0.5,0.5,2.0,21,351.58859504058324,pullback,bull_ema21_pullback,15.0,strong_setup,close_above_ema21;ema8_above_ema21;ema21_above_ema50;ema50_above_ema200;ema8_slope_positive;ema21_slope_positive;low_near_ema21;close_upper_half_range;relative_strength_positive;atr_pullback_controlled,low_near_ema8;recent_2_5_day_pullback;reclaimed_ema8;volume_above_20d_average,357.5199890136719,365.0,351.239990234375,362.739990234375,357.5,357.06121252602685,351.58859504058324,323.0346082530133,265.8159408129953,1.6225079166708838,1.11513951937917,1.6206278359739485,11.200001307896205,0.8357552208087152,0.015655229258508156,0.6368037631127601,QQQ,"SPY,QQQ",50.0,770.1900024414062,757.749642905043,True,718.9600219726562,710.4548482967451,True
ZBRA,credit,pullup,bear_continuation,3,reject,NO,SETUP_REJECT,setup_score_below_near_miss_threshold,close_below_ema21;ema8_below_ema21;ema21_below_ema50;ema50_below_ema200;ema8_slope_negative;ema21_slope_negative;high_near_ema8;high_near_ema21;recent_2_5_day_bounce;failed_ema8_reclaim;close_lower_half_range;volume_above_20d_average,362.739990234375,,-1,,,,,,,,,,,,,,,,,0,0,0,0,0.015655229258508156,0.030742116926745718,0.7088202274026665,1.1974467315429216,0.014114731776080358,-0.030892456706682947,0.6800277838955054,0.030876114047033016,True,False,"SPY: close=770.19, ema50=757.75, above=true; QQQ: close=718.96, ema50=710.45, above=true",,,setup_score_below_near_miss_threshold,,,SETUP_REJECT,False,setup_score_below_near_miss_threshold,,,0.045,,,,,,,,False,,,,,,,,False,,,,,,,,,,,,,,,,,,,,,,,,,,0.5,0.5,2.0,21,351.58859504058324,pullup,bear_continuation,3.0,reject,relative_weakness_negative;atr_bounce_controlled,close_below_ema21;ema8_below_ema21;ema21_below_ema50;ema50_below_ema200;ema8_slope_negative;ema21_slope_negative;high_near_ema8;high_near_ema21;recent_2_5_day_bounce;failed_ema8_reclaim;close_lower_half_range;volume_above_20d_average,357.5199890136719,365.0,351.239990234375,362.739990234375,357.5,357.06121252602685,351.58859504058324,323.0346082530133,265.8159408129953,1.6225079166708838,1.11513951937917,1.6206278359739485,11.200001307896205,0.8357552208087152,-0.015655229258508156,0.6368037631127601,QQQ,"SPY,QQQ",50.0,770.1900024414062,757.749642905043,True,718.9600219726562,710.4548482967451,True
ZS,debit,pullback,bull_continuation,9,valid_setup,NO,LIQUIDITY_REJECT,"short leg illiquid (vol=17, oi=198)",close_above_ema21;ema8_slope_positive;ema21_slope_positive;low_near_ema8;low_near_ema21;recent_2_5_day_pullback;reclaimed_ema8;close_upper_half_range,169.8000030517578,2026-12-18,102,,210.0,,,,,,,,,,,,,0.2623906705539358,,17,198,0,0,0.04059415184257323,0.028063244727821766,1.2289507048376551,1.0041659005966899,-0.08185740726711277,0.01226895171992537,2.6804777837491116,0.05574623763854852,True,False,"SPY: close=770.19, ema50=757.75, above=true; QQQ: close=718.96, ema50=710.45, above=true",,,"short leg illiquid (vol=17, oi=198)",,,,False,"short leg illiquid (vol=17, oi=198)",2026-12-18,0.27945205479452057,0.045,,ZS261218C00210000,,,,,,False,,,7.45,9.7,9.0,8.575,"mid=avg(bid,ask)",True,0.5854533642578125,,0.5164652780770332,,,,,,,,,,,,,,,,,,,,,,,0.5,0.5,2.0,21,174.56514209218417,pullback,bull_continuation,9.0,valid_setup,ema8_above_ema21;ema21_above_ema50;ema50_above_ema200;relative_strength_positive;volume_above_20d_average;atr_pullback_controlled,close_above_ema21;ema8_slope_positive;ema21_slope_positive;low_near_ema8;low_near_ema21;recent_2_5_day_pullback;reclaimed_ema8;close_upper_half_range,166.14999389648438,177.13999938964844,165.05999755859375,169.8000030517578,177.8000030517578,176.69289015851027,174.56514209218417,164.74059744258483,155.58542636248941,-1.9693963162149828,-0.4765139040426618,0.20650635139480755,9.465711321149554,0.39238450121577667,-0.04059415184257323,0.3249120794837146,QQQ,"SPY,QQQ",50.0,770.1900024414062,757.749642905043,True,718.9600219726562,710.4548482967451,True
ZS,credit,pullup,bear_failed_reclaim,15,strong_setup,NO,LIQUIDITY_REJECT,"short leg illiquid (vol=24, oi=300)",ema8_below_ema21;ema21_below_ema50;ema50_below_ema200;recent_2_5_day_bounce,169.8000030517578,2026-12-18,102,,220.0,,,,,,,,,,,,,0.32592592592592584,,24,300,0,0,0.04059415184257323,0.028063244727821766,0.0472346151249278,0.27201941936589313,-0.08185740726711277,0.01226895171992537,2.6804777837491116,0.05574623763854852,True,False,"SPY: close=770.19, ema50=757.75, above=true; QQQ: close=718.96, ema50=710.45, above=true",,,"short leg illiquid (vol=24, oi=300)",,,,False,"short leg illiquid (vol=24, oi=300)",2026-12-18,0.27945205479452057,0.045,,ZS261218C00220000,,,,,,False,,,5.65,7.85,6.5,6.75,"mid=avg(bid,ask)",True,0.5847819842529296,,0.5164652780770332,,,,,,,,,,,,,,,,,,,,,,,0.5,0.5,2.0,21,174.56514209218417,pullup,bear_failed_reclaim,15.0,strong_setup,close_below_ema21;ema8_slope_negative;ema21_slope_negative;high_near_ema8;high_near_ema21;failed_ema8_reclaim;close_lower_half_range;relative_weakness_negative;volume_above_20d_average;atr_bounce_controlled,ema8_below_ema21;ema21_below_ema50;ema50_below_ema200;recent_2_5_day_bounce,166.14999389648438,177.13999938964844,165.05999755859375,169.8000030517578,177.8000030517578,176.69289015851027,174.56514209218417,164.74059744258483,155.58542636248941,-1.9693963162149828,-0.4765139040426618,0.20650635139480755,9.465711321149554,0.39238450121577667,0.04059415184257323,0.3249120794837146,QQQ,"SPY,QQQ",50.0,770.1900024414062,757.749642905043,True,718.9600219726562,710.4548482967451,True
